Kvote;Lærested;Opptaksrunde;Studiekode;Studienavn;Studiested;Utdanningsområde og -type;År;Poenggrense
Førstegangsvitnemålskvote;HVL;Hovedopptak;203 162;Administrasjon og ledelse;Haugesund;ØKADM;2026;31.8
Ordinær kvote;HVL;Hovedopptak;203 162;Administrasjon og ledelse;Haugesund;ØKADM;2026;44.4
Førstegangsvitnemålskvote;HVL;Suppleringsopptak;203 162;Administrasjon og ledelse;Haugesund;ØKADM;2026;0
Ordinær kvote;HVL;Suppleringsopptak;203 162;Administrasjon og ledelse;Haugesund;ØKADM;2026;44
Førstegangsvitnemålskvote;OSLOMET;Hovedopptak;215 138;Administrasjon og ledelse i offentlig virksomhet;Oslo;ØKADM;2026;45
Ordinær kvote;OSLOMET;Hovedopptak;215 138;Administrasjon og ledelse i offentlig virksomhet;Oslo;ØKADM;2026;50.8
Førstegangsvitnemålskvote;OSLOMET;Suppleringsopptak;215 138;Administrasjon og ledelse i offentlig virksomhet;Oslo;ØKADM;2026;44.6
Ordinær kvote;OSLOMET;Suppleringsopptak;215 138;Administrasjon og ledelse i offentlig virksomhet;Oslo;ØKADM;2026;50
Førstegangsvitnemålskvote;INN;Hovedopptak;209 320;Agronomi;Hamar;LANDOGHAVBRUK;2026;0
Ordinær kvote;INN;Hovedopptak;209 320;Agronomi;Hamar;LANDOGHAVBRUK;2026;0
Førstegangsvitnemålskvote;INN;Suppleringsopptak;209 320;Agronomi;Hamar;LANDOGHAVBRUK;2026;0
Ordinær kvote;INN;Suppleringsopptak;209 320;Agronomi;Hamar;LANDOGHAVBRUK;2026;0
Førstegangsvitnemålskvote;UIA;Hovedopptak;201 489;Akademisk e-sport;Grimstad;INFOTEKN;2026;0
Ordinær kvote;UIA;Hovedopptak;201 489;Akademisk e-sport;Grimstad;INFOTEKN;2026;0
Førstegangsvitnemålskvote;UIA;Suppleringsopptak;201 489;Akademisk e-sport;Grimstad;INFOTEKN;2026;0
Ordinær kvote;UIA;Suppleringsopptak;201 489;Akademisk e-sport;Grimstad;INFOTEKN;2026;0
Førstegangsvitnemålskvote;NMBU;Hovedopptak;192 298;Akvakultur;Ås;REALFAG;2026;0
Ordinær kvote;NMBU;Hovedopptak;192 298;Akvakultur;Ås;REALFAG;2026;0
Førstegangsvitnemålskvote;NMBU;Suppleringsopptak;192 298;Akvakultur;Ås;REALFAG;2026;0
Ordinær kvote;NMBU;Suppleringsopptak;192 298;Akvakultur;Ås;REALFAG;2026;0
Førstegangsvitnemålskvote;UIT;Hovedopptak;186 709;Akvamedisin;Tromsø;REALFAG;2026;0
Ordinær kvote;UIT;Hovedopptak;186 709;Akvamedisin;Tromsø;REALFAG;2026;0
Førstegangsvitnemålskvote;UIT;Suppleringsopptak;186 709;Akvamedisin;Tromsø;REALFAG;2026;0
Ordinær kvote;UIT;Suppleringsopptak;186 709;Akvamedisin;Tromsø;REALFAG;2026;0
Førstegangsvitnemålskvote;UIT;Hovedopptak;186 615;Allmenn litteraturvitenskap;Tromsø;SPRÅK;2026;0
Ordinær kvote;UIT;Hovedopptak;186 615;Allmenn litteraturvitenskap;Tromsø;SPRÅK;2026;57.4
Førstegangsvitnemålskvote;UIT;Suppleringsopptak;186 615;Allmenn litteraturvitenskap;Tromsø;SPRÅK;2026;0
Ordinær kvote;UIT;Suppleringsopptak;186 615;Allmenn litteraturvitenskap;Tromsø;SPRÅK;2026;57.4
Førstegangsvitnemålskvote;UIO;Hovedopptak;185 615;Allmenn litteraturvitenskap, årsstudium;Oslo;SPRÅK;2026;0
Ordinær kvote;UIO;Hovedopptak;185 615;Allmenn litteraturvitenskap, årsstudium;Oslo;SPRÅK;2026;51.4
Førstegangsvitnemålskvote;UIO;Suppleringsopptak;185 615;Allmenn litteraturvitenskap, årsstudium;Oslo;SPRÅK;2026;0
Ordinær kvote;UIO;Suppleringsopptak;185 615;Allmenn litteraturvitenskap, årsstudium;Oslo;SPRÅK;2026;51.4
Førstegangsvitnemålskvote;NTNU;Hovedopptak;194 615;Allmenn litteraturvitenskap, årsstudium;Trondheim;SPRÅK;2026;0
Ordinær kvote;NTNU;Hovedopptak;194 615;Allmenn litteraturvitenskap, årsstudium;Trondheim;SPRÅK;2026;0
Førstegangsvitnemålskvote;NTNU;Suppleringsopptak;194 615;Allmenn litteraturvitenskap, årsstudium;Trondheim;SPRÅK;2026;0
Ordinær kvote;NTNU;Suppleringsopptak;194 615;Allmenn litteraturvitenskap, årsstudium;Trondheim;SPRÅK;2026;0
Førstegangsvitnemålskvote;UIO;Hovedopptak;185 922;Allmenn litteraturvitenskap, bachelor;Oslo;SPRÅK;2026;0
Ordinær kvote;UIO;Hovedopptak;185 922;Allmenn litteraturvitenskap, bachelor;Oslo;SPRÅK;2026;0
Førstegangsvitnemålskvote;UIO;Suppleringsopptak;185 922;Allmenn litteraturvitenskap, bachelor;Oslo;SPRÅK;2026;0
Ordinær kvote;UIO;Suppleringsopptak;185 922;Allmenn litteraturvitenskap, bachelor;Oslo;SPRÅK;2026;0
Førstegangsvitnemålskvote;NTNU;Hovedopptak;194 456;Allmenn litteraturvitenskap, bachelor;Trondheim;SPRÅK;2026;0
Ordinær kvote;NTNU;Hovedopptak;194 456;Allmenn litteraturvitenskap, bachelor;Trondheim;SPRÅK;2026;0
Førstegangsvitnemålskvote;NTNU;Suppleringsopptak;194 456;Allmenn litteraturvitenskap, bachelor;Trondheim;SPRÅK;2026;0
Ordinær kvote;NTNU;Suppleringsopptak;194 456;Allmenn litteraturvitenskap, bachelor;Trondheim;SPRÅK;2026;0
Førstegangsvitnemålskvote;NORD;Hovedopptak;204 427;Animal Science;Bodø;HELSEFAG - VETERIN;2026;0
Ordinær kvote;NORD;Hovedopptak;204 427;Animal Science;Bodø;HELSEFAG - VETERIN;2026;0
Førstegangsvitnemålskvote;NORD;Suppleringsopptak;204 427;Animal Science;Bodø;HELSEFAG - VETERIN;2026;0
Ordinær kvote;NORD;Suppleringsopptak;204 427;Animal Science;Bodø;HELSEFAG - VETERIN;2026;0
Førstegangsvitnemålskvote;HVO;Hovedopptak;223 451;Animasjon;Volda;ESTETISK;2026;0
Ordinær kvote;HVO;Hovedopptak;223 451;Animasjon;Volda;ESTETISK;2026;0
Førstegangsvitnemålskvote;HVO;Suppleringsopptak;223 451;Animasjon;Volda;ESTETISK;2026;0
Ordinær kvote;HVO;Suppleringsopptak;223 451;Animasjon;Volda;ESTETISK;2026;0
Førstegangsvitnemålskvote;UIA;Hovedopptak;201 160;Ansvarlig digitalisering;Kristiansand;INFOTEKN;2026;0
Ordinær kvote;UIA;Hovedopptak;201 160;Ansvarlig digitalisering;Kristiansand;INFOTEKN;2026;55.6
Førstegangsvitnemålskvote;UIA;Suppleringsopptak;201 160;Ansvarlig digitalisering;Kristiansand;INFOTEKN;2026;0
Ordinær kvote;UIA;Suppleringsopptak;201 160;Ansvarlig digitalisering;Kristiansand;INFOTEKN;2026;55.6
Førstegangsvitnemålskvote;UIO;Hovedopptak;185 609;Antikkens kultur;Oslo;HISTORIE;2026;0
Ordinær kvote;UIO;Hovedopptak;185 609;Antikkens kultur;Oslo;HISTORIE;2026;56.3
Førstegangsvitnemålskvote;UIO;Suppleringsopptak;185 609;Antikkens kultur;Oslo;HISTORIE;2026;0
Ordinær kvote;UIO;Suppleringsopptak;185 609;Antikkens kultur;Oslo;HISTORIE;2026;56.3
Førstegangsvitnemålskvote;NTNU;Hovedopptak;194 459;Antikkens kultur og klassiske fag;Trondheim;HISTORIE;2026;0
Ordinær kvote;NTNU;Hovedopptak;194 459;Antikkens kultur og klassiske fag;Trondheim;HISTORIE;2026;0
Førstegangsvitnemålskvote;NTNU;Suppleringsopptak;194 459;Antikkens kultur og klassiske fag;Trondheim;HISTORIE;2026;0
Ordinær kvote;NTNU;Suppleringsopptak;194 459;Antikkens kultur og klassiske fag;Trondheim;HISTORIE;2026;0
Førstegangsvitnemålskvote;OSLOMET;Hovedopptak;215 449;Anvendt datateknologi;Oslo;TEKNO - ANNET;2026;38.8
Ordinær kvote;OSLOMET;Hovedopptak;215 449;Anvendt datateknologi;Oslo;TEKNO - ANNET;2026;50.1
Førstegangsvitnemålskvote;OSLOMET;Suppleringsopptak;215 449;Anvendt datateknologi;Oslo;TEKNO - ANNET;2026;38.8
Ordinær kvote;OSLOMET;Suppleringsopptak;215 449;Anvendt datateknologi;Oslo;TEKNO - ANNET;2026;50.1
Førstegangsvitnemålskvote;UIA;Hovedopptak;201 479;Anvendt filosofi;Kristiansand;HISTORIE;2026;0
Ordinær kvote;UIA;Hovedopptak;201 479;Anvendt filosofi;Kristiansand;HISTORIE;2026;0
Førstegangsvitnemålskvote;UIA;Suppleringsopptak;201 479;Anvendt filosofi;Kristiansand;HISTORIE;2026;0
Ordinær kvote;UIA;Suppleringsopptak;201 479;Anvendt filosofi;Kristiansand;HISTORIE;2026;0
Førstegangsvitnemålskvote;UIT;Hovedopptak;186 953;Anvendt fysikk og matematikk;Tromsø;TEKNO - SIVING;2026;0
Ordinær kvote;UIT;Hovedopptak;186 953;Anvendt fysikk og matematikk;Tromsø;TEKNO - SIVING;2026;0
Førstegangsvitnemålskvote;UIT;Suppleringsopptak;186 953;Anvendt fysikk og matematikk;Tromsø;TEKNO - SIVING;2026;0
Ordinær kvote;UIT;Suppleringsopptak;186 953;Anvendt fysikk og matematikk;Tromsø;TEKNO - SIVING;2026;0
Førstegangsvitnemålskvote;UIB;Hovedopptak;184 555;Anvendt matematikk;Bergen;REALFAG;2026;0
Ordinær kvote;UIB;Hovedopptak;184 555;Anvendt matematikk;Bergen;REALFAG;2026;0
Førstegangsvitnemålskvote;UIB;Suppleringsopptak;184 555;Anvendt matematikk;Bergen;REALFAG;2026;-1
Ordinær kvote;UIB;Suppleringsopptak;184 555;Anvendt matematikk;Bergen;REALFAG;2026;-1
Førstegangsvitnemålskvote;VID;Hovedopptak;251 876;Anvendt psykologi, Oslo;Oslo;SAMFUNN;2026;46.9
Ordinær kvote;VID;Hovedopptak;251 876;Anvendt psykologi, Oslo;Oslo;SAMFUNN;2026;48.4
Førstegangsvitnemålskvote;VID;Suppleringsopptak;251 876;Anvendt psykologi, Oslo;Oslo;SAMFUNN;2026;32.3
Ordinær kvote;VID;Suppleringsopptak;251 876;Anvendt psykologi, Oslo;Oslo;SAMFUNN;2026;39.9
Førstegangsvitnemålskvote;VID;Hovedopptak;251 752;Anvendt psykologi, Oslo, Diakonhjemmet;Oslo;SAMFUNN;2026;40
Ordinær kvote;VID;Hovedopptak;251 752;Anvendt psykologi, Oslo, Diakonhjemmet;Oslo;SAMFUNN;2026;54.7
Førstegangsvitnemålskvote;VID;Suppleringsopptak;251 752;Anvendt psykologi, Oslo, Diakonhjemmet;Oslo;SAMFUNN;2026;0
Ordinær kvote;VID;Suppleringsopptak;251 752;Anvendt psykologi, Oslo, Diakonhjemmet;Oslo;SAMFUNN;2026;38.1
Førstegangsvitnemålskvote;NMBU;Hovedopptak;192 810;Anvendt robotikk;Ås;TEKNO - SIVING;2026;43.8
Ordinær kvote;NMBU;Hovedopptak;192 810;Anvendt robotikk;Ås;TEKNO - SIVING;2026;42.6
Førstegangsvitnemålskvote;NMBU;Suppleringsopptak;192 810;Anvendt robotikk;Ås;TEKNO - SIVING;2026;42.6
Ordinær kvote;NMBU;Suppleringsopptak;192 810;Anvendt robotikk;Ås;TEKNO - SIVING;2026;42.6
Førstegangsvitnemålskvote;UIB;Hovedopptak;184 923;Arabisk språk med Midtøstens historie;Bergen;SPRÅK;2026;0
Ordinær kvote;UIB;Hovedopptak;184 923;Arabisk språk med Midtøstens historie;Bergen;SPRÅK;2026;0
Førstegangsvitnemålskvote;UIB;Suppleringsopptak;184 923;Arabisk språk med Midtøstens historie;Bergen;SPRÅK;2026;0
Ordinær kvote;UIB;Suppleringsopptak;184 923;Arabisk språk med Midtøstens historie;Bergen;SPRÅK;2026;0
Førstegangsvitnemålskvote;UIB;Hovedopptak;184 903;Arbeids- og organisasjonspsykologi;Bergen;SAMFUNN;2026;51.7
Ordinær kvote;UIB;Hovedopptak;184 903;Arbeids- og organisasjonspsykologi;Bergen;SAMFUNN;2026;56.2
Førstegangsvitnemålskvote;UIB;Suppleringsopptak;184 903;Arbeids- og organisasjonspsykologi;Bergen;SAMFUNN;2026;51.7
Ordinær kvote;UIB;Suppleringsopptak;184 903;Arbeids- og organisasjonspsykologi;Bergen;SAMFUNN;2026;56.2
Førstegangsvitnemålskvote;HIØ;Hovedopptak;224 900;Arbeids- og velferdsfag;Fredrikstad;HELSEFAG - ANNET;2026;0
Ordinær kvote;HIØ;Hovedopptak;224 900;Arbeids- og velferdsfag;Fredrikstad;HELSEFAG - ANNET;2026;39.7
Førstegangsvitnemålskvote;HIØ;Suppleringsopptak;224 900;Arbeids- og velferdsfag;Fredrikstad;HELSEFAG - ANNET;2026;0
Ordinær kvote;HIØ;Suppleringsopptak;224 900;Arbeids- og velferdsfag;Fredrikstad;HELSEFAG - ANNET;2026;39.7
Førstegangsvitnemålskvote;UIB;Hovedopptak;184 478;Arkeologi;Bergen;HISTORIE;2026;0
Ordinær kvote;UIB;Hovedopptak;184 478;Arkeologi;Bergen;HISTORIE;2026;0
Førstegangsvitnemålskvote;UIB;Suppleringsopptak;184 478;Arkeologi;Bergen;HISTORIE;2026;0
Ordinær kvote;UIB;Suppleringsopptak;184 478;Arkeologi;Bergen;HISTORIE;2026;0
Førstegangsvitnemålskvote;UIO;Hovedopptak;185 478;Arkeologi;Oslo;HISTORIE;2026;32.4
Ordinær kvote;UIO;Hovedopptak;185 478;Arkeologi;Oslo;HISTORIE;2026;48
Førstegangsvitnemålskvote;UIO;Suppleringsopptak;185 478;Arkeologi;Oslo;HISTORIE;2026;32.4
Ordinær kvote;UIO;Suppleringsopptak;185 478;Arkeologi;Oslo;HISTORIE;2026;48
Førstegangsvitnemålskvote;UIT;Hovedopptak;186 478;Arkeologi;Tromsø;HISTORIE;2026;0
Ordinær kvote;UIT;Hovedopptak;186 478;Arkeologi;Tromsø;HISTORIE;2026;0
Førstegangsvitnemålskvote;UIT;Suppleringsopptak;186 478;Arkeologi;Tromsø;HISTORIE;2026;0
Ordinær kvote;UIT;Suppleringsopptak;186 478;Arkeologi;Tromsø;HISTORIE;2026;0
Førstegangsvitnemålskvote;NTNU;Hovedopptak;194 478;Arkeologi;Trondheim;HISTORIE;2026;0
Ordinær kvote;NTNU;Hovedopptak;194 478;Arkeologi;Trondheim;HISTORIE;2026;0
Førstegangsvitnemålskvote;NTNU;Suppleringsopptak;194 478;Arkeologi;Trondheim;HISTORIE;2026;0
Ordinær kvote;NTNU;Suppleringsopptak;194 478;Arkeologi;Trondheim;HISTORIE;2026;0
Førstegangsvitnemålskvote;UIT;Hovedopptak;186 166;Arkeologi ;Tromsø;HISTORIE;2026;0
Ordinær kvote;UIT;Hovedopptak;186 166;Arkeologi ;Tromsø;HISTORIE;2026;0
Førstegangsvitnemålskvote;UIT;Suppleringsopptak;186 166;Arkeologi ;Tromsø;HISTORIE;2026;0
Ordinær kvote;UIT;Suppleringsopptak;186 166;Arkeologi ;Tromsø;HISTORIE;2026;0
Førstegangsvitnemålskvote;AHO;Hovedopptak;189 030;Arkitektur;Oslo;TEKNO - ARKITEKT;2026;131.9
Ordinær kvote;AHO;Hovedopptak;189 030;Arkitektur;Oslo;TEKNO - ARKITEKT;2026;142.97
Førstegangsvitnemålskvote;AHO;Suppleringsopptak;189 030;Arkitektur;Oslo;TEKNO - ARKITEKT;2026;131.9
Ordinær kvote;AHO;Suppleringsopptak;189 030;Arkitektur;Oslo;TEKNO - ARKITEKT;2026;142.97
Førstegangsvitnemålskvote;NTNU;Hovedopptak;194 756;Arkitektur;Trondheim;TEKNO - ARKITEKT;2026;49
Ordinær kvote;NTNU;Hovedopptak;194 756;Arkitektur;Trondheim;TEKNO - ARKITEKT;2026;54
Førstegangsvitnemålskvote;NTNU;Suppleringsopptak;194 756;Arkitektur;Trondheim;TEKNO - ARKITEKT;2026;49
Ordinær kvote;NTNU;Suppleringsopptak;194 756;Arkitektur;Trondheim;TEKNO - ARKITEKT;2026;54
Førstegangsvitnemålskvote;NTNU;Hovedopptak;194 085;Arkiv, museum og dokumentasjonsforvaltning;Trondheim;SAMFUNN;2026;0
Ordinær kvote;NTNU;Hovedopptak;194 085;Arkiv, museum og dokumentasjonsforvaltning;Trondheim;SAMFUNN;2026;0
Førstegangsvitnemålskvote;NTNU;Suppleringsopptak;194 085;Arkiv, museum og dokumentasjonsforvaltning;Trondheim;SAMFUNN;2026;0
Ordinær kvote;NTNU;Suppleringsopptak;194 085;Arkiv, museum og dokumentasjonsforvaltning;Trondheim;SAMFUNN;2026;0
Førstegangsvitnemålskvote;OSLOMET;Hovedopptak;215 085;Arkivvitenskap;Oslo;MEDIEFAG;2026;0
Ordinær kvote;OSLOMET;Hovedopptak;215 085;Arkivvitenskap;Oslo;MEDIEFAG;2026;48.5
Førstegangsvitnemålskvote;OSLOMET;Suppleringsopptak;215 085;Arkivvitenskap;Oslo;MEDIEFAG;2026;0
Ordinær kvote;OSLOMET;Suppleringsopptak;215 085;Arkivvitenskap;Oslo;MEDIEFAG;2026;47.5
Førstegangsvitnemålskvote;UIT;Hovedopptak;186 605;Arktisk friluftsliv;Alta;IDRETT;2026;0
Ordinær kvote;UIT;Hovedopptak;186 605;Arktisk friluftsliv;Alta;IDRETT;2026;53.5
Førstegangsvitnemålskvote;UIT;Suppleringsopptak;186 605;Arktisk friluftsliv;Alta;IDRETT;2026;0
Ordinær kvote;UIT;Suppleringsopptak;186 605;Arktisk friluftsliv;Alta;IDRETT;2026;0
Førstegangsvitnemålskvote;UIT;Hovedopptak;186 302;Arktisk friluftsliv og naturguiding;Alta;IDRETT;2026;0
Ordinær kvote;UIT;Hovedopptak;186 302;Arktisk friluftsliv og naturguiding;Alta;IDRETT;2026;0
Førstegangsvitnemålskvote;UIT;Suppleringsopptak;186 302;Arktisk friluftsliv og naturguiding;Alta;IDRETT;2026;0
Ordinær kvote;UIT;Suppleringsopptak;186 302;Arktisk friluftsliv og naturguiding;Alta;IDRETT;2026;0
Førstegangsvitnemålskvote;NTNU;Hovedopptak;194 704;Audiologi;Trondheim;HELSEFAG - AUDIO;2026;41.4
Ordinær kvote;NTNU;Hovedopptak;194 704;Audiologi;Trondheim;HELSEFAG - AUDIO;2026;45.5
Førstegangsvitnemålskvote;NTNU;Suppleringsopptak;194 704;Audiologi;Trondheim;HELSEFAG - AUDIO;2026;39.6
Ordinær kvote;NTNU;Suppleringsopptak;194 704;Audiologi;Trondheim;HELSEFAG - AUDIO;2026;44
Førstegangsvitnemålskvote;NLA;Hovedopptak;254 393;Bærekraftig entreprenørskap og innovasjon;Oslo;ØKADM;2026;0
Ordinær kvote;NLA;Hovedopptak;254 393;Bærekraftig entreprenørskap og innovasjon;Oslo;ØKADM;2026;0
Førstegangsvitnemålskvote;NLA;Suppleringsopptak;254 393;Bærekraftig entreprenørskap og innovasjon;Oslo;ØKADM;2026;0
Ordinær kvote;NLA;Suppleringsopptak;254 393;Bærekraftig entreprenørskap og innovasjon;Oslo;ØKADM;2026;0
Førstegangsvitnemålskvote;UIT;Hovedopptak;186 764;Bærekraftig kjemi og innovasjon;Tromsø;TEKNO - SIVING;2026;0
Ordinær kvote;UIT;Hovedopptak;186 764;Bærekraftig kjemi og innovasjon;Tromsø;TEKNO - SIVING;2026;0
Førstegangsvitnemålskvote;UIT;Suppleringsopptak;186 764;Bærekraftig kjemi og innovasjon;Tromsø;TEKNO - SIVING;2026;0
Ordinær kvote;UIT;Suppleringsopptak;186 764;Bærekraftig kjemi og innovasjon;Tromsø;TEKNO - SIVING;2026;0
Førstegangsvitnemålskvote;HIM;Hovedopptak;211 389;Bærekraftig logistikk og sirkulær økonomi;Kristiansund;ØKADM;2026;0
Ordinær kvote;HIM;Hovedopptak;211 389;Bærekraftig logistikk og sirkulær økonomi;Kristiansund;ØKADM;2026;0
Førstegangsvitnemålskvote;HIM;Suppleringsopptak;211 389;Bærekraftig logistikk og sirkulær økonomi;Kristiansund;ØKADM;2026;0
Ordinær kvote;HIM;Suppleringsopptak;211 389;Bærekraftig logistikk og sirkulær økonomi;Kristiansund;ØKADM;2026;0
Førstegangsvitnemålskvote;NMBU;Hovedopptak;192 253;Bærekraftig økonomi og ledelse, deltid;Ås;ØKADM;2026;0
Ordinær kvote;NMBU;Hovedopptak;192 253;Bærekraftig økonomi og ledelse, deltid;Ås;ØKADM;2026;0
Førstegangsvitnemålskvote;NMBU;Suppleringsopptak;192 253;Bærekraftig økonomi og ledelse, deltid;Ås;ØKADM;2026;0
Ordinær kvote;NMBU;Suppleringsopptak;192 253;Bærekraftig økonomi og ledelse, deltid;Ås;ØKADM;2026;0
Førstegangsvitnemålskvote;UIT;Hovedopptak;186 527;Bærekraftig reiseliv: Ledelse og besøksforvaltning;Alta;REISELIV;2026;0
Ordinær kvote;UIT;Hovedopptak;186 527;Bærekraftig reiseliv: Ledelse og besøksforvaltning;Alta;REISELIV;2026;0
Førstegangsvitnemålskvote;UIT;Suppleringsopptak;186 527;Bærekraftig reiseliv: Ledelse og besøksforvaltning;Alta;REISELIV;2026;0
Ordinær kvote;UIT;Suppleringsopptak;186 527;Bærekraftig reiseliv: Ledelse og besøksforvaltning;Alta;REISELIV;2026;0
Førstegangsvitnemålskvote;HIØ;Hovedopptak;224 130;Barnehagelærer;Halden;LÆRER - BHGLÆRER;2026;0
Ordinær kvote;HIØ;Hovedopptak;224 130;Barnehagelærer;Halden;LÆRER - BHGLÆRER;2026;0
Førstegangsvitnemålskvote;HIØ;Suppleringsopptak;224 130;Barnehagelærer;Halden;LÆRER - BHGLÆRER;2026;0
Ordinær kvote;HIØ;Suppleringsopptak;224 130;Barnehagelærer;Halden;LÆRER - BHGLÆRER;2026;0
Førstegangsvitnemålskvote;INN;Hovedopptak;209 130;Barnehagelærer;Hamar;LÆRER - BHGLÆRER;2026;0
Ordinær kvote;INN;Hovedopptak;209 130;Barnehagelærer;Hamar;LÆRER - BHGLÆRER;2026;0
Førstegangsvitnemålskvote;INN;Suppleringsopptak;209 130;Barnehagelærer;Hamar;LÆRER - BHGLÆRER;2026;0
Ordinær kvote;INN;Suppleringsopptak;209 130;Barnehagelærer;Hamar;LÆRER - BHGLÆRER;2026;0
Førstegangsvitnemålskvote;UIA;Hovedopptak;201 130;Barnehagelærer;Kristiansand;LÆRER - BHGLÆRER;2026;0
Ordinær kvote;UIA;Hovedopptak;201 130;Barnehagelærer;Kristiansand;LÆRER - BHGLÆRER;2026;0
Førstegangsvitnemålskvote;UIA;Suppleringsopptak;201 130;Barnehagelærer;Kristiansand;LÆRER - BHGLÆRER;2026;0
Ordinær kvote;UIA;Suppleringsopptak;201 130;Barnehagelærer;Kristiansand;LÆRER - BHGLÆRER;2026;0
Førstegangsvitnemålskvote;OSLOMET;Hovedopptak;215 130;Barnehagelærer;Oslo;LÆRER - BHGLÆRER;2026;0
Ordinær kvote;OSLOMET;Hovedopptak;215 130;Barnehagelærer;Oslo;LÆRER - BHGLÆRER;2026;0
Førstegangsvitnemålskvote;OSLOMET;Suppleringsopptak;215 130;Barnehagelærer;Oslo;LÆRER - BHGLÆRER;2026;0
Ordinær kvote;OSLOMET;Suppleringsopptak;215 130;Barnehagelærer;Oslo;LÆRER - BHGLÆRER;2026;0
Førstegangsvitnemålskvote;UIS;Hovedopptak;217 130;Barnehagelærer;Stavanger;LÆRER - BHGLÆRER;2026;0
Ordinær kvote;UIS;Hovedopptak;217 130;Barnehagelærer;Stavanger;LÆRER - BHGLÆRER;2026;0
Førstegangsvitnemålskvote;UIS;Suppleringsopptak;217 130;Barnehagelærer;Stavanger;LÆRER - BHGLÆRER;2026;0
Ordinær kvote;UIS;Suppleringsopptak;217 130;Barnehagelærer;Stavanger;LÆRER - BHGLÆRER;2026;0
Førstegangsvitnemålskvote;DMMH;Hovedopptak;253 130;Barnehagelærer;Trondheim;LÆRER - BHGLÆRER;2026;0
Ordinær kvote;DMMH;Hovedopptak;253 130;Barnehagelærer;Trondheim;LÆRER - BHGLÆRER;2026;0
Førstegangsvitnemålskvote;DMMH;Suppleringsopptak;253 130;Barnehagelærer;Trondheim;LÆRER - BHGLÆRER;2026;0
Ordinær kvote;DMMH;Suppleringsopptak;253 130;Barnehagelærer;Trondheim;LÆRER - BHGLÆRER;2026;0
Førstegangsvitnemålskvote;HVO;Hovedopptak;223 130;Barnehagelærer;Volda;LÆRER - BHGLÆRER;2026;0
Ordinær kvote;HVO;Hovedopptak;223 130;Barnehagelærer;Volda;LÆRER - BHGLÆRER;2026;0
Førstegangsvitnemålskvote;HVO;Suppleringsopptak;223 130;Barnehagelærer;Volda;LÆRER - BHGLÆRER;2026;0
Ordinær kvote;HVO;Suppleringsopptak;223 130;Barnehagelærer;Volda;LÆRER - BHGLÆRER;2026;0
Førstegangsvitnemålskvote;UIT;Hovedopptak;186 131;Barnehagelærer, Alta, samlingsbasert;Alta;LÆRER - BHGLÆRER;2026;0
Ordinær kvote;UIT;Hovedopptak;186 131;Barnehagelærer, Alta, samlingsbasert;Alta;LÆRER - BHGLÆRER;2026;0
Førstegangsvitnemålskvote;UIT;Suppleringsopptak;186 131;Barnehagelærer, Alta, samlingsbasert;Alta;LÆRER - BHGLÆRER;2026;0
Ordinær kvote;UIT;Suppleringsopptak;186 131;Barnehagelærer, Alta, samlingsbasert;Alta;LÆRER - BHGLÆRER;2026;0
Førstegangsvitnemålskvote;HVL;Hovedopptak;203 130;Barnehagelærer, Bergen;Bergen;LÆRER - BHGLÆRER;2026;0
Ordinær kvote;HVL;Hovedopptak;203 130;Barnehagelærer, Bergen;Bergen;LÆRER - BHGLÆRER;2026;0
Førstegangsvitnemålskvote;HVL;Suppleringsopptak;203 130;Barnehagelærer, Bergen;Bergen;LÆRER - BHGLÆRER;2026;0
Ordinær kvote;HVL;Suppleringsopptak;203 130;Barnehagelærer, Bergen;Bergen;LÆRER - BHGLÆRER;2026;0
Førstegangsvitnemålskvote;UIA;Hovedopptak;201 131;Barnehagelærer, deltid;Grimstad;LÆRER - BHGLÆRER;2026;0
Ordinær kvote;UIA;Hovedopptak;201 131;Barnehagelærer, deltid;Grimstad;LÆRER - BHGLÆRER;2026;39.5
Førstegangsvitnemålskvote;UIA;Suppleringsopptak;201 131;Barnehagelærer, deltid;Grimstad;LÆRER - BHGLÆRER;2026;0
Ordinær kvote;UIA;Suppleringsopptak;201 131;Barnehagelærer, deltid;Grimstad;LÆRER - BHGLÆRER;2026;0
Førstegangsvitnemålskvote;HIØ;Hovedopptak;224 131;Barnehagelærer, deltid;Halden;LÆRER - BHGLÆRER;2026;0
Ordinær kvote;HIØ;Hovedopptak;224 131;Barnehagelærer, deltid;Halden;LÆRER - BHGLÆRER;2026;0
Førstegangsvitnemålskvote;HIØ;Suppleringsopptak;224 131;Barnehagelærer, deltid;Halden;LÆRER - BHGLÆRER;2026;0
Ordinær kvote;HIØ;Suppleringsopptak;224 131;Barnehagelærer, deltid;Halden;LÆRER - BHGLÆRER;2026;0
Førstegangsvitnemålskvote;UIS;Hovedopptak;217 131;Barnehagelærer, deltid;Stavanger;LÆRER - BHGLÆRER;2026;0
Ordinær kvote;UIS;Hovedopptak;217 131;Barnehagelærer, deltid;Stavanger;LÆRER - BHGLÆRER;2026;0
Førstegangsvitnemålskvote;UIS;Suppleringsopptak;217 131;Barnehagelærer, deltid;Stavanger;LÆRER - BHGLÆRER;2026;0
Ordinær kvote;UIS;Suppleringsopptak;217 131;Barnehagelærer, deltid;Stavanger;LÆRER - BHGLÆRER;2026;0
Førstegangsvitnemålskvote;HVO;Hovedopptak;223 529;Barnehagelærer, deltid;Volda;LÆRER - BHGLÆRER;2026;0
Ordinær kvote;HVO;Hovedopptak;223 529;Barnehagelærer, deltid;Volda;LÆRER - BHGLÆRER;2026;0
Førstegangsvitnemålskvote;HVO;Suppleringsopptak;223 529;Barnehagelærer, deltid;Volda;LÆRER - BHGLÆRER;2026;0
Ordinær kvote;HVO;Suppleringsopptak;223 529;Barnehagelærer, deltid;Volda;LÆRER - BHGLÆRER;2026;0
Førstegangsvitnemålskvote;HVL;Hovedopptak;203 529;Barnehagelærer, deltid, Bergen;Bergen;LÆRER - BHGLÆRER;2026;0
Førstegangsvitnemålskvote;NLA;Hovedopptak;254 529;Barnehagelærer, deltid, Bergen;Bergen;LÆRER - BHGLÆRER;2026;0
Ordinær kvote;HVL;Hovedopptak;203 529;Barnehagelærer, deltid, Bergen;Bergen;LÆRER - BHGLÆRER;2026;0
Ordinær kvote;NLA;Hovedopptak;254 529;Barnehagelærer, deltid, Bergen;Bergen;LÆRER - BHGLÆRER;2026;0
Førstegangsvitnemålskvote;HVL;Suppleringsopptak;203 529;Barnehagelærer, deltid, Bergen;Bergen;LÆRER - BHGLÆRER;2026;0
Førstegangsvitnemålskvote;NLA;Suppleringsopptak;254 529;Barnehagelærer, deltid, Bergen;Bergen;LÆRER - BHGLÆRER;2026;0
Ordinær kvote;HVL;Suppleringsopptak;203 529;Barnehagelærer, deltid, Bergen;Bergen;LÆRER - BHGLÆRER;2026;0
Ordinær kvote;NLA;Suppleringsopptak;254 529;Barnehagelærer, deltid, Bergen;Bergen;LÆRER - BHGLÆRER;2026;0
Førstegangsvitnemålskvote;NORD;Hovedopptak;204 135;Barnehagelærer, deltid, Bodø;Bodø;LÆRER - BHGLÆRER;2026;0
Ordinær kvote;NORD;Hovedopptak;204 135;Barnehagelærer, deltid, Bodø;Bodø;LÆRER - BHGLÆRER;2026;0
Førstegangsvitnemålskvote;NORD;Suppleringsopptak;204 135;Barnehagelærer, deltid, Bodø;Bodø;LÆRER - BHGLÆRER;2026;0
Ordinær kvote;NORD;Suppleringsopptak;204 135;Barnehagelærer, deltid, Bodø;Bodø;LÆRER - BHGLÆRER;2026;0
Førstegangsvitnemålskvote;DMMH;Hovedopptak;253 445;Barnehagelærer, deltid, Kristiansund;Kristiansund;LÆRER - BHGLÆRER;2026;0
Ordinær kvote;DMMH;Hovedopptak;253 445;Barnehagelærer, deltid, Kristiansund;Kristiansund;LÆRER - BHGLÆRER;2026;0
Førstegangsvitnemålskvote;DMMH;Suppleringsopptak;253 445;Barnehagelærer, deltid, Kristiansund;Kristiansund;LÆRER - BHGLÆRER;2026;0
Ordinær kvote;DMMH;Suppleringsopptak;253 445;Barnehagelærer, deltid, Kristiansund;Kristiansund;LÆRER - BHGLÆRER;2026;0
Førstegangsvitnemålskvote;NORD;Hovedopptak;204 529;Barnehagelærer, deltid, Levanger;Levanger;LÆRER - BHGLÆRER;2026;0
Ordinær kvote;NORD;Hovedopptak;204 529;Barnehagelærer, deltid, Levanger;Levanger;LÆRER - BHGLÆRER;2026;0
Førstegangsvitnemålskvote;NORD;Suppleringsopptak;204 529;Barnehagelærer, deltid, Levanger;Levanger;LÆRER - BHGLÆRER;2026;0
Ordinær kvote;NORD;Suppleringsopptak;204 529;Barnehagelærer, deltid, Levanger;Levanger;LÆRER - BHGLÆRER;2026;0
Førstegangsvitnemålskvote;NORD;Hovedopptak;204 424;Barnehagelærer, deltid, Narvik;Narvik;LÆRER - BHGLÆRER;2026;0
Ordinær kvote;NORD;Hovedopptak;204 424;Barnehagelærer, deltid, Narvik;Narvik;LÆRER - BHGLÆRER;2026;0
Førstegangsvitnemålskvote;NORD;Suppleringsopptak;204 424;Barnehagelærer, deltid, Narvik;Narvik;LÆRER - BHGLÆRER;2026;0
Ordinær kvote;NORD;Suppleringsopptak;204 424;Barnehagelærer, deltid, Narvik;Narvik;LÆRER - BHGLÆRER;2026;0
Førstegangsvitnemålskvote;NORD;Hovedopptak;204 132;Barnehagelærer, deltid, Nesna;Nesna;LÆRER - BHGLÆRER;2026;0
Ordinær kvote;NORD;Hovedopptak;204 132;Barnehagelærer, deltid, Nesna;Nesna;LÆRER - BHGLÆRER;2026;0
Førstegangsvitnemålskvote;NORD;Suppleringsopptak;204 132;Barnehagelærer, deltid, Nesna;Nesna;LÆRER - BHGLÆRER;2026;0
Ordinær kvote;NORD;Suppleringsopptak;204 132;Barnehagelærer, deltid, Nesna;Nesna;LÆRER - BHGLÆRER;2026;0
Førstegangsvitnemålskvote;USN;Hovedopptak;222 134;Barnehagelærer, deltid, Notodden;Notodden;LÆRER - BHGLÆRER;2026;0
Ordinær kvote;USN;Hovedopptak;222 134;Barnehagelærer, deltid, Notodden;Notodden;LÆRER - BHGLÆRER;2026;0
Førstegangsvitnemålskvote;USN;Suppleringsopptak;222 134;Barnehagelærer, deltid, Notodden;Notodden;LÆRER - BHGLÆRER;2026;0
Ordinær kvote;USN;Suppleringsopptak;222 134;Barnehagelærer, deltid, Notodden;Notodden;LÆRER - BHGLÆRER;2026;0
Førstegangsvitnemålskvote;NLA;Hovedopptak;254 131;Barnehagelærer, deltid, Oslo;Oslo;LÆRER - BHGLÆRER;2026;0
Ordinær kvote;NLA;Hovedopptak;254 131;Barnehagelærer, deltid, Oslo;Oslo;LÆRER - BHGLÆRER;2026;0
Førstegangsvitnemålskvote;NLA;Suppleringsopptak;254 131;Barnehagelærer, deltid, Oslo;Oslo;LÆRER - BHGLÆRER;2026;0
Ordinær kvote;NLA;Suppleringsopptak;254 131;Barnehagelærer, deltid, Oslo;Oslo;LÆRER - BHGLÆRER;2026;0
Førstegangsvitnemålskvote;HVL;Hovedopptak;203 134;Barnehagelærer, deltid, Sogndal;Sogndal;LÆRER - BHGLÆRER;2026;0
Ordinær kvote;HVL;Hovedopptak;203 134;Barnehagelærer, deltid, Sogndal;Sogndal;LÆRER - BHGLÆRER;2026;0
Førstegangsvitnemålskvote;HVL;Suppleringsopptak;203 134;Barnehagelærer, deltid, Sogndal;Sogndal;LÆRER - BHGLÆRER;2026;0
Ordinær kvote;HVL;Suppleringsopptak;203 134;Barnehagelærer, deltid, Sogndal;Sogndal;LÆRER - BHGLÆRER;2026;0
Førstegangsvitnemålskvote;DMMH;Hovedopptak;253 133;Barnehagelærer, deltid, Trondheim;Trondheim;LÆRER - BHGLÆRER;2026;0
Ordinær kvote;DMMH;Hovedopptak;253 133;Barnehagelærer, deltid, Trondheim;Trondheim;LÆRER - BHGLÆRER;2026;0
Førstegangsvitnemålskvote;DMMH;Suppleringsopptak;253 133;Barnehagelærer, deltid, Trondheim;Trondheim;LÆRER - BHGLÆRER;2026;0
Ordinær kvote;DMMH;Suppleringsopptak;253 133;Barnehagelærer, deltid, Trondheim;Trondheim;LÆRER - BHGLÆRER;2026;0
Førstegangsvitnemålskvote;USN;Hovedopptak;222 132;Barnehagelærer, Drammen;Drammen;LÆRER - BHGLÆRER;2026;0
Ordinær kvote;USN;Hovedopptak;222 132;Barnehagelærer, Drammen;Drammen;LÆRER - BHGLÆRER;2026;0
Førstegangsvitnemålskvote;USN;Suppleringsopptak;222 132;Barnehagelærer, Drammen;Drammen;LÆRER - BHGLÆRER;2026;0
Ordinær kvote;USN;Suppleringsopptak;222 132;Barnehagelærer, Drammen;Drammen;LÆRER - BHGLÆRER;2026;0
Førstegangsvitnemålskvote;UIT;Hovedopptak;186 424;Barnehagelærer, Kirkenes, samlingsbasert;Sør-Varanger;LÆRER - BHGLÆRER;2026;0
Ordinær kvote;UIT;Hovedopptak;186 424;Barnehagelærer, Kirkenes, samlingsbasert;Sør-Varanger;LÆRER - BHGLÆRER;2026;0
Førstegangsvitnemålskvote;UIT;Suppleringsopptak;186 424;Barnehagelærer, Kirkenes, samlingsbasert;Sør-Varanger;LÆRER - BHGLÆRER;2026;0
Ordinær kvote;UIT;Suppleringsopptak;186 424;Barnehagelærer, Kirkenes, samlingsbasert;Sør-Varanger;LÆRER - BHGLÆRER;2026;0
Førstegangsvitnemålskvote;DMMH;Hovedopptak;253 131;Barnehagelærer, musikk, drama, kunst og håndverk;Trondheim;LÆRER - BHGLÆRER;2026;0
Ordinær kvote;DMMH;Hovedopptak;253 131;Barnehagelærer, musikk, drama, kunst og håndverk;Trondheim;LÆRER - BHGLÆRER;2026;0
Førstegangsvitnemålskvote;DMMH;Suppleringsopptak;253 131;Barnehagelærer, musikk, drama, kunst og håndverk;Trondheim;LÆRER - BHGLÆRER;2026;0
Ordinær kvote;DMMH;Suppleringsopptak;253 131;Barnehagelærer, musikk, drama, kunst og håndverk;Trondheim;LÆRER - BHGLÆRER;2026;0
Førstegangsvitnemålskvote;DMMH;Hovedopptak;253 132;Barnehagelærer, natur- og friluftsliv;Trondheim;LÆRER - BHGLÆRER;2026;0
Ordinær kvote;DMMH;Hovedopptak;253 132;Barnehagelærer, natur- og friluftsliv;Trondheim;LÆRER - BHGLÆRER;2026;0
Førstegangsvitnemålskvote;DMMH;Suppleringsopptak;253 132;Barnehagelærer, natur- og friluftsliv;Trondheim;LÆRER - BHGLÆRER;2026;0
Ordinær kvote;DMMH;Suppleringsopptak;253 132;Barnehagelærer, natur- og friluftsliv;Trondheim;LÆRER - BHGLÆRER;2026;0
Førstegangsvitnemålskvote;USN;Hovedopptak;222 529;Barnehagelærer, Notodden;Notodden;LÆRER - BHGLÆRER;2026;0
Ordinær kvote;USN;Hovedopptak;222 529;Barnehagelærer, Notodden;Notodden;LÆRER - BHGLÆRER;2026;0
Førstegangsvitnemålskvote;USN;Suppleringsopptak;222 529;Barnehagelærer, Notodden;Notodden;LÆRER - BHGLÆRER;2026;0
Ordinær kvote;USN;Suppleringsopptak;222 529;Barnehagelærer, Notodden;Notodden;LÆRER - BHGLÆRER;2026;0
Førstegangsvitnemålskvote;USN;Hovedopptak;222 133;Barnehagelærer, Porsgrunn;Porsgrunn;LÆRER - BHGLÆRER;2026;0
Ordinær kvote;USN;Hovedopptak;222 133;Barnehagelærer, Porsgrunn;Porsgrunn;LÆRER - BHGLÆRER;2026;0
Førstegangsvitnemålskvote;USN;Suppleringsopptak;222 133;Barnehagelærer, Porsgrunn;Porsgrunn;LÆRER - BHGLÆRER;2026;0
Ordinær kvote;USN;Suppleringsopptak;222 133;Barnehagelærer, Porsgrunn;Porsgrunn;LÆRER - BHGLÆRER;2026;0
Førstegangsvitnemålskvote;INN;Hovedopptak;209 132;Barnehagelærer, samlingsbasert;Hamar;LÆRER - BHGLÆRER;2026;0
Ordinær kvote;INN;Hovedopptak;209 132;Barnehagelærer, samlingsbasert;Hamar;LÆRER - BHGLÆRER;2026;0
Førstegangsvitnemålskvote;INN;Suppleringsopptak;209 132;Barnehagelærer, samlingsbasert;Hamar;LÆRER - BHGLÆRER;2026;0
Ordinær kvote;INN;Suppleringsopptak;209 132;Barnehagelærer, samlingsbasert;Hamar;LÆRER - BHGLÆRER;2026;0
Førstegangsvitnemålskvote;HVL;Hovedopptak;203 445;Barnehagelærer, Sogndal;Sogndal;LÆRER - BHGLÆRER;2026;0
Ordinær kvote;HVL;Hovedopptak;203 445;Barnehagelærer, Sogndal;Sogndal;LÆRER - BHGLÆRER;2026;0
Førstegangsvitnemålskvote;HVL;Suppleringsopptak;203 445;Barnehagelærer, Sogndal;Sogndal;LÆRER - BHGLÆRER;2026;0
Ordinær kvote;HVL;Suppleringsopptak;203 445;Barnehagelærer, Sogndal;Sogndal;LÆRER - BHGLÆRER;2026;0
Førstegangsvitnemålskvote;HVL;Hovedopptak;203 135;Barnehagelærer, Stord;Stord;LÆRER - BHGLÆRER;2026;0
Ordinær kvote;HVL;Hovedopptak;203 135;Barnehagelærer, Stord;Stord;LÆRER - BHGLÆRER;2026;0
Førstegangsvitnemålskvote;HVL;Suppleringsopptak;203 135;Barnehagelærer, Stord;Stord;LÆRER - BHGLÆRER;2026;0
Ordinær kvote;HVL;Suppleringsopptak;203 135;Barnehagelærer, Stord;Stord;LÆRER - BHGLÆRER;2026;0
Førstegangsvitnemålskvote;UIT;Hovedopptak;186 130;Barnehagelærer, Tromsø;Tromsø;LÆRER - BHGLÆRER;2026;0
Ordinær kvote;UIT;Hovedopptak;186 130;Barnehagelærer, Tromsø;Tromsø;LÆRER - BHGLÆRER;2026;0
Førstegangsvitnemålskvote;UIT;Suppleringsopptak;186 130;Barnehagelærer, Tromsø;Tromsø;LÆRER - BHGLÆRER;2026;0
Ordinær kvote;UIT;Suppleringsopptak;186 130;Barnehagelærer, Tromsø;Tromsø;LÆRER - BHGLÆRER;2026;0
Førstegangsvitnemålskvote;UIT;Hovedopptak;186 132;Barnehagelærer, Tromsø, samlingsbasert;Tromsø;LÆRER - BHGLÆRER;2026;0
Ordinær kvote;UIT;Hovedopptak;186 132;Barnehagelærer, Tromsø, samlingsbasert;Tromsø;LÆRER - BHGLÆRER;2026;0
Førstegangsvitnemålskvote;UIT;Suppleringsopptak;186 132;Barnehagelærer, Tromsø, samlingsbasert;Tromsø;LÆRER - BHGLÆRER;2026;0
Ordinær kvote;UIT;Suppleringsopptak;186 132;Barnehagelærer, Tromsø, samlingsbasert;Tromsø;LÆRER - BHGLÆRER;2026;0
Førstegangsvitnemålskvote;USN;Hovedopptak;222 130;Barnehagelærer, Vestfold;Horten;LÆRER - BHGLÆRER;2026;0
Ordinær kvote;USN;Hovedopptak;222 130;Barnehagelærer, Vestfold;Horten;LÆRER - BHGLÆRER;2026;0
Førstegangsvitnemålskvote;USN;Suppleringsopptak;222 130;Barnehagelærer, Vestfold;Horten;LÆRER - BHGLÆRER;2026;0
Ordinær kvote;USN;Suppleringsopptak;222 130;Barnehagelærer, Vestfold;Horten;LÆRER - BHGLÆRER;2026;0
Førstegangsvitnemålskvote;INN;Hovedopptak;209 131;Barnehagelærerutdanning - arbeidsplassbasert, deltid;Hamar;LÆRER - BHGLÆRER;2026;0
Ordinær kvote;INN;Hovedopptak;209 131;Barnehagelærerutdanning - arbeidsplassbasert, deltid;Hamar;LÆRER - BHGLÆRER;2026;0
Førstegangsvitnemålskvote;INN;Suppleringsopptak;209 131;Barnehagelærerutdanning - arbeidsplassbasert, deltid;Hamar;LÆRER - BHGLÆRER;2026;0
Ordinær kvote;INN;Suppleringsopptak;209 131;Barnehagelærerutdanning - arbeidsplassbasert, deltid;Hamar;LÆRER - BHGLÆRER;2026;0
Førstegangsvitnemålskvote;OSLOMET;Hovedopptak;215 131;Barnehagelærerutdanning - arbeidsplassbasert, deltid;Oslo;LÆRER - BHGLÆRER;2026;0
Ordinær kvote;OSLOMET;Hovedopptak;215 131;Barnehagelærerutdanning - arbeidsplassbasert, deltid;Oslo;LÆRER - BHGLÆRER;2026;0
Førstegangsvitnemålskvote;OSLOMET;Suppleringsopptak;215 131;Barnehagelærerutdanning - arbeidsplassbasert, deltid;Oslo;LÆRER - BHGLÆRER;2026;0
Ordinær kvote;OSLOMET;Suppleringsopptak;215 131;Barnehagelærerutdanning - arbeidsplassbasert, deltid;Oslo;LÆRER - BHGLÆRER;2026;0
Førstegangsvitnemålskvote;DMMH;Hovedopptak;253 570;Barnehagelærerutdanning - arbeidsplassbasert, deltid, Kristiansund;Kristiansund;LÆRER - BHGLÆRER;2026;0
Ordinær kvote;DMMH;Hovedopptak;253 570;Barnehagelærerutdanning - arbeidsplassbasert, deltid, Kristiansund;Kristiansund;LÆRER - BHGLÆRER;2026;0
Førstegangsvitnemålskvote;DMMH;Suppleringsopptak;253 570;Barnehagelærerutdanning - arbeidsplassbasert, deltid, Kristiansund;Kristiansund;LÆRER - BHGLÆRER;2026;0
Ordinær kvote;DMMH;Suppleringsopptak;253 570;Barnehagelærerutdanning - arbeidsplassbasert, deltid, Kristiansund;Kristiansund;LÆRER - BHGLÆRER;2026;0
Førstegangsvitnemålskvote;DMMH;Hovedopptak;253 424;Barnehagelærerutdanning - arbeidsplassbasert, deltid, Trondheim;Trondheim;LÆRER - BHGLÆRER;2026;0
Ordinær kvote;DMMH;Hovedopptak;253 424;Barnehagelærerutdanning - arbeidsplassbasert, deltid, Trondheim;Trondheim;LÆRER - BHGLÆRER;2026;0
Førstegangsvitnemålskvote;DMMH;Suppleringsopptak;253 424;Barnehagelærerutdanning - arbeidsplassbasert, deltid, Trondheim;Trondheim;LÆRER - BHGLÆRER;2026;0
Ordinær kvote;DMMH;Suppleringsopptak;253 424;Barnehagelærerutdanning - arbeidsplassbasert, deltid, Trondheim;Trondheim;LÆRER - BHGLÆRER;2026;0
Førstegangsvitnemålskvote;NORD;Hovedopptak;204 070;Barnevern;Bodø;HELSEFAG - BARNEVER;2026;35.2
Ordinær kvote;NORD;Hovedopptak;204 070;Barnevern;Bodø;HELSEFAG - BARNEVER;2026;34.1
Førstegangsvitnemålskvote;NORD;Suppleringsopptak;204 070;Barnevern;Bodø;HELSEFAG - BARNEVER;2026;35.2
Ordinær kvote;NORD;Suppleringsopptak;204 070;Barnevern;Bodø;HELSEFAG - BARNEVER;2026;34.1
Førstegangsvitnemålskvote;HIØ;Hovedopptak;224 070;Barnevern;Fredrikstad;HELSEFAG - BARNEVER;2026;36.4
Ordinær kvote;HIØ;Hovedopptak;224 070;Barnevern;Fredrikstad;HELSEFAG - BARNEVER;2026;42.5
Førstegangsvitnemålskvote;HIØ;Suppleringsopptak;224 070;Barnevern;Fredrikstad;HELSEFAG - BARNEVER;2026;36.4
Ordinær kvote;HIØ;Suppleringsopptak;224 070;Barnevern;Fredrikstad;HELSEFAG - BARNEVER;2026;42.5
Førstegangsvitnemålskvote;UIA;Hovedopptak;201 070;Barnevern;Kristiansand;HELSEFAG - BARNEVER;2026;45.2
Ordinær kvote;UIA;Hovedopptak;201 070;Barnevern;Kristiansand;HELSEFAG - BARNEVER;2026;46.8
Førstegangsvitnemålskvote;UIA;Suppleringsopptak;201 070;Barnevern;Kristiansand;HELSEFAG - BARNEVER;2026;45.2
Ordinær kvote;UIA;Suppleringsopptak;201 070;Barnevern;Kristiansand;HELSEFAG - BARNEVER;2026;46.8
Førstegangsvitnemålskvote;INN;Hovedopptak;209 070;Barnevern;Lillehammer;HELSEFAG - BARNEVER;2026;32.9
Ordinær kvote;INN;Hovedopptak;209 070;Barnevern;Lillehammer;HELSEFAG - BARNEVER;2026;37.1
Førstegangsvitnemålskvote;INN;Suppleringsopptak;209 070;Barnevern;Lillehammer;HELSEFAG - BARNEVER;2026;32.9
Ordinær kvote;INN;Suppleringsopptak;209 070;Barnevern;Lillehammer;HELSEFAG - BARNEVER;2026;37.1
Førstegangsvitnemålskvote;OSLOMET;Hovedopptak;215 070;Barnevern;Oslo;HELSEFAG - BARNEVER;2026;43.6
Ordinær kvote;OSLOMET;Hovedopptak;215 070;Barnevern;Oslo;HELSEFAG - BARNEVER;2026;48.8
Førstegangsvitnemålskvote;OSLOMET;Suppleringsopptak;215 070;Barnevern;Oslo;HELSEFAG - BARNEVER;2026;41.3
Ordinær kvote;OSLOMET;Suppleringsopptak;215 070;Barnevern;Oslo;HELSEFAG - BARNEVER;2026;46.9
Førstegangsvitnemålskvote;USN;Hovedopptak;222 070;Barnevern;Porsgrunn;HELSEFAG - BARNEVER;2026;33
Ordinær kvote;USN;Hovedopptak;222 070;Barnevern;Porsgrunn;HELSEFAG - BARNEVER;2026;42
Førstegangsvitnemålskvote;USN;Suppleringsopptak;222 070;Barnevern;Porsgrunn;HELSEFAG - BARNEVER;2026;33
Ordinær kvote;USN;Suppleringsopptak;222 070;Barnevern;Porsgrunn;HELSEFAG - BARNEVER;2026;42
Førstegangsvitnemålskvote;HVL;Hovedopptak;203 070;Barnevern;Sogndal;HELSEFAG - BARNEVER;2026;0
Ordinær kvote;HVL;Hovedopptak;203 070;Barnevern;Sogndal;HELSEFAG - BARNEVER;2026;0
Førstegangsvitnemålskvote;HVL;Suppleringsopptak;203 070;Barnevern;Sogndal;HELSEFAG - BARNEVER;2026;0
Ordinær kvote;HVL;Suppleringsopptak;203 070;Barnevern;Sogndal;HELSEFAG - BARNEVER;2026;0
Førstegangsvitnemålskvote;UIS;Hovedopptak;217 070;Barnevern;Stavanger;HELSEFAG - BARNEVER;2026;40.4
Ordinær kvote;UIS;Hovedopptak;217 070;Barnevern;Stavanger;HELSEFAG - BARNEVER;2026;40.7
Førstegangsvitnemålskvote;UIS;Suppleringsopptak;217 070;Barnevern;Stavanger;HELSEFAG - BARNEVER;2026;39.3
Ordinær kvote;UIS;Suppleringsopptak;217 070;Barnevern;Stavanger;HELSEFAG - BARNEVER;2026;40.6
Førstegangsvitnemålskvote;NTNU;Hovedopptak;194 070;Barnevern;Trondheim;HELSEFAG - BARNEVER;2026;47.1
Ordinær kvote;NTNU;Hovedopptak;194 070;Barnevern;Trondheim;HELSEFAG - BARNEVER;2026;49.8
Førstegangsvitnemålskvote;NTNU;Suppleringsopptak;194 070;Barnevern;Trondheim;HELSEFAG - BARNEVER;2026;46.5
Ordinær kvote;NTNU;Suppleringsopptak;194 070;Barnevern;Trondheim;HELSEFAG - BARNEVER;2026;49.6
Førstegangsvitnemålskvote;UIT;Hovedopptak;186 070;Barnevern, Alta;Alta;HELSEFAG - BARNEVER;2026;0
Ordinær kvote;UIT;Hovedopptak;186 070;Barnevern, Alta;Alta;HELSEFAG - BARNEVER;2026;0
Førstegangsvitnemålskvote;UIT;Suppleringsopptak;186 070;Barnevern, Alta;Alta;HELSEFAG - BARNEVER;2026;0
Ordinær kvote;UIT;Suppleringsopptak;186 070;Barnevern, Alta;Alta;HELSEFAG - BARNEVER;2026;0
Førstegangsvitnemålskvote;UIT;Hovedopptak;186 563;Barnevern, Harstad;Harstad;HELSEFAG - BARNEVER;2026;0
Ordinær kvote;UIT;Hovedopptak;186 563;Barnevern, Harstad;Harstad;HELSEFAG - BARNEVER;2026;0
Førstegangsvitnemålskvote;UIT;Suppleringsopptak;186 563;Barnevern, Harstad;Harstad;HELSEFAG - BARNEVER;2026;0
Ordinær kvote;UIT;Suppleringsopptak;186 563;Barnevern, Harstad;Harstad;HELSEFAG - BARNEVER;2026;0
Førstegangsvitnemålskvote;INN;Hovedopptak;209 164;Bedriftsøkonomi;Åmot;ØKADM;2026;0
Ordinær kvote;INN;Hovedopptak;209 164;Bedriftsøkonomi;Åmot;ØKADM;2026;0
Førstegangsvitnemålskvote;INN;Suppleringsopptak;209 164;Bedriftsøkonomi;Åmot;ØKADM;2026;0
Ordinær kvote;INN;Suppleringsopptak;209 164;Bedriftsøkonomi;Åmot;ØKADM;2026;0
Førstegangsvitnemålskvote;HIØ;Hovedopptak;224 398;Bedriftsøkonomi;Halden;ØKADM;2026;0
Ordinær kvote;HIØ;Hovedopptak;224 398;Bedriftsøkonomi;Halden;ØKADM;2026;0
Førstegangsvitnemålskvote;HIØ;Suppleringsopptak;224 398;Bedriftsøkonomi;Halden;ØKADM;2026;0
Ordinær kvote;HIØ;Suppleringsopptak;224 398;Bedriftsøkonomi;Halden;ØKADM;2026;0
Førstegangsvitnemålskvote;HVL;Hovedopptak;203 164;Bedriftsøkonomi;Haugesund;ØKADM;2026;0
Ordinær kvote;HVL;Hovedopptak;203 164;Bedriftsøkonomi;Haugesund;ØKADM;2026;0
Førstegangsvitnemålskvote;HVL;Suppleringsopptak;203 164;Bedriftsøkonomi;Haugesund;ØKADM;2026;0
Ordinær kvote;HVL;Suppleringsopptak;203 164;Bedriftsøkonomi;Haugesund;ØKADM;2026;0
Førstegangsvitnemålskvote;HIM;Hovedopptak;211 164;Bedriftsøkonomi;Molde;ØKADM;2026;0
Ordinær kvote;HIM;Hovedopptak;211 164;Bedriftsøkonomi;Molde;ØKADM;2026;0
Førstegangsvitnemålskvote;HIM;Suppleringsopptak;211 164;Bedriftsøkonomi;Molde;ØKADM;2026;0
Ordinær kvote;HIM;Suppleringsopptak;211 164;Bedriftsøkonomi;Molde;ØKADM;2026;0
Førstegangsvitnemålskvote;UIT;Hovedopptak;186 164;Bedriftsøkonomi, deltid;Alta;ØKADM;2026;0
Ordinær kvote;UIT;Hovedopptak;186 164;Bedriftsøkonomi, deltid;Alta;ØKADM;2026;0
Førstegangsvitnemålskvote;UIT;Suppleringsopptak;186 164;Bedriftsøkonomi, deltid;Alta;ØKADM;2026;0
Ordinær kvote;UIT;Suppleringsopptak;186 164;Bedriftsøkonomi, deltid;Alta;ØKADM;2026;0
Førstegangsvitnemålskvote;INN;Hovedopptak;209 207;Bedriftsøkonomi, deltid;Åmot;ØKADM;2026;0
Ordinær kvote;INN;Hovedopptak;209 207;Bedriftsøkonomi, deltid;Åmot;ØKADM;2026;57.6
Førstegangsvitnemålskvote;INN;Suppleringsopptak;209 207;Bedriftsøkonomi, deltid;Åmot;ØKADM;2026;0
Ordinær kvote;INN;Suppleringsopptak;209 207;Bedriftsøkonomi, deltid;Åmot;ØKADM;2026;57.6
Førstegangsvitnemålskvote;INN;Hovedopptak;209 530;Beredskap og krisehåndtering;Åmot;SAMFUNN;2026;0
Ordinær kvote;INN;Hovedopptak;209 530;Beredskap og krisehåndtering;Åmot;SAMFUNN;2026;50.6
Førstegangsvitnemålskvote;INN;Suppleringsopptak;209 530;Beredskap og krisehåndtering;Åmot;SAMFUNN;2026;0
Ordinær kvote;INN;Suppleringsopptak;209 530;Beredskap og krisehåndtering;Åmot;SAMFUNN;2026;50.6
Førstegangsvitnemålskvote;NTNU;Hovedopptak;194 508;Bevegelsesvitenskap, årsstudium;Trondheim;IDRETT;2026;45.5
Ordinær kvote;NTNU;Hovedopptak;194 508;Bevegelsesvitenskap, årsstudium;Trondheim;IDRETT;2026;53.5
Førstegangsvitnemålskvote;NTNU;Suppleringsopptak;194 508;Bevegelsesvitenskap, årsstudium;Trondheim;IDRETT;2026;44.8
Ordinær kvote;NTNU;Suppleringsopptak;194 508;Bevegelsesvitenskap, årsstudium;Trondheim;IDRETT;2026;52.1
Førstegangsvitnemålskvote;NTNU;Hovedopptak;194 440;Bevegelsesvitenskap, bachelor;Trondheim;IDRETT;2026;44.4
Ordinær kvote;NTNU;Hovedopptak;194 440;Bevegelsesvitenskap, bachelor;Trondheim;IDRETT;2026;46.7
Førstegangsvitnemålskvote;NTNU;Suppleringsopptak;194 440;Bevegelsesvitenskap, bachelor;Trondheim;IDRETT;2026;43.8
Ordinær kvote;NTNU;Suppleringsopptak;194 440;Bevegelsesvitenskap, bachelor;Trondheim;IDRETT;2026;46.7
Førstegangsvitnemålskvote;FIH;Hovedopptak;258 195;Bibel og misjon;Oslo;HISTORIE;2026;0
Ordinær kvote;FIH;Hovedopptak;258 195;Bibel og misjon;Oslo;HISTORIE;2026;0
Førstegangsvitnemålskvote;FIH;Suppleringsopptak;258 195;Bibel og misjon;Oslo;HISTORIE;2026;0
Ordinær kvote;FIH;Suppleringsopptak;258 195;Bibel og misjon;Oslo;HISTORIE;2026;0
Førstegangsvitnemålskvote;NLA;Hovedopptak;254 553;Bibelen;Bergen;HISTORIE;2026;0
Ordinær kvote;NLA;Hovedopptak;254 553;Bibelen;Bergen;HISTORIE;2026;0
Førstegangsvitnemålskvote;NLA;Suppleringsopptak;254 553;Bibelen;Bergen;HISTORIE;2026;0
Ordinær kvote;NLA;Suppleringsopptak;254 553;Bibelen;Bergen;HISTORIE;2026;0
Førstegangsvitnemålskvote;UIT;Hovedopptak;186 336;Bibliotek- og dokumentasjonsvitenskap;Tromsø;MEDIEFAG;2026;0
Ordinær kvote;UIT;Hovedopptak;186 336;Bibliotek- og dokumentasjonsvitenskap;Tromsø;MEDIEFAG;2026;51.1
Førstegangsvitnemålskvote;UIT;Suppleringsopptak;186 336;Bibliotek- og dokumentasjonsvitenskap;Tromsø;MEDIEFAG;2026;0
Ordinær kvote;UIT;Suppleringsopptak;186 336;Bibliotek- og dokumentasjonsvitenskap;Tromsø;MEDIEFAG;2026;46.8
Førstegangsvitnemålskvote;OSLOMET;Hovedopptak;215 603;Bibliotek- og informasjonsvitenskap, årsstudium;Oslo;MEDIEFAG;2026;0
Ordinær kvote;OSLOMET;Hovedopptak;215 603;Bibliotek- og informasjonsvitenskap, årsstudium;Oslo;MEDIEFAG;2026;58.2
Førstegangsvitnemålskvote;OSLOMET;Suppleringsopptak;215 603;Bibliotek- og informasjonsvitenskap, årsstudium;Oslo;MEDIEFAG;2026;0
Ordinær kvote;OSLOMET;Suppleringsopptak;215 603;Bibliotek- og informasjonsvitenskap, årsstudium;Oslo;MEDIEFAG;2026;54.1
Førstegangsvitnemålskvote;OSLOMET;Hovedopptak;215 336;Bibliotek- og informasjonsvitenskap, bachelor;Oslo;MEDIEFAG;2026;0
Ordinær kvote;OSLOMET;Hovedopptak;215 336;Bibliotek- og informasjonsvitenskap, bachelor;Oslo;MEDIEFAG;2026;0
Førstegangsvitnemålskvote;OSLOMET;Suppleringsopptak;215 336;Bibliotek- og informasjonsvitenskap, bachelor;Oslo;MEDIEFAG;2026;0
Ordinær kvote;OSLOMET;Suppleringsopptak;215 336;Bibliotek- og informasjonsvitenskap, bachelor;Oslo;MEDIEFAG;2026;0
Førstegangsvitnemålskvote;HVL;Hovedopptak;203 702;Bioingeniør;Bergen;HELSEFAG - BIOING;2026;45.3
Ordinær kvote;HVL;Hovedopptak;203 702;Bioingeniør;Bergen;HELSEFAG - BIOING;2026;50.7
Førstegangsvitnemålskvote;HVL;Suppleringsopptak;203 702;Bioingeniør;Bergen;HELSEFAG - BIOING;2026;45.3
Ordinær kvote;HVL;Suppleringsopptak;203 702;Bioingeniør;Bergen;HELSEFAG - BIOING;2026;50.7
Førstegangsvitnemålskvote;HIØ;Hovedopptak;224 702;Bioingeniør;Fredrikstad;HELSEFAG - BIOING;2026;0
Ordinær kvote;HIØ;Hovedopptak;224 702;Bioingeniør;Fredrikstad;HELSEFAG - BIOING;2026;41.5
Førstegangsvitnemålskvote;HIØ;Suppleringsopptak;224 702;Bioingeniør;Fredrikstad;HELSEFAG - BIOING;2026;0
Ordinær kvote;HIØ;Suppleringsopptak;224 702;Bioingeniør;Fredrikstad;HELSEFAG - BIOING;2026;41.5
Førstegangsvitnemålskvote;INN;Hovedopptak;209 702;Bioingeniør;Hamar;HELSEFAG - BIOING;2026;0
Ordinær kvote;INN;Hovedopptak;209 702;Bioingeniør;Hamar;HELSEFAG - BIOING;2026;41.1
Førstegangsvitnemålskvote;INN;Suppleringsopptak;209 702;Bioingeniør;Hamar;HELSEFAG - BIOING;2026;0
Ordinær kvote;INN;Suppleringsopptak;209 702;Bioingeniør;Hamar;HELSEFAG - BIOING;2026;41.1
Førstegangsvitnemålskvote;UIA;Hovedopptak;201 702;Bioingeniør;Kristiansand;HELSEFAG - BIOING;2026;45.6
Ordinær kvote;UIA;Hovedopptak;201 702;Bioingeniør;Kristiansand;HELSEFAG - BIOING;2026;49.8
Førstegangsvitnemålskvote;UIA;Suppleringsopptak;201 702;Bioingeniør;Kristiansand;HELSEFAG - BIOING;2026;45.5
Ordinær kvote;UIA;Suppleringsopptak;201 702;Bioingeniør;Kristiansand;HELSEFAG - BIOING;2026;49.3
Førstegangsvitnemålskvote;OSLOMET;Hovedopptak;215 702;Bioingeniør;Oslo;HELSEFAG - BIOING;2026;45.5
Ordinær kvote;OSLOMET;Hovedopptak;215 702;Bioingeniør;Oslo;HELSEFAG - BIOING;2026;56.4
Førstegangsvitnemålskvote;OSLOMET;Suppleringsopptak;215 702;Bioingeniør;Oslo;HELSEFAG - BIOING;2026;43.9
Ordinær kvote;OSLOMET;Suppleringsopptak;215 702;Bioingeniør;Oslo;HELSEFAG - BIOING;2026;55.1
Førstegangsvitnemålskvote;NTNU;Hovedopptak;194 299;Bioingeniør, Ålesund;Ålesund;HELSEFAG - BIOING;2026;39.9
Ordinær kvote;NTNU;Hovedopptak;194 299;Bioingeniør, Ålesund;Ålesund;HELSEFAG - BIOING;2026;38
Førstegangsvitnemålskvote;NTNU;Suppleringsopptak;194 299;Bioingeniør, Ålesund;Ålesund;HELSEFAG - BIOING;2026;0
Ordinær kvote;NTNU;Suppleringsopptak;194 299;Bioingeniør, Ålesund;Ålesund;HELSEFAG - BIOING;2026;36.9
Førstegangsvitnemålskvote;NTNU;Hovedopptak;194 702;Bioingeniør, Trondheim;Trondheim;HELSEFAG - BIOING;2026;52.2
Ordinær kvote;NTNU;Hovedopptak;194 702;Bioingeniør, Trondheim;Trondheim;HELSEFAG - BIOING;2026;54.9
Førstegangsvitnemålskvote;NTNU;Suppleringsopptak;194 702;Bioingeniør, Trondheim;Trondheim;HELSEFAG - BIOING;2026;52.2
Ordinær kvote;NTNU;Suppleringsopptak;194 702;Bioingeniør, Trondheim;Trondheim;HELSEFAG - BIOING;2026;54.9
Førstegangsvitnemålskvote;UIT;Hovedopptak;186 702;Bioingeniørfag;Tromsø;HELSEFAG - BIOING;2026;0
Ordinær kvote;UIT;Hovedopptak;186 702;Bioingeniørfag;Tromsø;HELSEFAG - BIOING;2026;0
Førstegangsvitnemålskvote;UIT;Suppleringsopptak;186 702;Bioingeniørfag;Tromsø;HELSEFAG - BIOING;2026;0
Ordinær kvote;UIT;Suppleringsopptak;186 702;Bioingeniørfag;Tromsø;HELSEFAG - BIOING;2026;0
Førstegangsvitnemålskvote;NMBU;Hovedopptak;192 327;Biologi;Ås;REALFAG;2026;0
Ordinær kvote;NMBU;Hovedopptak;192 327;Biologi;Ås;REALFAG;2026;0
Førstegangsvitnemålskvote;NMBU;Suppleringsopptak;192 327;Biologi;Ås;REALFAG;2026;0
Ordinær kvote;NMBU;Suppleringsopptak;192 327;Biologi;Ås;REALFAG;2026;0
Førstegangsvitnemålskvote;UIB;Hovedopptak;184 327;Biologi;Bergen;REALFAG;2026;0
Ordinær kvote;UIB;Hovedopptak;184 327;Biologi;Bergen;REALFAG;2026;0
Førstegangsvitnemålskvote;UIB;Suppleringsopptak;184 327;Biologi;Bergen;REALFAG;2026;0
Ordinær kvote;UIB;Suppleringsopptak;184 327;Biologi;Bergen;REALFAG;2026;0
Førstegangsvitnemålskvote;NORD;Hovedopptak;204 327;Biologi;Bodø;REALFAG;2026;0
Ordinær kvote;NORD;Hovedopptak;204 327;Biologi;Bodø;REALFAG;2026;0
Førstegangsvitnemålskvote;NORD;Suppleringsopptak;204 327;Biologi;Bodø;REALFAG;2026;0
Ordinær kvote;NORD;Suppleringsopptak;204 327;Biologi;Bodø;REALFAG;2026;0
Førstegangsvitnemålskvote;UIT;Hovedopptak;186 327;Biologi;Tromsø;REALFAG;2026;0
Ordinær kvote;UIT;Hovedopptak;186 327;Biologi;Tromsø;REALFAG;2026;0
Førstegangsvitnemålskvote;UIT;Suppleringsopptak;186 327;Biologi;Tromsø;REALFAG;2026;0
Ordinær kvote;UIT;Suppleringsopptak;186 327;Biologi;Tromsø;REALFAG;2026;0
Førstegangsvitnemålskvote;NTNU;Hovedopptak;194 327;Biologi;Trondheim;REALFAG;2026;49.8
Ordinær kvote;NTNU;Hovedopptak;194 327;Biologi;Trondheim;REALFAG;2026;50
Førstegangsvitnemålskvote;NTNU;Suppleringsopptak;194 327;Biologi;Trondheim;REALFAG;2026;49.8
Ordinær kvote;NTNU;Suppleringsopptak;194 327;Biologi;Trondheim;REALFAG;2026;50
Førstegangsvitnemålskvote;NTNU;Hovedopptak;194 184;Biologi og kjemi, realfag;Trondheim;REALFAG;2026;48.9
Ordinær kvote;NTNU;Hovedopptak;194 184;Biologi og kjemi, realfag;Trondheim;REALFAG;2026;50.5
Førstegangsvitnemålskvote;NTNU;Suppleringsopptak;194 184;Biologi og kjemi, realfag;Trondheim;REALFAG;2026;48.9
Ordinær kvote;NTNU;Suppleringsopptak;194 184;Biologi og kjemi, realfag;Trondheim;REALFAG;2026;50.5
Førstegangsvitnemålskvote;UIA;Hovedopptak;201 184;Biologi, årsstudium;Kristiansand;REALFAG;2026;0
Ordinær kvote;UIA;Hovedopptak;201 184;Biologi, årsstudium;Kristiansand;REALFAG;2026;0
Førstegangsvitnemålskvote;UIA;Suppleringsopptak;201 184;Biologi, årsstudium;Kristiansand;REALFAG;2026;0
Ordinær kvote;UIA;Suppleringsopptak;201 184;Biologi, årsstudium;Kristiansand;REALFAG;2026;0
Førstegangsvitnemålskvote;UIA;Hovedopptak;201 373;Biologi, årsstudium, nettbasert;Kristiansand;REALFAG;2026;0
Ordinær kvote;UIA;Hovedopptak;201 373;Biologi, årsstudium, nettbasert;Kristiansand;REALFAG;2026;0
Førstegangsvitnemålskvote;UIA;Suppleringsopptak;201 373;Biologi, årsstudium, nettbasert;Kristiansand;REALFAG;2026;0
Ordinær kvote;UIA;Suppleringsopptak;201 373;Biologi, årsstudium, nettbasert;Kristiansand;REALFAG;2026;0
Førstegangsvitnemålskvote;UIA;Hovedopptak;201 327;Biologi, bachelor;Kristiansand;REALFAG;2026;0
Ordinær kvote;UIA;Hovedopptak;201 327;Biologi, bachelor;Kristiansand;REALFAG;2026;0
Førstegangsvitnemålskvote;UIA;Suppleringsopptak;201 327;Biologi, bachelor;Kristiansand;REALFAG;2026;0
Ordinær kvote;UIA;Suppleringsopptak;201 327;Biologi, bachelor;Kristiansand;REALFAG;2026;0
Førstegangsvitnemålskvote;UIS;Hovedopptak;217 860;Biologisk kjemi;Stavanger;REALFAG;2026;0
Ordinær kvote;UIS;Hovedopptak;217 860;Biologisk kjemi;Stavanger;REALFAG;2026;0
Førstegangsvitnemålskvote;UIS;Suppleringsopptak;217 860;Biologisk kjemi;Stavanger;REALFAG;2026;0
Ordinær kvote;UIS;Suppleringsopptak;217 860;Biologisk kjemi;Stavanger;REALFAG;2026;0
Førstegangsvitnemålskvote;NTNU;Hovedopptak;194 298;Biomarin innovasjon;Ålesund;REALFAG;2026;42.4
Ordinær kvote;NTNU;Hovedopptak;194 298;Biomarin innovasjon;Ålesund;REALFAG;2026;45.7
Førstegangsvitnemålskvote;NTNU;Suppleringsopptak;194 298;Biomarin innovasjon;Ålesund;REALFAG;2026;42.4
Ordinær kvote;NTNU;Suppleringsopptak;194 298;Biomarin innovasjon;Ålesund;REALFAG;2026;45.7
Førstegangsvitnemålskvote;UIT;Hovedopptak;186 427;Biomedisin;Tromsø;REALFAG;2026;0
Ordinær kvote;UIT;Hovedopptak;186 427;Biomedisin;Tromsø;REALFAG;2026;0
Førstegangsvitnemålskvote;UIT;Suppleringsopptak;186 427;Biomedisin;Tromsø;REALFAG;2026;0
Ordinær kvote;UIT;Suppleringsopptak;186 427;Biomedisin;Tromsø;REALFAG;2026;0
Førstegangsvitnemålskvote;NMBU;Hovedopptak;192 299;Bioteknologi;Ås;REALFAG;2026;50
Ordinær kvote;NMBU;Hovedopptak;192 299;Bioteknologi;Ås;REALFAG;2026;49
Førstegangsvitnemålskvote;NMBU;Suppleringsopptak;192 299;Bioteknologi;Ås;REALFAG;2026;50
Ordinær kvote;NMBU;Suppleringsopptak;192 299;Bioteknologi;Ås;REALFAG;2026;49
Førstegangsvitnemålskvote;UIT;Hovedopptak;186 299;Bioteknologi;Tromsø;REALFAG;2026;0
Ordinær kvote;UIT;Hovedopptak;186 299;Bioteknologi;Tromsø;REALFAG;2026;0
Førstegangsvitnemålskvote;UIT;Suppleringsopptak;186 299;Bioteknologi;Tromsø;REALFAG;2026;0
Ordinær kvote;UIT;Suppleringsopptak;186 299;Bioteknologi;Tromsø;REALFAG;2026;0
Førstegangsvitnemålskvote;NTNU;Hovedopptak;194 855;Bioteknologi;Trondheim;REALFAG;2026;55.6
Ordinær kvote;NTNU;Hovedopptak;194 855;Bioteknologi;Trondheim;REALFAG;2026;57.8
Førstegangsvitnemålskvote;NTNU;Suppleringsopptak;194 855;Bioteknologi;Trondheim;REALFAG;2026;55.6
Ordinær kvote;NTNU;Suppleringsopptak;194 855;Bioteknologi;Trondheim;REALFAG;2026;57.8
Førstegangsvitnemålskvote;UIO;Hovedopptak;185 327;Biovitenskap;Oslo;REALFAG;2026;0
Ordinær kvote;UIO;Hovedopptak;185 327;Biovitenskap;Oslo;REALFAG;2026;0
Førstegangsvitnemålskvote;UIO;Suppleringsopptak;185 327;Biovitenskap;Oslo;REALFAG;2026;0
Ordinær kvote;UIO;Suppleringsopptak;185 327;Biovitenskap;Oslo;REALFAG;2026;0
Førstegangsvitnemålskvote;NTNU;Hovedopptak;194 820;Biovitenskap og laboratorieteknologi;Ålesund;REALFAG;2026;0
Ordinær kvote;NTNU;Hovedopptak;194 820;Biovitenskap og laboratorieteknologi;Ålesund;REALFAG;2026;0
Førstegangsvitnemålskvote;NTNU;Suppleringsopptak;194 820;Biovitenskap og laboratorieteknologi;Ålesund;REALFAG;2026;0
Ordinær kvote;NTNU;Suppleringsopptak;194 820;Biovitenskap og laboratorieteknologi;Ålesund;REALFAG;2026;0
Førstegangsvitnemålskvote;NHH;Hovedopptak;191 340;Business, economics and data science - siviløkonom;Bergen;ØKADM;2026;58.7
Ordinær kvote;NHH;Hovedopptak;191 340;Business, economics and data science - siviløkonom;Bergen;ØKADM;2026;63.8
Førstegangsvitnemålskvote;NHH;Suppleringsopptak;191 340;Business, economics and data science - siviløkonom;Bergen;ØKADM;2026;58.7
Ordinær kvote;NHH;Suppleringsopptak;191 340;Business, economics and data science - siviløkonom;Bergen;ØKADM;2026;63.8
Førstegangsvitnemålskvote;NMBU;Hovedopptak;192 949;By- og regionplanlegging;Ås;SAMFUNN;2026;44.3
Ordinær kvote;NMBU;Hovedopptak;192 949;By- og regionplanlegging;Ås;SAMFUNN;2026;51.3
Førstegangsvitnemålskvote;NMBU;Suppleringsopptak;192 949;By- og regionplanlegging;Ås;SAMFUNN;2026;44.3
Ordinær kvote;NMBU;Suppleringsopptak;192 949;By- og regionplanlegging;Ås;SAMFUNN;2026;51.3
Førstegangsvitnemålskvote;NTNU;Hovedopptak;194 759;Bygg og infrastruktur;Trondheim;TEKNO - SIVING;2026;51.3
Ordinær kvote;NTNU;Hovedopptak;194 759;Bygg og infrastruktur;Trondheim;TEKNO - SIVING;2026;52.2
Førstegangsvitnemålskvote;NTNU;Suppleringsopptak;194 759;Bygg og infrastruktur;Trondheim;TEKNO - SIVING;2026;51.3
Ordinær kvote;NTNU;Suppleringsopptak;194 759;Bygg og infrastruktur;Trondheim;TEKNO - SIVING;2026;52.2
Førstegangsvitnemålskvote;NMBU;Hovedopptak;192 759;Byggeteknikk og arkitektur;Ås;TEKNO - SIVING;2026;44.3
Ordinær kvote;NMBU;Hovedopptak;192 759;Byggeteknikk og arkitektur;Ås;TEKNO - SIVING;2026;47.2
Førstegangsvitnemålskvote;NMBU;Suppleringsopptak;192 759;Byggeteknikk og arkitektur;Ås;TEKNO - SIVING;2026;43.9
Ordinær kvote;NMBU;Suppleringsopptak;192 759;Byggeteknikk og arkitektur;Ås;TEKNO - SIVING;2026;47.2
Førstegangsvitnemålskvote;UIS;Hovedopptak;217 530;Byplanlegging og samfunnssikkerhet;Stavanger;SAMFUNN;2026;42.1
Ordinær kvote;UIS;Hovedopptak;217 530;Byplanlegging og samfunnssikkerhet;Stavanger;SAMFUNN;2026;47
Førstegangsvitnemålskvote;UIS;Suppleringsopptak;217 530;Byplanlegging og samfunnssikkerhet;Stavanger;SAMFUNN;2026;42.1
Ordinær kvote;UIS;Suppleringsopptak;217 530;Byplanlegging og samfunnssikkerhet;Stavanger;SAMFUNN;2026;46.7
Førstegangsvitnemålskvote;NORD;Hovedopptak;204 430;CG Art og animasjon;Levanger;ESTETISK;2026;0
Ordinær kvote;NORD;Hovedopptak;204 430;CG Art og animasjon;Levanger;ESTETISK;2026;0
Førstegangsvitnemålskvote;NORD;Suppleringsopptak;204 430;CG Art og animasjon;Levanger;ESTETISK;2026;0
Ordinær kvote;NORD;Suppleringsopptak;204 430;CG Art og animasjon;Levanger;ESTETISK;2026;0
Førstegangsvitnemålskvote;NTNU;Hovedopptak;194 770;Cybersikkerhet og datakommunikasjon;Trondheim;TEKNO - SIVING;2026;52.8
Ordinær kvote;NTNU;Hovedopptak;194 770;Cybersikkerhet og datakommunikasjon;Trondheim;TEKNO - SIVING;2026;50.6
Førstegangsvitnemålskvote;NTNU;Suppleringsopptak;194 770;Cybersikkerhet og datakommunikasjon;Trondheim;TEKNO - SIVING;2026;52.8
Ordinær kvote;NTNU;Suppleringsopptak;194 770;Cybersikkerhet og datakommunikasjon;Trondheim;TEKNO - SIVING;2026;50.6
Førstegangsvitnemålskvote;UIB;Hovedopptak;184 585;Data science (sivilingeniør);Bergen;TEKNO - SIVING;2026;50.1
Ordinær kvote;UIB;Hovedopptak;184 585;Data science (sivilingeniør);Bergen;TEKNO - SIVING;2026;52.4
Førstegangsvitnemålskvote;UIB;Suppleringsopptak;184 585;Data science (sivilingeniør);Bergen;TEKNO - SIVING;2026;49.8
Ordinær kvote;UIB;Suppleringsopptak;184 585;Data science (sivilingeniør);Bergen;TEKNO - SIVING;2026;52.4
Førstegangsvitnemålskvote;UIS;Hovedopptak;217 760;Datateknologi;Stavanger;TEKNO - SIVING;2026;0
Ordinær kvote;UIS;Hovedopptak;217 760;Datateknologi;Stavanger;TEKNO - SIVING;2026;0
Førstegangsvitnemålskvote;UIS;Suppleringsopptak;217 760;Datateknologi;Stavanger;TEKNO - SIVING;2026;0
Ordinær kvote;UIS;Suppleringsopptak;217 760;Datateknologi;Stavanger;TEKNO - SIVING;2026;0
Førstegangsvitnemålskvote;NTNU;Hovedopptak;194 760;Datateknologi;Trondheim;TEKNO - SIVING;2026;53
Ordinær kvote;NTNU;Hovedopptak;194 760;Datateknologi;Trondheim;TEKNO - SIVING;2026;50.8
Førstegangsvitnemålskvote;NTNU;Suppleringsopptak;194 760;Datateknologi;Trondheim;TEKNO - SIVING;2026;53
Ordinær kvote;NTNU;Suppleringsopptak;194 760;Datateknologi;Trondheim;TEKNO - SIVING;2026;50.8
Førstegangsvitnemålskvote;NMBU;Hovedopptak;192 804;Datavitenskap;Ås;TEKNO - SIVING;2026;0
Ordinær kvote;NMBU;Hovedopptak;192 804;Datavitenskap;Ås;TEKNO - SIVING;2026;0
Førstegangsvitnemålskvote;NMBU;Suppleringsopptak;192 804;Datavitenskap;Ås;TEKNO - SIVING;2026;0
Ordinær kvote;NMBU;Suppleringsopptak;192 804;Datavitenskap;Ås;TEKNO - SIVING;2026;0
Førstegangsvitnemålskvote;MF;Hovedopptak;190 219;Demokrati og mangfold, årsstudium;Oslo;SAMFUNN;2026;0
Ordinær kvote;MF;Hovedopptak;190 219;Demokrati og mangfold, årsstudium;Oslo;SAMFUNN;2026;0
Førstegangsvitnemålskvote;MF;Suppleringsopptak;190 219;Demokrati og mangfold, årsstudium;Oslo;SAMFUNN;2026;0
Ordinær kvote;MF;Suppleringsopptak;190 219;Demokrati og mangfold, årsstudium;Oslo;SAMFUNN;2026;0
Førstegangsvitnemålskvote;MF;Hovedopptak;190 930;Demokrati og mangfold, bachelor;Oslo;SAMFUNN;2026;0
Ordinær kvote;MF;Hovedopptak;190 930;Demokrati og mangfold, bachelor;Oslo;SAMFUNN;2026;0
Førstegangsvitnemålskvote;MF;Suppleringsopptak;190 930;Demokrati og mangfold, bachelor;Oslo;SAMFUNN;2026;0
Ordinær kvote;MF;Suppleringsopptak;190 930;Demokrati og mangfold, bachelor;Oslo;SAMFUNN;2026;0
Førstegangsvitnemålskvote;UIO;Hovedopptak;185 705;Dentale materialer, design og prosessteknikk;Oslo;HELSEFAG - ANNET;2026;45.9
Ordinær kvote;UIO;Hovedopptak;185 705;Dentale materialer, design og prosessteknikk;Oslo;HELSEFAG - ANNET;2026;56.9
Førstegangsvitnemålskvote;UIO;Suppleringsopptak;185 705;Dentale materialer, design og prosessteknikk;Oslo;HELSEFAG - ANNET;2026;45.9
Ordinær kvote;UIO;Suppleringsopptak;185 705;Dentale materialer, design og prosessteknikk;Oslo;HELSEFAG - ANNET;2026;56.9
Førstegangsvitnemålskvote;USN;Hovedopptak;222 098;Design i nye medier;Notodden;ESTETISK;2026;0
Ordinær kvote;USN;Hovedopptak;222 098;Design i nye medier;Notodden;ESTETISK;2026;0
Førstegangsvitnemålskvote;USN;Suppleringsopptak;222 098;Design i nye medier;Notodden;ESTETISK;2026;0
Ordinær kvote;USN;Suppleringsopptak;222 098;Design i nye medier;Notodden;ESTETISK;2026;0
Førstegangsvitnemålskvote;OSLOMET;Hovedopptak;215 602;Design og kommunikasjon i digitale medier, deltid;Oslo;ESTETISK;2026;0
Ordinær kvote;OSLOMET;Hovedopptak;215 602;Design og kommunikasjon i digitale medier, deltid;Oslo;ESTETISK;2026;56.3
Førstegangsvitnemålskvote;OSLOMET;Suppleringsopptak;215 602;Design og kommunikasjon i digitale medier, deltid;Oslo;ESTETISK;2026;0
Ordinær kvote;OSLOMET;Suppleringsopptak;215 602;Design og kommunikasjon i digitale medier, deltid;Oslo;ESTETISK;2026;53
Førstegangsvitnemålskvote;HVO;Hovedopptak;223 630;Design, kunst og håndverk, årsstudium;Volda;ESTETISK;2026;0
Ordinær kvote;HVO;Hovedopptak;223 630;Design, kunst og håndverk, årsstudium;Volda;ESTETISK;2026;0
Førstegangsvitnemålskvote;HVO;Suppleringsopptak;223 630;Design, kunst og håndverk, årsstudium;Volda;ESTETISK;2026;0
Ordinær kvote;HVO;Suppleringsopptak;223 630;Design, kunst og håndverk, årsstudium;Volda;ESTETISK;2026;0
Førstegangsvitnemålskvote;HVO;Hovedopptak;223 472;Design, kunst og håndverk, bachelor;Volda;ESTETISK;2026;0
Ordinær kvote;HVO;Hovedopptak;223 472;Design, kunst og håndverk, bachelor;Volda;ESTETISK;2026;0
Førstegangsvitnemålskvote;HVO;Suppleringsopptak;223 472;Design, kunst og håndverk, bachelor;Volda;ESTETISK;2026;0
Ordinær kvote;HVO;Suppleringsopptak;223 472;Design, kunst og håndverk, bachelor;Volda;ESTETISK;2026;0
Førstegangsvitnemålskvote;AHO;Hovedopptak;189 343;Design*;Oslo;TEKNO - SIVING;2026;121.93
Ordinær kvote;AHO;Hovedopptak;189 343;Design*;Oslo;TEKNO - SIVING;2026;156.17
Førstegangsvitnemålskvote;AHO;Suppleringsopptak;189 343;Design*;Oslo;TEKNO - SIVING;2026;121.93
Ordinær kvote;AHO;Suppleringsopptak;189 343;Design*;Oslo;TEKNO - SIVING;2026;156.17
Førstegangsvitnemålskvote;NTNU;Hovedopptak;194 098;Digital design;Gjøvik;MEDIEFAG;2026;0
Ordinær kvote;NTNU;Hovedopptak;194 098;Digital design;Gjøvik;MEDIEFAG;2026;61.7
Førstegangsvitnemålskvote;NTNU;Suppleringsopptak;194 098;Digital design;Gjøvik;MEDIEFAG;2026;0
Ordinær kvote;NTNU;Suppleringsopptak;194 098;Digital design;Gjøvik;MEDIEFAG;2026;59.4
Førstegangsvitnemålskvote;NTNU;Hovedopptak;194 422;Digital forretningsutvikling;Trondheim;INFOTEKN;2026;49.8
Ordinær kvote;NTNU;Hovedopptak;194 422;Digital forretningsutvikling;Trondheim;INFOTEKN;2026;55.2
Førstegangsvitnemålskvote;NTNU;Suppleringsopptak;194 422;Digital forretningsutvikling;Trondheim;INFOTEKN;2026;49.8
Ordinær kvote;NTNU;Suppleringsopptak;194 422;Digital forretningsutvikling;Trondheim;INFOTEKN;2026;55.2
Førstegangsvitnemålskvote;NTNU;Hovedopptak;194 300;Digital infrastruktur og cybersikkerhet, Gjøvik;Gjøvik;INFOTEKN;2026;0
Ordinær kvote;NTNU;Hovedopptak;194 300;Digital infrastruktur og cybersikkerhet, Gjøvik;Gjøvik;INFOTEKN;2026;44.2
Førstegangsvitnemålskvote;NTNU;Suppleringsopptak;194 300;Digital infrastruktur og cybersikkerhet, Gjøvik;Gjøvik;INFOTEKN;2026;0
Ordinær kvote;NTNU;Suppleringsopptak;194 300;Digital infrastruktur og cybersikkerhet, Gjøvik;Gjøvik;INFOTEKN;2026;0
Førstegangsvitnemålskvote;NTNU;Hovedopptak;194 940;Digital infrastruktur og cybersikkerhet, Trondheim;Trondheim;INFOTEKN;2026;48.3
Ordinær kvote;NTNU;Hovedopptak;194 940;Digital infrastruktur og cybersikkerhet, Trondheim;Trondheim;INFOTEKN;2026;52.9
Førstegangsvitnemålskvote;NTNU;Suppleringsopptak;194 940;Digital infrastruktur og cybersikkerhet, Trondheim;Trondheim;INFOTEKN;2026;48
Ordinær kvote;NTNU;Suppleringsopptak;194 940;Digital infrastruktur og cybersikkerhet, Trondheim;Trondheim;INFOTEKN;2026;52.2
Førstegangsvitnemålskvote;UIB;Hovedopptak;184 472;Digital kultur;Bergen;ESTETISK;2026;0
Ordinær kvote;UIB;Hovedopptak;184 472;Digital kultur;Bergen;ESTETISK;2026;0
Førstegangsvitnemålskvote;UIB;Suppleringsopptak;184 472;Digital kultur;Bergen;ESTETISK;2026;0
Ordinær kvote;UIB;Suppleringsopptak;184 472;Digital kultur;Bergen;ESTETISK;2026;0
Førstegangsvitnemålskvote;USN;Hovedopptak;222 136;Digital mediedesign, Hallingdal;Gol;ESTETISK;2026;0
Ordinær kvote;USN;Hovedopptak;222 136;Digital mediedesign, Hallingdal;Gol;ESTETISK;2026;0
Førstegangsvitnemålskvote;USN;Suppleringsopptak;222 136;Digital mediedesign, Hallingdal;Gol;ESTETISK;2026;0
Ordinær kvote;USN;Suppleringsopptak;222 136;Digital mediedesign, Hallingdal;Gol;ESTETISK;2026;0
Førstegangsvitnemålskvote;USN;Hovedopptak;222 602;Digital mediedesign, Notodden;Notodden;ESTETISK;2026;0
Ordinær kvote;USN;Hovedopptak;222 602;Digital mediedesign, Notodden;Notodden;ESTETISK;2026;0
Førstegangsvitnemålskvote;USN;Suppleringsopptak;222 602;Digital mediedesign, Notodden;Notodden;ESTETISK;2026;0
Ordinær kvote;USN;Suppleringsopptak;222 602;Digital mediedesign, Notodden;Notodden;ESTETISK;2026;0
Førstegangsvitnemålskvote;HVL;Hovedopptak;203 218;Digital økonomi og ledelse;Bergen;ØKADM;2026;47.4
Ordinær kvote;HVL;Hovedopptak;203 218;Digital økonomi og ledelse;Bergen;ØKADM;2026;56
Førstegangsvitnemålskvote;HVL;Suppleringsopptak;203 218;Digital økonomi og ledelse;Bergen;ØKADM;2026;46.8
Ordinær kvote;HVL;Suppleringsopptak;203 218;Digital økonomi og ledelse;Bergen;ØKADM;2026;54.7
Førstegangsvitnemålskvote;UIS;Hovedopptak;217 470;Digital serviceledelse - dataanalyse;Stavanger;REISELIV;2026;37.7
Ordinær kvote;UIS;Hovedopptak;217 470;Digital serviceledelse - dataanalyse;Stavanger;REISELIV;2026;41
Førstegangsvitnemålskvote;UIS;Suppleringsopptak;217 470;Digital serviceledelse - dataanalyse;Stavanger;REISELIV;2026;37.7
Ordinær kvote;UIS;Suppleringsopptak;217 470;Digital serviceledelse - dataanalyse;Stavanger;REISELIV;2026;41
Førstegangsvitnemålskvote;UIS;Hovedopptak;217 525;Digital serviceledelse - tjenesteinnovasjon;Stavanger;REISELIV;2026;36
Ordinær kvote;UIS;Hovedopptak;217 525;Digital serviceledelse - tjenesteinnovasjon;Stavanger;REISELIV;2026;37.8
Førstegangsvitnemålskvote;UIS;Suppleringsopptak;217 525;Digital serviceledelse - tjenesteinnovasjon;Stavanger;REISELIV;2026;36
Ordinær kvote;UIS;Suppleringsopptak;217 525;Digital serviceledelse - tjenesteinnovasjon;Stavanger;REISELIV;2026;37.8
Førstegangsvitnemålskvote;HIØ;Hovedopptak;224 845;Digitale medier og design;Halden;INFOTEKN;2026;0
Ordinær kvote;HIØ;Hovedopptak;224 845;Digitale medier og design;Halden;INFOTEKN;2026;0
Førstegangsvitnemålskvote;HIØ;Suppleringsopptak;224 845;Digitale medier og design;Halden;INFOTEKN;2026;0
Ordinær kvote;HIØ;Suppleringsopptak;224 845;Digitale medier og design;Halden;INFOTEKN;2026;0
Førstegangsvitnemålskvote;INN;Hovedopptak;209 264;Dokumentar- og TV-produksjon ;Lillehammer;MEDIEFAG;2026;-1
Ordinær kvote;INN;Hovedopptak;209 264;Dokumentar- og TV-produksjon ;Lillehammer;MEDIEFAG;2026;-1
Førstegangsvitnemålskvote;INN;Suppleringsopptak;209 264;Dokumentar- og TV-produksjon ;Lillehammer;MEDIEFAG;2026;-1
Ordinær kvote;INN;Suppleringsopptak;209 264;Dokumentar- og TV-produksjon ;Lillehammer;MEDIEFAG;2026;-1
Førstegangsvitnemålskvote;INN;Hovedopptak;209 847;Dokumentar- og TV-regi ;Lillehammer;MEDIEFAG;2026;-1
Ordinær kvote;INN;Hovedopptak;209 847;Dokumentar- og TV-regi ;Lillehammer;MEDIEFAG;2026;-1
Førstegangsvitnemålskvote;INN;Suppleringsopptak;209 847;Dokumentar- og TV-regi ;Lillehammer;MEDIEFAG;2026;-1
Ordinær kvote;INN;Suppleringsopptak;209 847;Dokumentar- og TV-regi ;Lillehammer;MEDIEFAG;2026;-1
Førstegangsvitnemålskvote;OSLOMET;Hovedopptak;215 528;Dokumentasjonsforvaltning, deltid;Oslo;MEDIEFAG;2026;0
Ordinær kvote;OSLOMET;Hovedopptak;215 528;Dokumentasjonsforvaltning, deltid;Oslo;MEDIEFAG;2026;56.9
Førstegangsvitnemålskvote;OSLOMET;Suppleringsopptak;215 528;Dokumentasjonsforvaltning, deltid;Oslo;MEDIEFAG;2026;0
Ordinær kvote;OSLOMET;Suppleringsopptak;215 528;Dokumentasjonsforvaltning, deltid;Oslo;MEDIEFAG;2026;55.1
Førstegangsvitnemålskvote;NTNU;Hovedopptak;194 796;Drama og teater, årsstudium;Trondheim;ESTETISK;2026;0
Ordinær kvote;NTNU;Hovedopptak;194 796;Drama og teater, årsstudium;Trondheim;ESTETISK;2026;0
Førstegangsvitnemålskvote;NTNU;Suppleringsopptak;194 796;Drama og teater, årsstudium;Trondheim;ESTETISK;2026;0
Ordinær kvote;NTNU;Suppleringsopptak;194 796;Drama og teater, årsstudium;Trondheim;ESTETISK;2026;0
Førstegangsvitnemålskvote;NTNU;Hovedopptak;194 439;Drama og teater, bachelor;Trondheim;ESTETISK;2026;0
Ordinær kvote;NTNU;Hovedopptak;194 439;Drama og teater, bachelor;Trondheim;ESTETISK;2026;0
Førstegangsvitnemålskvote;NTNU;Suppleringsopptak;194 439;Drama og teater, bachelor;Trondheim;ESTETISK;2026;0
Ordinær kvote;NTNU;Suppleringsopptak;194 439;Drama og teater, bachelor;Trondheim;ESTETISK;2026;0
Førstegangsvitnemålskvote;OSLOMET;Hovedopptak;215 618;Drama og teaterkommunikasjon, årsstudium;Oslo;ESTETISK;2026;0
Ordinær kvote;OSLOMET;Hovedopptak;215 618;Drama og teaterkommunikasjon, årsstudium;Oslo;ESTETISK;2026;52.2
Førstegangsvitnemålskvote;OSLOMET;Suppleringsopptak;215 618;Drama og teaterkommunikasjon, årsstudium;Oslo;ESTETISK;2026;0
Ordinær kvote;OSLOMET;Suppleringsopptak;215 618;Drama og teaterkommunikasjon, årsstudium;Oslo;ESTETISK;2026;37.9
Førstegangsvitnemålskvote;OSLOMET;Hovedopptak;215 439;Drama og teaterkommunikasjon, bachelor;Oslo;ESTETISK;2026;0
Ordinær kvote;OSLOMET;Hovedopptak;215 439;Drama og teaterkommunikasjon, bachelor;Oslo;ESTETISK;2026;0
Førstegangsvitnemålskvote;OSLOMET;Suppleringsopptak;215 439;Drama og teaterkommunikasjon, bachelor;Oslo;ESTETISK;2026;0
Ordinær kvote;OSLOMET;Suppleringsopptak;215 439;Drama og teaterkommunikasjon, bachelor;Oslo;ESTETISK;2026;0
Førstegangsvitnemålskvote;NMBU;Hovedopptak;192 504;Dyrepleie;Ås;HELSEFAG - VETERIN;2026;0
Ordinær kvote;NMBU;Hovedopptak;192 504;Dyrepleie;Ås;HELSEFAG - VETERIN;2026;0
Førstegangsvitnemålskvote;NMBU;Suppleringsopptak;192 504;Dyrepleie;Ås;HELSEFAG - VETERIN;2026;0
Ordinær kvote;NMBU;Suppleringsopptak;192 504;Dyrepleie;Ås;HELSEFAG - VETERIN;2026;0
Førstegangsvitnemålskvote;NORD;Hovedopptak;204 504;Dyrepleie;Bodø;HELSEFAG - VETERIN;2026;0
Ordinær kvote;NORD;Hovedopptak;204 504;Dyrepleie;Bodø;HELSEFAG - VETERIN;2026;0
Førstegangsvitnemålskvote;NORD;Suppleringsopptak;204 504;Dyrepleie;Bodø;HELSEFAG - VETERIN;2026;0
Ordinær kvote;NORD;Suppleringsopptak;204 504;Dyrepleie;Bodø;HELSEFAG - VETERIN;2026;0
Førstegangsvitnemålskvote;NMBU;Hovedopptak;192 230;Eiendom;Ås;SAMFUNN;2026;46.2
Ordinær kvote;NMBU;Hovedopptak;192 230;Eiendom;Ås;SAMFUNN;2026;51.4
Førstegangsvitnemålskvote;NMBU;Suppleringsopptak;192 230;Eiendom;Ås;SAMFUNN;2026;46.2
Ordinær kvote;NMBU;Suppleringsopptak;192 230;Eiendom;Ås;SAMFUNN;2026;51.4
Førstegangsvitnemålskvote;USN;Hovedopptak;222 368;Eiendomsmegling;Midt-Telemark;ØKADM;2026;39.1
Ordinær kvote;USN;Hovedopptak;222 368;Eiendomsmegling;Midt-Telemark;ØKADM;2026;38.9
Førstegangsvitnemålskvote;USN;Suppleringsopptak;222 368;Eiendomsmegling;Midt-Telemark;ØKADM;2026;39.1
Ordinær kvote;USN;Suppleringsopptak;222 368;Eiendomsmegling;Midt-Telemark;ØKADM;2026;38.9
Førstegangsvitnemålskvote;NORD;Hovedopptak;204 368;Eiendomsmegling og markedsanalyser;Bodø;ØKADM;2026;39.6
Ordinær kvote;NORD;Hovedopptak;204 368;Eiendomsmegling og markedsanalyser;Bodø;ØKADM;2026;38.1
Førstegangsvitnemålskvote;NORD;Suppleringsopptak;204 368;Eiendomsmegling og markedsanalyser;Bodø;ØKADM;2026;37.9
Ordinær kvote;NORD;Suppleringsopptak;204 368;Eiendomsmegling og markedsanalyser;Bodø;ØKADM;2026;38.1
Førstegangsvitnemålskvote;HVL;Hovedopptak;203 368;Eiendomsmegling, økonomi og jus;Sogndal;ØKADM;2026;41.2
Ordinær kvote;HVL;Hovedopptak;203 368;Eiendomsmegling, økonomi og jus;Sogndal;ØKADM;2026;38.8
Førstegangsvitnemålskvote;HVL;Suppleringsopptak;203 368;Eiendomsmegling, økonomi og jus;Sogndal;ØKADM;2026;41.2
Ordinær kvote;HVL;Suppleringsopptak;203 368;Eiendomsmegling, økonomi og jus;Sogndal;ØKADM;2026;38.8
Førstegangsvitnemålskvote;UIO;Hovedopptak;185 856;Elektronikk, informatikk og teknologi;Oslo;REALFAG;2026;0
Ordinær kvote;UIO;Hovedopptak;185 856;Elektronikk, informatikk og teknologi;Oslo;REALFAG;2026;0
Førstegangsvitnemålskvote;UIO;Suppleringsopptak;185 856;Elektronikk, informatikk og teknologi;Oslo;REALFAG;2026;0
Ordinær kvote;UIO;Suppleringsopptak;185 856;Elektronikk, informatikk og teknologi;Oslo;REALFAG;2026;0
Førstegangsvitnemålskvote;NTNU;Hovedopptak;194 761;Elektronisk systemdesign og innovasjon;Trondheim;TEKNO - SIVING;2026;53.1
Ordinær kvote;NTNU;Hovedopptak;194 761;Elektronisk systemdesign og innovasjon;Trondheim;TEKNO - SIVING;2026;51.4
Førstegangsvitnemålskvote;NTNU;Suppleringsopptak;194 761;Elektronisk systemdesign og innovasjon;Trondheim;TEKNO - SIVING;2026;53.1
Ordinær kvote;NTNU;Suppleringsopptak;194 761;Elektronisk systemdesign og innovasjon;Trondheim;TEKNO - SIVING;2026;51.4
Førstegangsvitnemålskvote;UIB;Hovedopptak;184 769;Energi (sivilingeniør) ;Bergen;TEKNO - SIVING;2026;52.3
Ordinær kvote;UIB;Hovedopptak;184 769;Energi (sivilingeniør) ;Bergen;TEKNO - SIVING;2026;53.3
Førstegangsvitnemålskvote;UIB;Suppleringsopptak;184 769;Energi (sivilingeniør) ;Bergen;TEKNO - SIVING;2026;51.8
Ordinær kvote;UIB;Suppleringsopptak;184 769;Energi (sivilingeniør) ;Bergen;TEKNO - SIVING;2026;53
Førstegangsvitnemålskvote;NTNU;Hovedopptak;194 769;Energi og miljø;Trondheim;TEKNO - SIVING;2026;51.2
Ordinær kvote;NTNU;Hovedopptak;194 769;Energi og miljø;Trondheim;TEKNO - SIVING;2026;50.1
Førstegangsvitnemålskvote;NTNU;Suppleringsopptak;194 769;Energi og miljø;Trondheim;TEKNO - SIVING;2026;49.5
Ordinær kvote;NTNU;Suppleringsopptak;194 769;Energi og miljø;Trondheim;TEKNO - SIVING;2026;49.5
Førstegangsvitnemålskvote;NMBU;Hovedopptak;192 857;Energi- og miljøfysikk;Ås;REALFAG;2026;0
Ordinær kvote;NMBU;Hovedopptak;192 857;Energi- og miljøfysikk;Ås;REALFAG;2026;0
Førstegangsvitnemålskvote;NMBU;Suppleringsopptak;192 857;Energi- og miljøfysikk;Ås;REALFAG;2026;0
Ordinær kvote;NMBU;Suppleringsopptak;192 857;Energi- og miljøfysikk;Ås;REALFAG;2026;0
Førstegangsvitnemålskvote;HIØ;Hovedopptak;224 170;Engelsk;Halden;SPRÅK;2026;0
Ordinær kvote;HIØ;Hovedopptak;224 170;Engelsk;Halden;SPRÅK;2026;0
Førstegangsvitnemålskvote;HIØ;Suppleringsopptak;224 170;Engelsk;Halden;SPRÅK;2026;0
Ordinær kvote;HIØ;Suppleringsopptak;224 170;Engelsk;Halden;SPRÅK;2026;0
Førstegangsvitnemålskvote;INN;Hovedopptak;209 623;Engelsk;Hamar;SPRÅK;2026;0
Ordinær kvote;INN;Hovedopptak;209 623;Engelsk;Hamar;SPRÅK;2026;0
Førstegangsvitnemålskvote;INN;Suppleringsopptak;209 623;Engelsk;Hamar;SPRÅK;2026;0
Ordinær kvote;INN;Suppleringsopptak;209 623;Engelsk;Hamar;SPRÅK;2026;0
Førstegangsvitnemålskvote;NLA;Hovedopptak;254 170;Engelsk;Oslo;SPRÅK;2026;0
Ordinær kvote;NLA;Hovedopptak;254 170;Engelsk;Oslo;SPRÅK;2026;0
Førstegangsvitnemålskvote;NLA;Suppleringsopptak;254 170;Engelsk;Oslo;SPRÅK;2026;0
Ordinær kvote;NLA;Suppleringsopptak;254 170;Engelsk;Oslo;SPRÅK;2026;0
Førstegangsvitnemålskvote;UIS;Hovedopptak;217 170;Engelsk språk og litteratur, årsstudium;Stavanger;SPRÅK;2026;0
Ordinær kvote;UIS;Hovedopptak;217 170;Engelsk språk og litteratur, årsstudium;Stavanger;SPRÅK;2026;0
Førstegangsvitnemålskvote;UIS;Suppleringsopptak;217 170;Engelsk språk og litteratur, årsstudium;Stavanger;SPRÅK;2026;0
Ordinær kvote;UIS;Suppleringsopptak;217 170;Engelsk språk og litteratur, årsstudium;Stavanger;SPRÅK;2026;0
Førstegangsvitnemålskvote;UIS;Hovedopptak;217 887;Engelsk språk og litteratur, bachelor;Stavanger;SPRÅK;2026;0
Ordinær kvote;UIS;Hovedopptak;217 887;Engelsk språk og litteratur, bachelor;Stavanger;SPRÅK;2026;0
Førstegangsvitnemålskvote;UIS;Suppleringsopptak;217 887;Engelsk språk og litteratur, bachelor;Stavanger;SPRÅK;2026;0
Ordinær kvote;UIS;Suppleringsopptak;217 887;Engelsk språk og litteratur, bachelor;Stavanger;SPRÅK;2026;0
Førstegangsvitnemålskvote;UIB;Hovedopptak;184 170;Engelsk, årsstudium;Bergen;SPRÅK;2026;0
Ordinær kvote;UIB;Hovedopptak;184 170;Engelsk, årsstudium;Bergen;SPRÅK;2026;0
Førstegangsvitnemålskvote;UIB;Suppleringsopptak;184 170;Engelsk, årsstudium;Bergen;SPRÅK;2026;0
Ordinær kvote;UIB;Suppleringsopptak;184 170;Engelsk, årsstudium;Bergen;SPRÅK;2026;0
Førstegangsvitnemålskvote;UIA;Hovedopptak;201 170;Engelsk, årsstudium;Kristiansand;SPRÅK;2026;0
Ordinær kvote;UIA;Hovedopptak;201 170;Engelsk, årsstudium;Kristiansand;SPRÅK;2026;0
Førstegangsvitnemålskvote;UIA;Suppleringsopptak;201 170;Engelsk, årsstudium;Kristiansand;SPRÅK;2026;0
Ordinær kvote;UIA;Suppleringsopptak;201 170;Engelsk, årsstudium;Kristiansand;SPRÅK;2026;0
Førstegangsvitnemålskvote;UIO;Hovedopptak;185 170;Engelsk, årsstudium;Oslo;SPRÅK;2026;0
Ordinær kvote;UIO;Hovedopptak;185 170;Engelsk, årsstudium;Oslo;SPRÅK;2026;0
Førstegangsvitnemålskvote;UIO;Suppleringsopptak;185 170;Engelsk, årsstudium;Oslo;SPRÅK;2026;0
Ordinær kvote;UIO;Suppleringsopptak;185 170;Engelsk, årsstudium;Oslo;SPRÅK;2026;0
Førstegangsvitnemålskvote;UIT;Hovedopptak;186 170;Engelsk, årsstudium;Tromsø;SPRÅK;2026;0
Ordinær kvote;UIT;Hovedopptak;186 170;Engelsk, årsstudium;Tromsø;SPRÅK;2026;0
Førstegangsvitnemålskvote;UIT;Suppleringsopptak;186 170;Engelsk, årsstudium;Tromsø;SPRÅK;2026;0
Ordinær kvote;UIT;Suppleringsopptak;186 170;Engelsk, årsstudium;Tromsø;SPRÅK;2026;0
Førstegangsvitnemålskvote;NTNU;Hovedopptak;194 170;Engelsk, årsstudium;Trondheim;SPRÅK;2026;0
Ordinær kvote;NTNU;Hovedopptak;194 170;Engelsk, årsstudium;Trondheim;SPRÅK;2026;0
Førstegangsvitnemålskvote;NTNU;Suppleringsopptak;194 170;Engelsk, årsstudium;Trondheim;SPRÅK;2026;0
Ordinær kvote;NTNU;Suppleringsopptak;194 170;Engelsk, årsstudium;Trondheim;SPRÅK;2026;0
Førstegangsvitnemålskvote;UIB;Hovedopptak;184 887;Engelsk, bachelor;Bergen;SPRÅK;2026;0
Ordinær kvote;UIB;Hovedopptak;184 887;Engelsk, bachelor;Bergen;SPRÅK;2026;0
Førstegangsvitnemålskvote;UIB;Suppleringsopptak;184 887;Engelsk, bachelor;Bergen;SPRÅK;2026;0
Ordinær kvote;UIB;Suppleringsopptak;184 887;Engelsk, bachelor;Bergen;SPRÅK;2026;0
Førstegangsvitnemålskvote;UIA;Hovedopptak;201 887;Engelsk, bachelor;Kristiansand;SPRÅK;2026;0
Ordinær kvote;UIA;Hovedopptak;201 887;Engelsk, bachelor;Kristiansand;SPRÅK;2026;0
Førstegangsvitnemålskvote;UIA;Suppleringsopptak;201 887;Engelsk, bachelor;Kristiansand;SPRÅK;2026;0
Ordinær kvote;UIA;Suppleringsopptak;201 887;Engelsk, bachelor;Kristiansand;SPRÅK;2026;0
Førstegangsvitnemålskvote;UIO;Hovedopptak;185 920;Engelsk, bachelor;Oslo;SPRÅK;2026;0
Ordinær kvote;UIO;Hovedopptak;185 920;Engelsk, bachelor;Oslo;SPRÅK;2026;0
Førstegangsvitnemålskvote;UIO;Suppleringsopptak;185 920;Engelsk, bachelor;Oslo;SPRÅK;2026;0
Ordinær kvote;UIO;Suppleringsopptak;185 920;Engelsk, bachelor;Oslo;SPRÅK;2026;0
Førstegangsvitnemålskvote;UIT;Hovedopptak;186 887;Engelsk, bachelor;Tromsø;SPRÅK;2026;0
Ordinær kvote;UIT;Hovedopptak;186 887;Engelsk, bachelor;Tromsø;SPRÅK;2026;0
Førstegangsvitnemålskvote;UIT;Suppleringsopptak;186 887;Engelsk, bachelor;Tromsø;SPRÅK;2026;0
Ordinær kvote;UIT;Suppleringsopptak;186 887;Engelsk, bachelor;Tromsø;SPRÅK;2026;0
Førstegangsvitnemålskvote;NTNU;Hovedopptak;194 887;Engelsk, bachelor;Trondheim;SPRÅK;2026;0
Ordinær kvote;NTNU;Hovedopptak;194 887;Engelsk, bachelor;Trondheim;SPRÅK;2026;0
Førstegangsvitnemålskvote;NTNU;Suppleringsopptak;194 887;Engelsk, bachelor;Trondheim;SPRÅK;2026;0
Ordinær kvote;NTNU;Suppleringsopptak;194 887;Engelsk, bachelor;Trondheim;SPRÅK;2026;0
Førstegangsvitnemålskvote;USN;Hovedopptak;222 606;Engelsk, Bø;Midt-Telemark;SPRÅK;2026;0
Ordinær kvote;USN;Hovedopptak;222 606;Engelsk, Bø;Midt-Telemark;SPRÅK;2026;0
Førstegangsvitnemålskvote;USN;Suppleringsopptak;222 606;Engelsk, Bø;Midt-Telemark;SPRÅK;2026;0
Ordinær kvote;USN;Suppleringsopptak;222 606;Engelsk, Bø;Midt-Telemark;SPRÅK;2026;0
Førstegangsvitnemålskvote;NORD;Hovedopptak;204 170;Engelsk, Bodø;Bodø;SPRÅK;2026;0
Ordinær kvote;NORD;Hovedopptak;204 170;Engelsk, Bodø;Bodø;SPRÅK;2026;0
Førstegangsvitnemålskvote;NORD;Suppleringsopptak;204 170;Engelsk, Bodø;Bodø;SPRÅK;2026;0
Ordinær kvote;NORD;Suppleringsopptak;204 170;Engelsk, Bodø;Bodø;SPRÅK;2026;0
Førstegangsvitnemålskvote;USN;Hovedopptak;222 622;Engelsk, deltid;Midt-Telemark;SPRÅK;2026;0
Ordinær kvote;USN;Hovedopptak;222 622;Engelsk, deltid;Midt-Telemark;SPRÅK;2026;0
Førstegangsvitnemålskvote;USN;Suppleringsopptak;222 622;Engelsk, deltid;Midt-Telemark;SPRÅK;2026;0
Ordinær kvote;USN;Suppleringsopptak;222 622;Engelsk, deltid;Midt-Telemark;SPRÅK;2026;0
Førstegangsvitnemålskvote;HVO;Hovedopptak;223 170;Engelsk, deltid;Volda;SPRÅK;2026;0
Ordinær kvote;HVO;Hovedopptak;223 170;Engelsk, deltid;Volda;SPRÅK;2026;0
Førstegangsvitnemålskvote;HVO;Suppleringsopptak;223 170;Engelsk, deltid;Volda;SPRÅK;2026;0
Ordinær kvote;HVO;Suppleringsopptak;223 170;Engelsk, deltid;Volda;SPRÅK;2026;0
Førstegangsvitnemålskvote;NORD;Hovedopptak;204 623;Engelsk, Levanger;Levanger;SPRÅK;2026;0
Ordinær kvote;NORD;Hovedopptak;204 623;Engelsk, Levanger;Levanger;SPRÅK;2026;0
Førstegangsvitnemålskvote;NORD;Suppleringsopptak;204 623;Engelsk, Levanger;Levanger;SPRÅK;2026;0
Ordinær kvote;NORD;Suppleringsopptak;204 623;Engelsk, Levanger;Levanger;SPRÅK;2026;0
Førstegangsvitnemålskvote;HVL;Hovedopptak;203 170;Engelsk, Sogndal;Sogndal;SPRÅK;2026;0
Ordinær kvote;HVL;Hovedopptak;203 170;Engelsk, Sogndal;Sogndal;SPRÅK;2026;0
Førstegangsvitnemålskvote;HVL;Suppleringsopptak;203 170;Engelsk, Sogndal;Sogndal;SPRÅK;2026;-1
Ordinær kvote;HVL;Suppleringsopptak;203 170;Engelsk, Sogndal;Sogndal;SPRÅK;2026;-1
Førstegangsvitnemålskvote;USN;Hovedopptak;222 623;Engelsk, Vestfold;Horten;SPRÅK;2026;0
Ordinær kvote;USN;Hovedopptak;222 623;Engelsk, Vestfold;Horten;SPRÅK;2026;0
Førstegangsvitnemålskvote;USN;Suppleringsopptak;222 623;Engelsk, Vestfold;Horten;SPRÅK;2026;0
Ordinær kvote;USN;Suppleringsopptak;222 623;Engelsk, Vestfold;Horten;SPRÅK;2026;0
Førstegangsvitnemålskvote;USN;Hovedopptak;222 468;Entreprenørskap og bærekraftig innovasjon;Midt-Telemark;ØKADM;2026;0
Ordinær kvote;USN;Hovedopptak;222 468;Entreprenørskap og bærekraftig innovasjon;Midt-Telemark;ØKADM;2026;0
Førstegangsvitnemålskvote;USN;Suppleringsopptak;222 468;Entreprenørskap og bærekraftig innovasjon;Midt-Telemark;ØKADM;2026;0
Ordinær kvote;USN;Suppleringsopptak;222 468;Entreprenørskap og bærekraftig innovasjon;Midt-Telemark;ØKADM;2026;0
Førstegangsvitnemålskvote;HVL;Hovedopptak;203 700;Ergoterapi;Bergen;HELSEFAG - ERGO;2026;45.6
Ordinær kvote;HVL;Hovedopptak;203 700;Ergoterapi;Bergen;HELSEFAG - ERGO;2026;48
Førstegangsvitnemålskvote;HVL;Suppleringsopptak;203 700;Ergoterapi;Bergen;HELSEFAG - ERGO;2026;45.6
Ordinær kvote;HVL;Suppleringsopptak;203 700;Ergoterapi;Bergen;HELSEFAG - ERGO;2026;48
Førstegangsvitnemålskvote;OSLOMET;Hovedopptak;215 700;Ergoterapi;Oslo;HELSEFAG - ERGO;2026;40
Ordinær kvote;OSLOMET;Hovedopptak;215 700;Ergoterapi;Oslo;HELSEFAG - ERGO;2026;47.4
Førstegangsvitnemålskvote;OSLOMET;Suppleringsopptak;215 700;Ergoterapi;Oslo;HELSEFAG - ERGO;2026;39.8
Ordinær kvote;OSLOMET;Suppleringsopptak;215 700;Ergoterapi;Oslo;HELSEFAG - ERGO;2026;46.9
Førstegangsvitnemålskvote;VID;Hovedopptak;251 700;Ergoterapi;Stavanger;HELSEFAG - ERGO;2026;36.5
Ordinær kvote;VID;Hovedopptak;251 700;Ergoterapi;Stavanger;HELSEFAG - ERGO;2026;38.8
Førstegangsvitnemålskvote;VID;Suppleringsopptak;251 700;Ergoterapi;Stavanger;HELSEFAG - ERGO;2026;32.6
Ordinær kvote;VID;Suppleringsopptak;251 700;Ergoterapi;Stavanger;HELSEFAG - ERGO;2026;33.9
Førstegangsvitnemålskvote;UIT;Hovedopptak;186 700;Ergoterapi;Tromsø;HELSEFAG - ERGO;2026;0
Ordinær kvote;UIT;Hovedopptak;186 700;Ergoterapi;Tromsø;HELSEFAG - ERGO;2026;0
Førstegangsvitnemålskvote;UIT;Suppleringsopptak;186 700;Ergoterapi;Tromsø;HELSEFAG - ERGO;2026;0
Ordinær kvote;UIT;Suppleringsopptak;186 700;Ergoterapi;Tromsø;HELSEFAG - ERGO;2026;0
Førstegangsvitnemålskvote;NTNU;Hovedopptak;194 594;Ergoterapi;Trondheim;HELSEFAG - ERGO;2026;44
Ordinær kvote;NTNU;Hovedopptak;194 594;Ergoterapi;Trondheim;HELSEFAG - ERGO;2026;46.8
Førstegangsvitnemålskvote;NTNU;Suppleringsopptak;194 594;Ergoterapi;Trondheim;HELSEFAG - ERGO;2026;43.9
Ordinær kvote;NTNU;Suppleringsopptak;194 594;Ergoterapi;Trondheim;HELSEFAG - ERGO;2026;46.8
Førstegangsvitnemålskvote;UIB;Hovedopptak;184 708;Ernæring;Bergen;HELSEFAG - ERNÆRING;2026;0
Ordinær kvote;UIB;Hovedopptak;184 708;Ernæring;Bergen;HELSEFAG - ERNÆRING;2026;0
Førstegangsvitnemålskvote;UIB;Suppleringsopptak;184 708;Ernæring;Bergen;HELSEFAG - ERNÆRING;2026;0
Ordinær kvote;UIB;Suppleringsopptak;184 708;Ernæring;Bergen;HELSEFAG - ERNÆRING;2026;0
Førstegangsvitnemålskvote;UIT;Hovedopptak;186 708;Ernæring;Tromsø;HELSEFAG - ERNÆRING;2026;0
Ordinær kvote;UIT;Hovedopptak;186 708;Ernæring;Tromsø;HELSEFAG - ERNÆRING;2026;0
Førstegangsvitnemålskvote;UIT;Suppleringsopptak;186 708;Ernæring;Tromsø;HELSEFAG - ERNÆRING;2026;0
Ordinær kvote;UIT;Suppleringsopptak;186 708;Ernæring;Tromsø;HELSEFAG - ERNÆRING;2026;0
Førstegangsvitnemålskvote;UIO;Hovedopptak;185 439;Estetikk, kunst og samfunn;Oslo;ESTETISK;2026;0
Ordinær kvote;UIO;Hovedopptak;185 439;Estetikk, kunst og samfunn;Oslo;ESTETISK;2026;0
Førstegangsvitnemålskvote;UIO;Suppleringsopptak;185 439;Estetikk, kunst og samfunn;Oslo;ESTETISK;2026;0
Ordinær kvote;UIO;Suppleringsopptak;185 439;Estetikk, kunst og samfunn;Oslo;ESTETISK;2026;0
Førstegangsvitnemålskvote;NTNU;Hovedopptak;194 400;Etikk;Trondheim;HISTORIE;2026;0
Ordinær kvote;NTNU;Hovedopptak;194 400;Etikk;Trondheim;HISTORIE;2026;0
Førstegangsvitnemålskvote;NTNU;Suppleringsopptak;194 400;Etikk;Trondheim;HISTORIE;2026;0
Ordinær kvote;NTNU;Suppleringsopptak;194 400;Etikk;Trondheim;HISTORIE;2026;0
Førstegangsvitnemålskvote;NMBU;Hovedopptak;192 199;Ettårig grunnstudium;Ås;SAMFUNN;2026;50.6
Ordinær kvote;NMBU;Hovedopptak;192 199;Ettårig grunnstudium;Ås;SAMFUNN;2026;53.6
Førstegangsvitnemålskvote;NMBU;Suppleringsopptak;192 199;Ettårig grunnstudium;Ås;SAMFUNN;2026;50.6
Ordinær kvote;NMBU;Suppleringsopptak;192 199;Ettårig grunnstudium;Ås;SAMFUNN;2026;53.6
Førstegangsvitnemålskvote;UIB;Hovedopptak;184 870;Europastudier;Bergen;SAMFUNN;2026;48.9
Ordinær kvote;UIB;Hovedopptak;184 870;Europastudier;Bergen;SAMFUNN;2026;50.9
Førstegangsvitnemålskvote;UIB;Suppleringsopptak;184 870;Europastudier;Bergen;SAMFUNN;2026;48.9
Ordinær kvote;UIB;Suppleringsopptak;184 870;Europastudier;Bergen;SAMFUNN;2026;50.9
Førstegangsvitnemålskvote;NTNU;Hovedopptak;194 871;Europastudier med språk;Trondheim;HISTORIE;2026;41.7
Ordinær kvote;NTNU;Hovedopptak;194 871;Europastudier med språk;Trondheim;HISTORIE;2026;37.9
Førstegangsvitnemålskvote;NTNU;Suppleringsopptak;194 871;Europastudier med språk;Trondheim;HISTORIE;2026;41.7
Ordinær kvote;NTNU;Suppleringsopptak;194 871;Europastudier med språk;Trondheim;HISTORIE;2026;37.9
Førstegangsvitnemålskvote;NTNU;Hovedopptak;194 474;Europastudier med statsvitenskap;Trondheim;HISTORIE;2026;51.8
Ordinær kvote;NTNU;Hovedopptak;194 474;Europastudier med statsvitenskap;Trondheim;HISTORIE;2026;53
Førstegangsvitnemålskvote;NTNU;Suppleringsopptak;194 474;Europastudier med statsvitenskap;Trondheim;HISTORIE;2026;51.8
Ordinær kvote;NTNU;Suppleringsopptak;194 474;Europastudier med statsvitenskap;Trondheim;HISTORIE;2026;53
Førstegangsvitnemålskvote;UIB;Hovedopptak;184 707;Farmasi;Bergen;HELSEFAG - FARMASI;2026;48.4
Ordinær kvote;UIB;Hovedopptak;184 707;Farmasi;Bergen;HELSEFAG - FARMASI;2026;51.6
Førstegangsvitnemålskvote;UIB;Suppleringsopptak;184 707;Farmasi;Bergen;HELSEFAG - FARMASI;2026;48.3
Ordinær kvote;UIB;Suppleringsopptak;184 707;Farmasi;Bergen;HELSEFAG - FARMASI;2026;51.2
Førstegangsvitnemålskvote;UIO;Hovedopptak;185 707;Farmasi;Oslo;HELSEFAG - FARMASI;2026;46.6
Ordinær kvote;UIO;Hovedopptak;185 707;Farmasi;Oslo;HELSEFAG - FARMASI;2026;51.4
Førstegangsvitnemålskvote;UIO;Suppleringsopptak;185 707;Farmasi;Oslo;HELSEFAG - FARMASI;2026;46.6
Ordinær kvote;UIO;Suppleringsopptak;185 707;Farmasi;Oslo;HELSEFAG - FARMASI;2026;51.4
Førstegangsvitnemålskvote;OSLOMET;Hovedopptak;215 749;Farmasi;Oslo;HELSEFAG - RESEPTAR;2026;44.1
Ordinær kvote;OSLOMET;Hovedopptak;215 749;Farmasi;Oslo;HELSEFAG - RESEPTAR;2026;55.9
Førstegangsvitnemålskvote;OSLOMET;Suppleringsopptak;215 749;Farmasi;Oslo;HELSEFAG - RESEPTAR;2026;43.8
Ordinær kvote;OSLOMET;Suppleringsopptak;215 749;Farmasi;Oslo;HELSEFAG - RESEPTAR;2026;55.8
Førstegangsvitnemålskvote;UIT;Hovedopptak;186 749;Farmasi;Tromsø;HELSEFAG - RESEPTAR;2026;0
Ordinær kvote;UIT;Hovedopptak;186 749;Farmasi;Tromsø;HELSEFAG - RESEPTAR;2026;0
Førstegangsvitnemålskvote;UIT;Suppleringsopptak;186 749;Farmasi;Tromsø;HELSEFAG - RESEPTAR;2026;0
Ordinær kvote;UIT;Suppleringsopptak;186 749;Farmasi;Tromsø;HELSEFAG - RESEPTAR;2026;0
Førstegangsvitnemålskvote;NORD;Hovedopptak;204 747;Farmasi, deltid;Namsos;HELSEFAG - RESEPTAR;2026;0
Ordinær kvote;NORD;Hovedopptak;204 747;Farmasi, deltid;Namsos;HELSEFAG - RESEPTAR;2026;0
Førstegangsvitnemålskvote;NORD;Suppleringsopptak;204 747;Farmasi, deltid;Namsos;HELSEFAG - RESEPTAR;2026;0
Ordinær kvote;NORD;Suppleringsopptak;204 747;Farmasi, deltid;Namsos;HELSEFAG - RESEPTAR;2026;0
Førstegangsvitnemålskvote;UIB;Hovedopptak;184 534;Film- og TV-produksjon;Bergen;MEDIEFAG;2026;51.1
Ordinær kvote;UIB;Hovedopptak;184 534;Film- og TV-produksjon;Bergen;MEDIEFAG;2026;58.1
Førstegangsvitnemålskvote;UIB;Suppleringsopptak;184 534;Film- og TV-produksjon;Bergen;MEDIEFAG;2026;51.1
Ordinær kvote;UIB;Suppleringsopptak;184 534;Film- og TV-produksjon;Bergen;MEDIEFAG;2026;58.1
Førstegangsvitnemålskvote;NORD;Hovedopptak;204 089;Film- og TV-produksjon;Levanger;MEDIEFAG;2026;37
Ordinær kvote;NORD;Hovedopptak;204 089;Film- og TV-produksjon;Levanger;MEDIEFAG;2026;38.6
Førstegangsvitnemålskvote;NORD;Suppleringsopptak;204 089;Film- og TV-produksjon;Levanger;MEDIEFAG;2026;0
Ordinær kvote;NORD;Suppleringsopptak;204 089;Film- og TV-produksjon;Levanger;MEDIEFAG;2026;0
Førstegangsvitnemålskvote;UIS;Hovedopptak;217 046;Film- og tvproduksjon;Stavanger;MEDIEFAG;2026;45.9
Ordinær kvote;UIS;Hovedopptak;217 046;Film- og tvproduksjon;Stavanger;MEDIEFAG;2026;47.5
Førstegangsvitnemålskvote;UIS;Suppleringsopptak;217 046;Film- og tvproduksjon;Stavanger;MEDIEFAG;2026;45.9
Ordinær kvote;UIS;Suppleringsopptak;217 046;Film- og tvproduksjon;Stavanger;MEDIEFAG;2026;47.5
Førstegangsvitnemålskvote;UIA;Hovedopptak;201 456;Film, litteratur og teater;Kristiansand;SPRÅK;2026;42.1
Ordinær kvote;UIA;Hovedopptak;201 456;Film, litteratur og teater;Kristiansand;SPRÅK;2026;40.5
Førstegangsvitnemålskvote;UIA;Suppleringsopptak;201 456;Film, litteratur og teater;Kristiansand;SPRÅK;2026;36.1
Ordinær kvote;UIA;Suppleringsopptak;201 456;Film, litteratur og teater;Kristiansand;SPRÅK;2026;35.6
Førstegangsvitnemålskvote;NTNU;Hovedopptak;194 646;Filmproduksjon;Trondheim;MEDIEFAG;2026;51.9
Ordinær kvote;NTNU;Hovedopptak;194 646;Filmproduksjon;Trondheim;MEDIEFAG;2026;57.9
Førstegangsvitnemålskvote;NTNU;Suppleringsopptak;194 646;Filmproduksjon;Trondheim;MEDIEFAG;2026;51.9
Ordinær kvote;NTNU;Suppleringsopptak;194 646;Filmproduksjon;Trondheim;MEDIEFAG;2026;57.9
Førstegangsvitnemålskvote;NTNU;Hovedopptak;194 262;Filmvitenskap, årsstudium;Trondheim;MEDIEFAG;2026;0
Ordinær kvote;NTNU;Hovedopptak;194 262;Filmvitenskap, årsstudium;Trondheim;MEDIEFAG;2026;0
Førstegangsvitnemålskvote;NTNU;Suppleringsopptak;194 262;Filmvitenskap, årsstudium;Trondheim;MEDIEFAG;2026;0
Ordinær kvote;NTNU;Suppleringsopptak;194 262;Filmvitenskap, årsstudium;Trondheim;MEDIEFAG;2026;0
Førstegangsvitnemålskvote;NTNU;Hovedopptak;194 847;Filmvitenskap, bachelor;Trondheim;MEDIEFAG;2026;0
Ordinær kvote;NTNU;Hovedopptak;194 847;Filmvitenskap, bachelor;Trondheim;MEDIEFAG;2026;0
Førstegangsvitnemålskvote;NTNU;Suppleringsopptak;194 847;Filmvitenskap, bachelor;Trondheim;MEDIEFAG;2026;0
Ordinær kvote;NTNU;Suppleringsopptak;194 847;Filmvitenskap, bachelor;Trondheim;MEDIEFAG;2026;0
Førstegangsvitnemålskvote;UIB;Hovedopptak;184 366;Filosofi;Bergen;HISTORIE;2026;0
Ordinær kvote;UIB;Hovedopptak;184 366;Filosofi;Bergen;HISTORIE;2026;0
Førstegangsvitnemålskvote;UIB;Suppleringsopptak;184 366;Filosofi;Bergen;HISTORIE;2026;0
Ordinær kvote;UIB;Suppleringsopptak;184 366;Filosofi;Bergen;HISTORIE;2026;0
Førstegangsvitnemålskvote;UIA;Hovedopptak;201 366;Filosofi;Kristiansand;HISTORIE;2026;0
Ordinær kvote;UIA;Hovedopptak;201 366;Filosofi;Kristiansand;HISTORIE;2026;0
Førstegangsvitnemålskvote;UIA;Suppleringsopptak;201 366;Filosofi;Kristiansand;HISTORIE;2026;0
Ordinær kvote;UIA;Suppleringsopptak;201 366;Filosofi;Kristiansand;HISTORIE;2026;0
Førstegangsvitnemålskvote;INN;Hovedopptak;209 366;Filosofi;Lillehammer;HISTORIE;2026;0
Ordinær kvote;INN;Hovedopptak;209 366;Filosofi;Lillehammer;HISTORIE;2026;0
Førstegangsvitnemålskvote;INN;Suppleringsopptak;209 366;Filosofi;Lillehammer;HISTORIE;2026;0
Ordinær kvote;INN;Suppleringsopptak;209 366;Filosofi;Lillehammer;HISTORIE;2026;0
Førstegangsvitnemålskvote;NTNU;Hovedopptak;194 366;Filosofi;Trondheim;HISTORIE;2026;0
Ordinær kvote;NTNU;Hovedopptak;194 366;Filosofi;Trondheim;HISTORIE;2026;0
Førstegangsvitnemålskvote;NTNU;Suppleringsopptak;194 366;Filosofi;Trondheim;HISTORIE;2026;0
Ordinær kvote;NTNU;Suppleringsopptak;194 366;Filosofi;Trondheim;HISTORIE;2026;0
Førstegangsvitnemålskvote;UIB;Hovedopptak;184 479;Filosofi ;Bergen;HISTORIE;2026;0
Ordinær kvote;UIB;Hovedopptak;184 479;Filosofi ;Bergen;HISTORIE;2026;0
Førstegangsvitnemålskvote;UIB;Suppleringsopptak;184 479;Filosofi ;Bergen;HISTORIE;2026;0
Ordinær kvote;UIB;Suppleringsopptak;184 479;Filosofi ;Bergen;HISTORIE;2026;0
Førstegangsvitnemålskvote;NTNU;Hovedopptak;194 588;Filosofi og etikk - etikk;Trondheim;HISTORIE;2026;0
Ordinær kvote;NTNU;Hovedopptak;194 588;Filosofi og etikk - etikk;Trondheim;HISTORIE;2026;0
Førstegangsvitnemålskvote;NTNU;Suppleringsopptak;194 588;Filosofi og etikk - etikk;Trondheim;HISTORIE;2026;0
Ordinær kvote;NTNU;Suppleringsopptak;194 588;Filosofi og etikk - etikk;Trondheim;HISTORIE;2026;0
Førstegangsvitnemålskvote;NTNU;Hovedopptak;194 479;Filosofi og etikk - filosofi;Trondheim;HISTORIE;2026;0
Ordinær kvote;NTNU;Hovedopptak;194 479;Filosofi og etikk - filosofi;Trondheim;HISTORIE;2026;0
Førstegangsvitnemålskvote;NTNU;Suppleringsopptak;194 479;Filosofi og etikk - filosofi;Trondheim;HISTORIE;2026;0
Ordinær kvote;NTNU;Suppleringsopptak;194 479;Filosofi og etikk - filosofi;Trondheim;HISTORIE;2026;0
Førstegangsvitnemålskvote;UIO;Hovedopptak;185 366;Filosofi, årsstudium;Oslo;HISTORIE;2026;48.7
Ordinær kvote;UIO;Hovedopptak;185 366;Filosofi, årsstudium;Oslo;HISTORIE;2026;64.2
Førstegangsvitnemålskvote;UIO;Suppleringsopptak;185 366;Filosofi, årsstudium;Oslo;HISTORIE;2026;48.7
Ordinær kvote;UIO;Suppleringsopptak;185 366;Filosofi, årsstudium;Oslo;HISTORIE;2026;64.2
Førstegangsvitnemålskvote;UIT;Hovedopptak;186 366;Filosofi, årsstudium;Tromsø;HISTORIE;2026;0
Ordinær kvote;UIT;Hovedopptak;186 366;Filosofi, årsstudium;Tromsø;HISTORIE;2026;0
Førstegangsvitnemålskvote;UIT;Suppleringsopptak;186 366;Filosofi, årsstudium;Tromsø;HISTORIE;2026;0
Ordinær kvote;UIT;Suppleringsopptak;186 366;Filosofi, årsstudium;Tromsø;HISTORIE;2026;0
Førstegangsvitnemålskvote;UIO;Hovedopptak;185 479;Filosofi, bachelor;Oslo;HISTORIE;2026;0
Ordinær kvote;UIO;Hovedopptak;185 479;Filosofi, bachelor;Oslo;HISTORIE;2026;52.9
Førstegangsvitnemålskvote;UIO;Suppleringsopptak;185 479;Filosofi, bachelor;Oslo;HISTORIE;2026;0
Ordinær kvote;UIO;Suppleringsopptak;185 479;Filosofi, bachelor;Oslo;HISTORIE;2026;52.9
Førstegangsvitnemålskvote;UIT;Hovedopptak;186 479;Filosofi, bachelor;Tromsø;HISTORIE;2026;0
Ordinær kvote;UIT;Hovedopptak;186 479;Filosofi, bachelor;Tromsø;HISTORIE;2026;0
Førstegangsvitnemålskvote;UIT;Suppleringsopptak;186 479;Filosofi, bachelor;Tromsø;HISTORIE;2026;0
Ordinær kvote;UIT;Suppleringsopptak;186 479;Filosofi, bachelor;Tromsø;HISTORIE;2026;0
Førstegangsvitnemålskvote;INN;Hovedopptak;209 479;Filosofi, politikk og økonomi;Lillehammer;HISTORIE;2026;0
Ordinær kvote;INN;Hovedopptak;209 479;Filosofi, politikk og økonomi;Lillehammer;HISTORIE;2026;0
Førstegangsvitnemålskvote;INN;Suppleringsopptak;209 479;Filosofi, politikk og økonomi;Lillehammer;HISTORIE;2026;0
Ordinær kvote;INN;Suppleringsopptak;209 479;Filosofi, politikk og økonomi;Lillehammer;HISTORIE;2026;0
Førstegangsvitnemålskvote;UIO;Hovedopptak;185 588;Filosofi, politikk og økonomi;Oslo;HISTORIE;2026;55.6
Ordinær kvote;UIO;Hovedopptak;185 588;Filosofi, politikk og økonomi;Oslo;HISTORIE;2026;65.9
Førstegangsvitnemålskvote;UIO;Suppleringsopptak;185 588;Filosofi, politikk og økonomi;Oslo;HISTORIE;2026;55.6
Ordinær kvote;UIO;Suppleringsopptak;185 588;Filosofi, politikk og økonomi;Oslo;HISTORIE;2026;65.9
Førstegangsvitnemålskvote;UIS;Hovedopptak;217 366;Filosofi, politikk og økonomi;Stavanger;HISTORIE;2026;0
Ordinær kvote;UIS;Hovedopptak;217 366;Filosofi, politikk og økonomi;Stavanger;HISTORIE;2026;0
Førstegangsvitnemålskvote;UIS;Suppleringsopptak;217 366;Filosofi, politikk og økonomi;Stavanger;HISTORIE;2026;0
Ordinær kvote;UIS;Suppleringsopptak;217 366;Filosofi, politikk og økonomi;Stavanger;HISTORIE;2026;0
Førstegangsvitnemålskvote;UIB;Hovedopptak;184 540;Finans, forsikring og data science;Bergen;REALFAG;2026;47.2
Ordinær kvote;UIB;Hovedopptak;184 540;Finans, forsikring og data science;Bergen;REALFAG;2026;53.1
Førstegangsvitnemålskvote;UIB;Suppleringsopptak;184 540;Finans, forsikring og data science;Bergen;REALFAG;2026;41.9
Ordinær kvote;UIB;Suppleringsopptak;184 540;Finans, forsikring og data science;Bergen;REALFAG;2026;46.6
Førstegangsvitnemålskvote;UIB;Hovedopptak;184 827;Fiskehelse - akvamedisin;Bergen;REALFAG;2026;45.8
Ordinær kvote;UIB;Hovedopptak;184 827;Fiskehelse - akvamedisin;Bergen;REALFAG;2026;57.7
Førstegangsvitnemålskvote;UIB;Suppleringsopptak;184 827;Fiskehelse - akvamedisin;Bergen;REALFAG;2026;45.5
Ordinær kvote;UIB;Suppleringsopptak;184 827;Fiskehelse - akvamedisin;Bergen;REALFAG;2026;57.7
Førstegangsvitnemålskvote;UIT;Hovedopptak;186 331;Fiskeri- og havbruksvitenskap;Tromsø;LANDOGHAVBRUK;2026;38.7
Ordinær kvote;UIT;Hovedopptak;186 331;Fiskeri- og havbruksvitenskap;Tromsø;LANDOGHAVBRUK;2026;42.9
Førstegangsvitnemålskvote;UIT;Suppleringsopptak;186 331;Fiskeri- og havbruksvitenskap;Tromsø;LANDOGHAVBRUK;2026;38.7
Ordinær kvote;UIT;Suppleringsopptak;186 331;Fiskeri- og havbruksvitenskap;Tromsø;LANDOGHAVBRUK;2026;42.9
Førstegangsvitnemålskvote;UIA;Hovedopptak;201 203;Folkehelsearbeid;Kristiansand;HELSEFAG - ANNET;2026;0
Ordinær kvote;UIA;Hovedopptak;201 203;Folkehelsearbeid;Kristiansand;HELSEFAG - ANNET;2026;0
Førstegangsvitnemålskvote;UIA;Suppleringsopptak;201 203;Folkehelsearbeid;Kristiansand;HELSEFAG - ANNET;2026;0
Ordinær kvote;UIA;Suppleringsopptak;201 203;Folkehelsearbeid;Kristiansand;HELSEFAG - ANNET;2026;0
Førstegangsvitnemålskvote;HVL;Hovedopptak;203 203;Folkehelsearbeid;Bergen;HELSEFAG - ERNÆRING;2026;40.8
Ordinær kvote;HVL;Hovedopptak;203 203;Folkehelsearbeid;Bergen;HELSEFAG - ERNÆRING;2026;43.5
Førstegangsvitnemålskvote;HVL;Suppleringsopptak;203 203;Folkehelsearbeid;Bergen;HELSEFAG - ERNÆRING;2026;40.8
Ordinær kvote;HVL;Suppleringsopptak;203 203;Folkehelsearbeid;Bergen;HELSEFAG - ERNÆRING;2026;43.5
Førstegangsvitnemålskvote;USN;Hovedopptak;222 629;Folkemusikk, årsstudium;Vinje;ESTETISK;2026;0
Ordinær kvote;USN;Hovedopptak;222 629;Folkemusikk, årsstudium;Vinje;ESTETISK;2026;0
Førstegangsvitnemålskvote;USN;Suppleringsopptak;222 629;Folkemusikk, årsstudium;Vinje;ESTETISK;2026;0
Ordinær kvote;USN;Suppleringsopptak;222 629;Folkemusikk, årsstudium;Vinje;ESTETISK;2026;0
Førstegangsvitnemålskvote;USN;Hovedopptak;222 443;Folkemusikk, bachelor;Vinje;ESTETISK;2026;0
Ordinær kvote;USN;Hovedopptak;222 443;Folkemusikk, bachelor;Vinje;ESTETISK;2026;0
Førstegangsvitnemålskvote;USN;Suppleringsopptak;222 443;Folkemusikk, bachelor;Vinje;ESTETISK;2026;0
Ordinær kvote;USN;Suppleringsopptak;222 443;Folkemusikk, bachelor;Vinje;ESTETISK;2026;0
Førstegangsvitnemålskvote;NMBU;Hovedopptak;192 835;Fornybar energi;Ås;SAMFUNN;2026;0
Ordinær kvote;NMBU;Hovedopptak;192 835;Fornybar energi;Ås;SAMFUNN;2026;0
Førstegangsvitnemålskvote;NMBU;Suppleringsopptak;192 835;Fornybar energi;Ås;SAMFUNN;2026;0
Ordinær kvote;NMBU;Suppleringsopptak;192 835;Fornybar energi;Ås;SAMFUNN;2026;0
Førstegangsvitnemålskvote;UIT;Hovedopptak;186 809;Fornybar energi;Tromsø;TEKNO - SIVING;2026;0
Ordinær kvote;UIT;Hovedopptak;186 809;Fornybar energi;Tromsø;TEKNO - SIVING;2026;0
Førstegangsvitnemålskvote;UIT;Suppleringsopptak;186 809;Fornybar energi;Tromsø;TEKNO - SIVING;2026;0
Ordinær kvote;UIT;Suppleringsopptak;186 809;Fornybar energi;Tromsø;TEKNO - SIVING;2026;0
Førstegangsvitnemålskvote;UIO;Hovedopptak;185 863;Fornybar energi og nanoteknologi;Oslo;REALFAG;2026;0
Ordinær kvote;UIO;Hovedopptak;185 863;Fornybar energi og nanoteknologi;Oslo;REALFAG;2026;0
Førstegangsvitnemålskvote;UIO;Suppleringsopptak;185 863;Fornybar energi og nanoteknologi;Oslo;REALFAG;2026;0
Ordinær kvote;UIO;Suppleringsopptak;185 863;Fornybar energi og nanoteknologi;Oslo;REALFAG;2026;0
Førstegangsvitnemålskvote;USN;Hovedopptak;222 867;Forretningsjus og økonomi;Hønefoss;JUS;2026;41.4
Ordinær kvote;USN;Hovedopptak;222 867;Forretningsjus og økonomi;Hønefoss;JUS;2026;39.2
Førstegangsvitnemålskvote;USN;Suppleringsopptak;222 867;Forretningsjus og økonomi;Hønefoss;JUS;2026;41.4
Ordinær kvote;USN;Suppleringsopptak;222 867;Forretningsjus og økonomi;Hønefoss;JUS;2026;39.2
Førstegangsvitnemålskvote;OSLOMET;Hovedopptak;215 848;Fotojournalistikk;Oslo;MEDIEFAG;2026;0
Ordinær kvote;OSLOMET;Hovedopptak;215 848;Fotojournalistikk;Oslo;MEDIEFAG;2026;0
Førstegangsvitnemålskvote;OSLOMET;Suppleringsopptak;215 848;Fotojournalistikk;Oslo;MEDIEFAG;2026;0
Ordinær kvote;OSLOMET;Suppleringsopptak;215 848;Fotojournalistikk;Oslo;MEDIEFAG;2026;0
Førstegangsvitnemålskvote;HIØ;Hovedopptak;224 610;Fransk;Halden;SPRÅK;2026;0
Ordinær kvote;HIØ;Hovedopptak;224 610;Fransk;Halden;SPRÅK;2026;0
Førstegangsvitnemålskvote;HIØ;Suppleringsopptak;224 610;Fransk;Halden;SPRÅK;2026;0
Ordinær kvote;HIØ;Suppleringsopptak;224 610;Fransk;Halden;SPRÅK;2026;0
Førstegangsvitnemålskvote;UIA;Hovedopptak;201 174;Fransk;Kristiansand;SPRÅK;2026;0
Ordinær kvote;UIA;Hovedopptak;201 174;Fransk;Kristiansand;SPRÅK;2026;0
Førstegangsvitnemålskvote;UIA;Suppleringsopptak;201 174;Fransk;Kristiansand;SPRÅK;2026;0
Ordinær kvote;UIA;Suppleringsopptak;201 174;Fransk;Kristiansand;SPRÅK;2026;0
Førstegangsvitnemålskvote;NTNU;Hovedopptak;194 616;Fransk med didaktikk;Trondheim;SPRÅK;2026;0
Ordinær kvote;NTNU;Hovedopptak;194 616;Fransk med didaktikk;Trondheim;SPRÅK;2026;0
Førstegangsvitnemålskvote;NTNU;Suppleringsopptak;194 616;Fransk med didaktikk;Trondheim;SPRÅK;2026;0
Ordinær kvote;NTNU;Suppleringsopptak;194 616;Fransk med didaktikk;Trondheim;SPRÅK;2026;0
Førstegangsvitnemålskvote;UIO;Hovedopptak;185 888;Fransk og samfunnsvitenskap;Oslo;SPRÅK;2026;0
Ordinær kvote;UIO;Hovedopptak;185 888;Fransk og samfunnsvitenskap;Oslo;SPRÅK;2026;0
Førstegangsvitnemålskvote;UIO;Suppleringsopptak;185 888;Fransk og samfunnsvitenskap;Oslo;SPRÅK;2026;0
Ordinær kvote;UIO;Suppleringsopptak;185 888;Fransk og samfunnsvitenskap;Oslo;SPRÅK;2026;0
Førstegangsvitnemålskvote;UIB;Hovedopptak;184 174;Fransk, årsstudium;Bergen;SPRÅK;2026;0
Ordinær kvote;UIB;Hovedopptak;184 174;Fransk, årsstudium;Bergen;SPRÅK;2026;0
Førstegangsvitnemålskvote;UIB;Suppleringsopptak;184 174;Fransk, årsstudium;Bergen;SPRÅK;2026;0
Ordinær kvote;UIB;Suppleringsopptak;184 174;Fransk, årsstudium;Bergen;SPRÅK;2026;0
Førstegangsvitnemålskvote;UIO;Hovedopptak;185 174;Fransk, årsstudium;Oslo;SPRÅK;2026;0
Ordinær kvote;UIO;Hovedopptak;185 174;Fransk, årsstudium;Oslo;SPRÅK;2026;43.5
Førstegangsvitnemålskvote;UIO;Suppleringsopptak;185 174;Fransk, årsstudium;Oslo;SPRÅK;2026;0
Ordinær kvote;UIO;Suppleringsopptak;185 174;Fransk, årsstudium;Oslo;SPRÅK;2026;43.5
Førstegangsvitnemålskvote;NTNU;Hovedopptak;194 174;Fransk, årsstudium;Trondheim;SPRÅK;2026;0
Ordinær kvote;NTNU;Hovedopptak;194 174;Fransk, årsstudium;Trondheim;SPRÅK;2026;0
Førstegangsvitnemålskvote;NTNU;Suppleringsopptak;194 174;Fransk, årsstudium;Trondheim;SPRÅK;2026;0
Ordinær kvote;NTNU;Suppleringsopptak;194 174;Fransk, årsstudium;Trondheim;SPRÅK;2026;0
Førstegangsvitnemålskvote;UIB;Hovedopptak;184 888;Fransk, bachelor;Bergen;SPRÅK;2026;0
Ordinær kvote;UIB;Hovedopptak;184 888;Fransk, bachelor;Bergen;SPRÅK;2026;0
Førstegangsvitnemålskvote;UIB;Suppleringsopptak;184 888;Fransk, bachelor;Bergen;SPRÅK;2026;0
Ordinær kvote;UIB;Suppleringsopptak;184 888;Fransk, bachelor;Bergen;SPRÅK;2026;0
Førstegangsvitnemålskvote;UIO;Hovedopptak;185 793;Fransk, bachelor;Oslo;SPRÅK;2026;0
Ordinær kvote;UIO;Hovedopptak;185 793;Fransk, bachelor;Oslo;SPRÅK;2026;0
Førstegangsvitnemålskvote;UIO;Suppleringsopptak;185 793;Fransk, bachelor;Oslo;SPRÅK;2026;0
Ordinær kvote;UIO;Suppleringsopptak;185 793;Fransk, bachelor;Oslo;SPRÅK;2026;0
Førstegangsvitnemålskvote;NTNU;Hovedopptak;194 888;Fransk, bachelor;Trondheim;SPRÅK;2026;0
Ordinær kvote;NTNU;Hovedopptak;194 888;Fransk, bachelor;Trondheim;SPRÅK;2026;0
Førstegangsvitnemålskvote;NTNU;Suppleringsopptak;194 888;Fransk, bachelor;Trondheim;SPRÅK;2026;0
Ordinær kvote;NTNU;Suppleringsopptak;194 888;Fransk, bachelor;Trondheim;SPRÅK;2026;0
Førstegangsvitnemålskvote;HIØ;Hovedopptak;224 174;Fransk, deltid;Halden;SPRÅK;2026;0
Ordinær kvote;HIØ;Hovedopptak;224 174;Fransk, deltid;Halden;SPRÅK;2026;0
Førstegangsvitnemålskvote;HIØ;Suppleringsopptak;224 174;Fransk, deltid;Halden;SPRÅK;2026;0
Ordinær kvote;HIØ;Suppleringsopptak;224 174;Fransk, deltid;Halden;SPRÅK;2026;0
Førstegangsvitnemålskvote;MF;Hovedopptak;190 285;Fred og konflikt;Oslo;SAMFUNN;2026;0
Ordinær kvote;MF;Hovedopptak;190 285;Fred og konflikt;Oslo;SAMFUNN;2026;0
Førstegangsvitnemålskvote;MF;Suppleringsopptak;190 285;Fred og konflikt;Oslo;SAMFUNN;2026;0
Ordinær kvote;MF;Suppleringsopptak;190 285;Fred og konflikt;Oslo;SAMFUNN;2026;0
Førstegangsvitnemålskvote;MF;Hovedopptak;190 474;Freds- og konfliktstudier;Oslo;SAMFUNN;2026;0
Ordinær kvote;MF;Hovedopptak;190 474;Freds- og konfliktstudier;Oslo;SAMFUNN;2026;0
Førstegangsvitnemålskvote;MF;Suppleringsopptak;190 474;Freds- og konfliktstudier;Oslo;SAMFUNN;2026;0
Ordinær kvote;MF;Suppleringsopptak;190 474;Freds- og konfliktstudier;Oslo;SAMFUNN;2026;0
Førstegangsvitnemålskvote;NMBU;Hovedopptak;192 233;Frie realfag;Ås;REALFAG;2026;0
Ordinær kvote;NMBU;Hovedopptak;192 233;Frie realfag;Ås;REALFAG;2026;0
Førstegangsvitnemålskvote;NMBU;Suppleringsopptak;192 233;Frie realfag;Ås;REALFAG;2026;-1
Ordinær kvote;NMBU;Suppleringsopptak;192 233;Frie realfag;Ås;REALFAG;2026;-1
Førstegangsvitnemålskvote;UIA;Hovedopptak;201 172;Friluftsliv;Kristiansand;IDRETT;2026;0
Ordinær kvote;UIA;Hovedopptak;201 172;Friluftsliv;Kristiansand;IDRETT;2026;0
Førstegangsvitnemålskvote;UIA;Suppleringsopptak;201 172;Friluftsliv;Kristiansand;IDRETT;2026;0
Ordinær kvote;UIA;Suppleringsopptak;201 172;Friluftsliv;Kristiansand;IDRETT;2026;0
Førstegangsvitnemålskvote;NORD;Hovedopptak;204 596;Friluftsliv;Levanger;IDRETT;2026;0
Ordinær kvote;NORD;Hovedopptak;204 596;Friluftsliv;Levanger;IDRETT;2026;0
Førstegangsvitnemålskvote;NORD;Suppleringsopptak;204 596;Friluftsliv;Levanger;IDRETT;2026;0
Ordinær kvote;NORD;Suppleringsopptak;204 596;Friluftsliv;Levanger;IDRETT;2026;0
Førstegangsvitnemålskvote;USN;Hovedopptak;222 172;Friluftsliv;Midt-Telemark;IDRETT;2026;0
Ordinær kvote;USN;Hovedopptak;222 172;Friluftsliv;Midt-Telemark;IDRETT;2026;0
Førstegangsvitnemålskvote;USN;Suppleringsopptak;222 172;Friluftsliv;Midt-Telemark;IDRETT;2026;0
Ordinær kvote;USN;Suppleringsopptak;222 172;Friluftsliv;Midt-Telemark;IDRETT;2026;0
Førstegangsvitnemålskvote;NIH;Hovedopptak;150 172;Friluftsliv;Oslo;IDRETT;2026;0
Ordinær kvote;NIH;Hovedopptak;150 172;Friluftsliv;Oslo;IDRETT;2026;48.2
Førstegangsvitnemålskvote;NIH;Suppleringsopptak;150 172;Friluftsliv;Oslo;IDRETT;2026;0
Ordinær kvote;NIH;Suppleringsopptak;150 172;Friluftsliv;Oslo;IDRETT;2026;48.2
Førstegangsvitnemålskvote;HVL;Hovedopptak;203 302;Friluftsliv;Sogndal;IDRETT;2026;0
Ordinær kvote;HVL;Hovedopptak;203 302;Friluftsliv;Sogndal;IDRETT;2026;0
Førstegangsvitnemålskvote;HVL;Suppleringsopptak;203 302;Friluftsliv;Sogndal;IDRETT;2026;0
Ordinær kvote;HVL;Suppleringsopptak;203 302;Friluftsliv;Sogndal;IDRETT;2026;0
Førstegangsvitnemålskvote;UIS;Hovedopptak;217 172;Friluftsliv;Stavanger;IDRETT;2026;0
Ordinær kvote;UIS;Hovedopptak;217 172;Friluftsliv;Stavanger;IDRETT;2026;45
Førstegangsvitnemålskvote;UIS;Suppleringsopptak;217 172;Friluftsliv;Stavanger;IDRETT;2026;0
Ordinær kvote;UIS;Suppleringsopptak;217 172;Friluftsliv;Stavanger;IDRETT;2026;0
Førstegangsvitnemålskvote;HVO;Hovedopptak;223 605;Friluftsliv;Volda;IDRETT;2026;0
Ordinær kvote;HVO;Hovedopptak;223 605;Friluftsliv;Volda;IDRETT;2026;0
Førstegangsvitnemålskvote;HVO;Suppleringsopptak;223 605;Friluftsliv;Volda;IDRETT;2026;0
Ordinær kvote;HVO;Suppleringsopptak;223 605;Friluftsliv;Volda;IDRETT;2026;0
Førstegangsvitnemålskvote;NIH;Hovedopptak;150 605;Friluftsliv, helse og naturguiding;Oslo;IDRETT;2026;0
Ordinær kvote;NIH;Hovedopptak;150 605;Friluftsliv, helse og naturguiding;Oslo;IDRETT;2026;0
Førstegangsvitnemålskvote;NIH;Suppleringsopptak;150 605;Friluftsliv, helse og naturguiding;Oslo;IDRETT;2026;0
Ordinær kvote;NIH;Suppleringsopptak;150 605;Friluftsliv, helse og naturguiding;Oslo;IDRETT;2026;0
Førstegangsvitnemålskvote;HVO;Hovedopptak;223 440;Friluftsliv, ledelse og naturguide;Volda;IDRETT;2026;0
Ordinær kvote;HVO;Hovedopptak;223 440;Friluftsliv, ledelse og naturguide;Volda;IDRETT;2026;0
Førstegangsvitnemålskvote;HVO;Suppleringsopptak;223 440;Friluftsliv, ledelse og naturguide;Volda;IDRETT;2026;0
Ordinær kvote;HVO;Suppleringsopptak;223 440;Friluftsliv, ledelse og naturguide;Volda;IDRETT;2026;0
Førstegangsvitnemålskvote;USN;Hovedopptak;222 302;Friluftslivveiledning;Midt-Telemark;IDRETT;2026;0
Ordinær kvote;USN;Hovedopptak;222 302;Friluftslivveiledning;Midt-Telemark;IDRETT;2026;0
Førstegangsvitnemålskvote;USN;Suppleringsopptak;222 302;Friluftslivveiledning;Midt-Telemark;IDRETT;2026;0
Ordinær kvote;USN;Suppleringsopptak;222 302;Friluftslivveiledning;Midt-Telemark;IDRETT;2026;0
Førstegangsvitnemålskvote;UIB;Hovedopptak;184 857;Fysikk;Bergen;REALFAG;2026;0
Ordinær kvote;UIB;Hovedopptak;184 857;Fysikk;Bergen;REALFAG;2026;0
Førstegangsvitnemålskvote;UIB;Suppleringsopptak;184 857;Fysikk;Bergen;REALFAG;2026;-1
Ordinær kvote;UIB;Suppleringsopptak;184 857;Fysikk;Bergen;REALFAG;2026;-1
Førstegangsvitnemålskvote;UIA;Hovedopptak;201 661;Fysikk;Kristiansand;REALFAG;2026;0
Ordinær kvote;UIA;Hovedopptak;201 661;Fysikk;Kristiansand;REALFAG;2026;0
Førstegangsvitnemålskvote;UIA;Suppleringsopptak;201 661;Fysikk;Kristiansand;REALFAG;2026;0
Ordinær kvote;UIA;Suppleringsopptak;201 661;Fysikk;Kristiansand;REALFAG;2026;0
Førstegangsvitnemålskvote;NTNU;Hovedopptak;194 857;Fysikk;Trondheim;REALFAG;2026;51.1
Ordinær kvote;NTNU;Hovedopptak;194 857;Fysikk;Trondheim;REALFAG;2026;49.8
Førstegangsvitnemålskvote;NTNU;Suppleringsopptak;194 857;Fysikk;Trondheim;REALFAG;2026;51.1
Ordinær kvote;NTNU;Suppleringsopptak;194 857;Fysikk;Trondheim;REALFAG;2026;49.8
Førstegangsvitnemålskvote;UIO;Hovedopptak;185 857;Fysikk og astronomi;Oslo;REALFAG;2026;0
Ordinær kvote;UIO;Hovedopptak;185 857;Fysikk og astronomi;Oslo;REALFAG;2026;46.8
Førstegangsvitnemålskvote;UIO;Suppleringsopptak;185 857;Fysikk og astronomi;Oslo;REALFAG;2026;0
Ordinær kvote;UIO;Suppleringsopptak;185 857;Fysikk og astronomi;Oslo;REALFAG;2026;46.8
Førstegangsvitnemålskvote;UIT;Hovedopptak;186 862;Fysikk og matematikk;Tromsø;REALFAG;2026;0
Ordinær kvote;UIT;Hovedopptak;186 862;Fysikk og matematikk;Tromsø;REALFAG;2026;0
Førstegangsvitnemålskvote;UIT;Suppleringsopptak;186 862;Fysikk og matematikk;Tromsø;REALFAG;2026;0
Ordinær kvote;UIT;Suppleringsopptak;186 862;Fysikk og matematikk;Tromsø;REALFAG;2026;0
Førstegangsvitnemålskvote;NTNU;Hovedopptak;194 763;Fysikk og matematikk;Trondheim;TEKNO - SIVING;2026;58.6
Ordinær kvote;NTNU;Hovedopptak;194 763;Fysikk og matematikk;Trondheim;TEKNO - SIVING;2026;58.5
Førstegangsvitnemålskvote;NTNU;Suppleringsopptak;194 763;Fysikk og matematikk;Trondheim;TEKNO - SIVING;2026;58.6
Ordinær kvote;NTNU;Suppleringsopptak;194 763;Fysikk og matematikk;Trondheim;TEKNO - SIVING;2026;58.5
Førstegangsvitnemålskvote;UIA;Hovedopptak;201 233;Fysikk, nettbasert;Kristiansand;REALFAG;2026;0
Ordinær kvote;UIA;Hovedopptak;201 233;Fysikk, nettbasert;Kristiansand;REALFAG;2026;0
Førstegangsvitnemålskvote;UIA;Suppleringsopptak;201 233;Fysikk, nettbasert;Kristiansand;REALFAG;2026;0
Ordinær kvote;UIA;Suppleringsopptak;201 233;Fysikk, nettbasert;Kristiansand;REALFAG;2026;0
Førstegangsvitnemålskvote;HVL;Hovedopptak;203 703;Fysioterapi;Bergen;HELSEFAG - FYSIO;2026;52.1
Ordinær kvote;HVL;Hovedopptak;203 703;Fysioterapi;Bergen;HELSEFAG - FYSIO;2026;56.7
Førstegangsvitnemålskvote;HVL;Suppleringsopptak;203 703;Fysioterapi;Bergen;HELSEFAG - FYSIO;2026;52.1
Ordinær kvote;HVL;Suppleringsopptak;203 703;Fysioterapi;Bergen;HELSEFAG - FYSIO;2026;56.7
Førstegangsvitnemålskvote;INN;Hovedopptak;209 703;Fysioterapi;Elverum;HELSEFAG - FYSIO;2026;47.9
Ordinær kvote;INN;Hovedopptak;209 703;Fysioterapi;Elverum;HELSEFAG - FYSIO;2026;53.7
Førstegangsvitnemålskvote;INN;Suppleringsopptak;209 703;Fysioterapi;Elverum;HELSEFAG - FYSIO;2026;47.9
Ordinær kvote;INN;Suppleringsopptak;209 703;Fysioterapi;Elverum;HELSEFAG - FYSIO;2026;53.7
Førstegangsvitnemålskvote;OSLOMET;Hovedopptak;215 703;Fysioterapi;Oslo;HELSEFAG - FYSIO;2026;48.1
Ordinær kvote;OSLOMET;Hovedopptak;215 703;Fysioterapi;Oslo;HELSEFAG - FYSIO;2026;54.3
Førstegangsvitnemålskvote;OSLOMET;Suppleringsopptak;215 703;Fysioterapi;Oslo;HELSEFAG - FYSIO;2026;48.1
Ordinær kvote;OSLOMET;Suppleringsopptak;215 703;Fysioterapi;Oslo;HELSEFAG - FYSIO;2026;54.3
Førstegangsvitnemålskvote;UIT;Hovedopptak;186 703;Fysioterapi;Tromsø;HELSEFAG - FYSIO;2026;52.5
Ordinær kvote;UIT;Hovedopptak;186 703;Fysioterapi;Tromsø;HELSEFAG - FYSIO;2026;61.2
Førstegangsvitnemålskvote;UIT;Suppleringsopptak;186 703;Fysioterapi;Tromsø;HELSEFAG - FYSIO;2026;52.5
Ordinær kvote;UIT;Suppleringsopptak;186 703;Fysioterapi;Tromsø;HELSEFAG - FYSIO;2026;61.2
Førstegangsvitnemålskvote;NTNU;Hovedopptak;194 703;Fysioterapi;Trondheim;HELSEFAG - FYSIO;2026;53.2
Ordinær kvote;NTNU;Hovedopptak;194 703;Fysioterapi;Trondheim;HELSEFAG - FYSIO;2026;60
Førstegangsvitnemålskvote;NTNU;Suppleringsopptak;194 703;Fysioterapi;Trondheim;HELSEFAG - FYSIO;2026;53.2
Ordinær kvote;NTNU;Suppleringsopptak;194 703;Fysioterapi;Trondheim;HELSEFAG - FYSIO;2026;60
Førstegangsvitnemålskvote;UIB;Hovedopptak;184 876;Generell psykologi;Bergen;SAMFUNN;2026;51.4
Ordinær kvote;UIB;Hovedopptak;184 876;Generell psykologi;Bergen;SAMFUNN;2026;55.5
Førstegangsvitnemålskvote;UIB;Suppleringsopptak;184 876;Generell psykologi;Bergen;SAMFUNN;2026;51.4
Ordinær kvote;UIB;Suppleringsopptak;184 876;Generell psykologi;Bergen;SAMFUNN;2026;55.5
Førstegangsvitnemålskvote;UIB;Hovedopptak;184 858;Geofag og informatikk;Bergen;REALFAG;2026;0
Ordinær kvote;UIB;Hovedopptak;184 858;Geofag og informatikk;Bergen;REALFAG;2026;0
Førstegangsvitnemålskvote;UIB;Suppleringsopptak;184 858;Geofag og informatikk;Bergen;REALFAG;2026;0
Ordinær kvote;UIB;Suppleringsopptak;184 858;Geofag og informatikk;Bergen;REALFAG;2026;0
Førstegangsvitnemålskvote;UIB;Hovedopptak;184 784;Geofysikk - meteorologi og oseanografi (siv.ing.);Bergen;TEKNO - SIVING;2026;48
Ordinær kvote;UIB;Hovedopptak;184 784;Geofysikk - meteorologi og oseanografi (siv.ing.);Bergen;TEKNO - SIVING;2026;47.6
Førstegangsvitnemålskvote;UIB;Suppleringsopptak;184 784;Geofysikk - meteorologi og oseanografi (siv.ing.);Bergen;TEKNO - SIVING;2026;48
Ordinær kvote;UIB;Suppleringsopptak;184 784;Geofysikk - meteorologi og oseanografi (siv.ing.);Bergen;TEKNO - SIVING;2026;46.7
Førstegangsvitnemålskvote;UIO;Hovedopptak;185 915;Geofysikk og klima;Oslo;REALFAG;2026;0
Ordinær kvote;UIO;Hovedopptak;185 915;Geofysikk og klima;Oslo;REALFAG;2026;0
Førstegangsvitnemålskvote;UIO;Suppleringsopptak;185 915;Geofysikk og klima;Oslo;REALFAG;2026;0
Ordinær kvote;UIO;Suppleringsopptak;185 915;Geofysikk og klima;Oslo;REALFAG;2026;0
Førstegangsvitnemålskvote;NORD;Hovedopptak;204 396;Geografi;Levanger;SAMFUNN;2026;0
Ordinær kvote;NORD;Hovedopptak;204 396;Geografi;Levanger;SAMFUNN;2026;0
Førstegangsvitnemålskvote;NORD;Suppleringsopptak;204 396;Geografi;Levanger;SAMFUNN;2026;0
Ordinær kvote;NORD;Suppleringsopptak;204 396;Geografi;Levanger;SAMFUNN;2026;0
Førstegangsvitnemålskvote;NORD;Hovedopptak;204 438;Geografi og samfunnsplanlegging;Levanger;SAMFUNN;2026;0
Ordinær kvote;NORD;Hovedopptak;204 438;Geografi og samfunnsplanlegging;Levanger;SAMFUNN;2026;0
Førstegangsvitnemålskvote;NORD;Suppleringsopptak;204 438;Geografi og samfunnsplanlegging;Levanger;SAMFUNN;2026;0
Ordinær kvote;NORD;Suppleringsopptak;204 438;Geografi og samfunnsplanlegging;Levanger;SAMFUNN;2026;0
Førstegangsvitnemålskvote;UIB;Hovedopptak;184 248;Geografi, årsstudium;Bergen;SAMFUNN;2026;0
Ordinær kvote;UIB;Hovedopptak;184 248;Geografi, årsstudium;Bergen;SAMFUNN;2026;0
Førstegangsvitnemålskvote;UIB;Suppleringsopptak;184 248;Geografi, årsstudium;Bergen;SAMFUNN;2026;-1
Ordinær kvote;UIB;Suppleringsopptak;184 248;Geografi, årsstudium;Bergen;SAMFUNN;2026;-1
Førstegangsvitnemålskvote;NTNU;Hovedopptak;194 284;Geografi, årsstudium;Trondheim;SAMFUNN;2026;0
Ordinær kvote;NTNU;Hovedopptak;194 284;Geografi, årsstudium;Trondheim;SAMFUNN;2026;53.2
Førstegangsvitnemålskvote;NTNU;Suppleringsopptak;194 284;Geografi, årsstudium;Trondheim;SAMFUNN;2026;0
Ordinær kvote;NTNU;Suppleringsopptak;194 284;Geografi, årsstudium;Trondheim;SAMFUNN;2026;0
Førstegangsvitnemålskvote;UIB;Hovedopptak;184 438;Geografi, bachelor;Bergen;SAMFUNN;2026;0
Ordinær kvote;UIB;Hovedopptak;184 438;Geografi, bachelor;Bergen;SAMFUNN;2026;0
Førstegangsvitnemålskvote;UIB;Suppleringsopptak;184 438;Geografi, bachelor;Bergen;SAMFUNN;2026;-1
Ordinær kvote;UIB;Suppleringsopptak;184 438;Geografi, bachelor;Bergen;SAMFUNN;2026;-1
Førstegangsvitnemålskvote;NTNU;Hovedopptak;194 438;Geografi, bachelor;Trondheim;SAMFUNN;2026;0
Ordinær kvote;NTNU;Hovedopptak;194 438;Geografi, bachelor;Trondheim;SAMFUNN;2026;0
Førstegangsvitnemålskvote;NTNU;Suppleringsopptak;194 438;Geografi, bachelor;Trondheim;SAMFUNN;2026;0
Ordinær kvote;NTNU;Suppleringsopptak;194 438;Geografi, bachelor;Trondheim;SAMFUNN;2026;0
Førstegangsvitnemålskvote;NMBU;Hovedopptak;192 813;Geoinformatikk;Ås;TEKNO - SIVING;2026;0
Ordinær kvote;NMBU;Hovedopptak;192 813;Geoinformatikk;Ås;TEKNO - SIVING;2026;0
Førstegangsvitnemålskvote;NMBU;Suppleringsopptak;192 813;Geoinformatikk;Ås;TEKNO - SIVING;2026;0
Ordinær kvote;NMBU;Suppleringsopptak;192 813;Geoinformatikk;Ås;TEKNO - SIVING;2026;0
Førstegangsvitnemålskvote;NTNU;Hovedopptak;194 859;Geologi;Trondheim;REALFAG;2026;49.3
Ordinær kvote;NTNU;Hovedopptak;194 859;Geologi;Trondheim;REALFAG;2026;53.1
Førstegangsvitnemålskvote;NTNU;Suppleringsopptak;194 859;Geologi;Trondheim;REALFAG;2026;49.3
Ordinær kvote;NTNU;Suppleringsopptak;194 859;Geologi;Trondheim;REALFAG;2026;53.1
Førstegangsvitnemålskvote;HVL;Hovedopptak;203 469;Geologi og geofare;Sogndal;REALFAG;2026;0
Ordinær kvote;HVL;Hovedopptak;203 469;Geologi og geofare;Sogndal;REALFAG;2026;0
Førstegangsvitnemålskvote;HVL;Suppleringsopptak;203 469;Geologi og geofare;Sogndal;REALFAG;2026;0
Ordinær kvote;HVL;Suppleringsopptak;203 469;Geologi og geofare;Sogndal;REALFAG;2026;0
Førstegangsvitnemålskvote;UIO;Hovedopptak;185 858;Geologi og geografi;Oslo;REALFAG;2026;0
Ordinær kvote;UIO;Hovedopptak;185 858;Geologi og geografi;Oslo;REALFAG;2026;0
Førstegangsvitnemålskvote;UIO;Suppleringsopptak;185 858;Geologi og geografi;Oslo;REALFAG;2026;0
Ordinær kvote;UIO;Suppleringsopptak;185 858;Geologi og geografi;Oslo;REALFAG;2026;0
Førstegangsvitnemålskvote;NMBU;Hovedopptak;192 406;Geomatikk;Ås;TEKNO - ANNET;2026;0
Ordinær kvote;NMBU;Hovedopptak;192 406;Geomatikk;Ås;TEKNO - ANNET;2026;0
Førstegangsvitnemålskvote;NMBU;Suppleringsopptak;192 406;Geomatikk;Ås;TEKNO - ANNET;2026;0
Ordinær kvote;NMBU;Suppleringsopptak;192 406;Geomatikk;Ås;TEKNO - ANNET;2026;0
Førstegangsvitnemålskvote;NTNU;Hovedopptak;194 809;Georessurser og geoteknologi;Trondheim;TEKNO - SIVING;2026;54.4
Ordinær kvote;NTNU;Hovedopptak;194 809;Georessurser og geoteknologi;Trondheim;TEKNO - SIVING;2026;56.3
Førstegangsvitnemålskvote;NTNU;Suppleringsopptak;194 809;Georessurser og geoteknologi;Trondheim;TEKNO - SIVING;2026;54.4
Ordinær kvote;NTNU;Suppleringsopptak;194 809;Georessurser og geoteknologi;Trondheim;TEKNO - SIVING;2026;56.3
Førstegangsvitnemålskvote;UIT;Hovedopptak;186 859;Geovitenskap;Tromsø;REALFAG;2026;0
Ordinær kvote;UIT;Hovedopptak;186 859;Geovitenskap;Tromsø;REALFAG;2026;0
Førstegangsvitnemålskvote;UIT;Suppleringsopptak;186 859;Geovitenskap;Tromsø;REALFAG;2026;0
Ordinær kvote;UIT;Suppleringsopptak;186 859;Geovitenskap;Tromsø;REALFAG;2026;0
Førstegangsvitnemålskvote;UIB;Hovedopptak;184 915;Geovitenskap, retning geofysikk;Bergen;REALFAG;2026;50.8
Ordinær kvote;UIB;Hovedopptak;184 915;Geovitenskap, retning geofysikk;Bergen;REALFAG;2026;52.1
Førstegangsvitnemålskvote;UIB;Suppleringsopptak;184 915;Geovitenskap, retning geofysikk;Bergen;REALFAG;2026;50.8
Ordinær kvote;UIB;Suppleringsopptak;184 915;Geovitenskap, retning geofysikk;Bergen;REALFAG;2026;52.1
Førstegangsvitnemålskvote;UIB;Hovedopptak;184 859;Geovitenskap, retning geologi;Bergen;REALFAG;2026;46.5
Ordinær kvote;UIB;Hovedopptak;184 859;Geovitenskap, retning geologi;Bergen;REALFAG;2026;46.7
Førstegangsvitnemålskvote;UIB;Suppleringsopptak;184 859;Geovitenskap, retning geologi;Bergen;REALFAG;2026;46.5
Ordinær kvote;UIB;Suppleringsopptak;184 859;Geovitenskap, retning geologi;Bergen;REALFAG;2026;46.7
Førstegangsvitnemålskvote;UIA;Hovedopptak;201 247;Globale utviklingsstudier, årsstudium;Kristiansand;SAMFUNN;2026;0
Ordinær kvote;UIA;Hovedopptak;201 247;Globale utviklingsstudier, årsstudium;Kristiansand;SAMFUNN;2026;0
Førstegangsvitnemålskvote;UIA;Suppleringsopptak;201 247;Globale utviklingsstudier, årsstudium;Kristiansand;SAMFUNN;2026;0
Ordinær kvote;UIA;Suppleringsopptak;201 247;Globale utviklingsstudier, årsstudium;Kristiansand;SAMFUNN;2026;0
Førstegangsvitnemålskvote;UIA;Hovedopptak;201 484;Globale utviklingsstudier, bachelor;Kristiansand;SAMFUNN;2026;0
Ordinær kvote;UIA;Hovedopptak;201 484;Globale utviklingsstudier, bachelor;Kristiansand;SAMFUNN;2026;0
Førstegangsvitnemålskvote;UIA;Suppleringsopptak;201 484;Globale utviklingsstudier, bachelor;Kristiansand;SAMFUNN;2026;0
Ordinær kvote;UIA;Suppleringsopptak;201 484;Globale utviklingsstudier, bachelor;Kristiansand;SAMFUNN;2026;0
Førstegangsvitnemålskvote;NTNU;Hovedopptak;194 149;Grafisk design;Gjøvik;MEDIEFAG;2026;0
Ordinær kvote;NTNU;Hovedopptak;194 149;Grafisk design;Gjøvik;MEDIEFAG;2026;0
Førstegangsvitnemålskvote;NTNU;Suppleringsopptak;194 149;Grafisk design;Gjøvik;MEDIEFAG;2026;0
Ordinær kvote;NTNU;Suppleringsopptak;194 149;Grafisk design;Gjøvik;MEDIEFAG;2026;0
Førstegangsvitnemålskvote;HIØ;Hovedopptak;224 547;Grunnskolelærer, 1.-7. trinn;Halden;LÆRER - GLU1-7;2026;0
Ordinær kvote;HIØ;Hovedopptak;224 547;Grunnskolelærer, 1.-7. trinn;Halden;LÆRER - GLU1-7;2026;0
Førstegangsvitnemålskvote;HIØ;Suppleringsopptak;224 547;Grunnskolelærer, 1.-7. trinn;Halden;LÆRER - GLU1-7;2026;0
Ordinær kvote;HIØ;Suppleringsopptak;224 547;Grunnskolelærer, 1.-7. trinn;Halden;LÆRER - GLU1-7;2026;0
Førstegangsvitnemålskvote;INN;Hovedopptak;209 547;Grunnskolelærer, 1.-7. trinn;Hamar;LÆRER - GLU1-7;2026;0
Ordinær kvote;INN;Hovedopptak;209 547;Grunnskolelærer, 1.-7. trinn;Hamar;LÆRER - GLU1-7;2026;0
Førstegangsvitnemålskvote;INN;Suppleringsopptak;209 547;Grunnskolelærer, 1.-7. trinn;Hamar;LÆRER - GLU1-7;2026;0
Ordinær kvote;INN;Suppleringsopptak;209 547;Grunnskolelærer, 1.-7. trinn;Hamar;LÆRER - GLU1-7;2026;0
Førstegangsvitnemålskvote;UIA;Hovedopptak;201 084;Grunnskolelærer, 1.-7. trinn;Kristiansand;LÆRER - GLU1-7;2026;41.5
Ordinær kvote;UIA;Hovedopptak;201 084;Grunnskolelærer, 1.-7. trinn;Kristiansand;LÆRER - GLU1-7;2026;37.4
Førstegangsvitnemålskvote;UIA;Suppleringsopptak;201 084;Grunnskolelærer, 1.-7. trinn;Kristiansand;LÆRER - GLU1-7;2026;41.5
Ordinær kvote;UIA;Suppleringsopptak;201 084;Grunnskolelærer, 1.-7. trinn;Kristiansand;LÆRER - GLU1-7;2026;37.4
Førstegangsvitnemålskvote;OSLOMET;Hovedopptak;215 547;Grunnskolelærer, 1.-7. trinn;Oslo;LÆRER - GLU1-7;2026;38.8
Ordinær kvote;OSLOMET;Hovedopptak;215 547;Grunnskolelærer, 1.-7. trinn;Oslo;LÆRER - GLU1-7;2026;41.4
Førstegangsvitnemålskvote;OSLOMET;Suppleringsopptak;215 547;Grunnskolelærer, 1.-7. trinn;Oslo;LÆRER - GLU1-7;2026;36.3
Ordinær kvote;OSLOMET;Suppleringsopptak;215 547;Grunnskolelærer, 1.-7. trinn;Oslo;LÆRER - GLU1-7;2026;38.9
Førstegangsvitnemålskvote;UIS;Hovedopptak;217 547;Grunnskolelærer, 1.-7. trinn;Stavanger;LÆRER - GLU1-7;2026;0
Ordinær kvote;UIS;Hovedopptak;217 547;Grunnskolelærer, 1.-7. trinn;Stavanger;LÆRER - GLU1-7;2026;0
Førstegangsvitnemålskvote;UIS;Suppleringsopptak;217 547;Grunnskolelærer, 1.-7. trinn;Stavanger;LÆRER - GLU1-7;2026;0
Ordinær kvote;UIS;Suppleringsopptak;217 547;Grunnskolelærer, 1.-7. trinn;Stavanger;LÆRER - GLU1-7;2026;0
Førstegangsvitnemålskvote;NTNU;Hovedopptak;194 084;Grunnskolelærer, 1.-7. trinn;Trondheim;LÆRER - GLU1-7;2026;0
Ordinær kvote;NTNU;Hovedopptak;194 084;Grunnskolelærer, 1.-7. trinn;Trondheim;LÆRER - GLU1-7;2026;0
Førstegangsvitnemålskvote;NTNU;Suppleringsopptak;194 084;Grunnskolelærer, 1.-7. trinn;Trondheim;LÆRER - GLU1-7;2026;0
Ordinær kvote;NTNU;Suppleringsopptak;194 084;Grunnskolelærer, 1.-7. trinn;Trondheim;LÆRER - GLU1-7;2026;0
Førstegangsvitnemålskvote;HVO;Hovedopptak;223 547;Grunnskolelærer, 1.-7. trinn;Volda;LÆRER - GLU1-7;2026;0
Ordinær kvote;HVO;Hovedopptak;223 547;Grunnskolelærer, 1.-7. trinn;Volda;LÆRER - GLU1-7;2026;0
Førstegangsvitnemålskvote;HVO;Suppleringsopptak;223 547;Grunnskolelærer, 1.-7. trinn;Volda;LÆRER - GLU1-7;2026;0
Ordinær kvote;HVO;Suppleringsopptak;223 547;Grunnskolelærer, 1.-7. trinn;Volda;LÆRER - GLU1-7;2026;0
Førstegangsvitnemålskvote;OSLOMET;Hovedopptak;215 084;Grunnskolelærer, 1.-7. trinn med steinerpedagogikk;Oslo;LÆRER - GLU1-7;2026;0
Ordinær kvote;OSLOMET;Hovedopptak;215 084;Grunnskolelærer, 1.-7. trinn med steinerpedagogikk;Oslo;LÆRER - GLU1-7;2026;0
Førstegangsvitnemålskvote;OSLOMET;Suppleringsopptak;215 084;Grunnskolelærer, 1.-7. trinn med steinerpedagogikk;Oslo;LÆRER - GLU1-7;2026;0
Ordinær kvote;OSLOMET;Suppleringsopptak;215 084;Grunnskolelærer, 1.-7. trinn med steinerpedagogikk;Oslo;LÆRER - GLU1-7;2026;0
Førstegangsvitnemålskvote;UIT;Hovedopptak;186 547;Grunnskolelærer, 1.-7. trinn, Alta;Alta;LÆRER - GLU1-7;2026;0
Ordinær kvote;UIT;Hovedopptak;186 547;Grunnskolelærer, 1.-7. trinn, Alta;Alta;LÆRER - GLU1-7;2026;0
Førstegangsvitnemålskvote;UIT;Suppleringsopptak;186 547;Grunnskolelærer, 1.-7. trinn, Alta;Alta;LÆRER - GLU1-7;2026;0
Ordinær kvote;UIT;Suppleringsopptak;186 547;Grunnskolelærer, 1.-7. trinn, Alta;Alta;LÆRER - GLU1-7;2026;0
Førstegangsvitnemålskvote;NLA;Hovedopptak;254 547;Grunnskolelærer, 1.-7. trinn, Bergen;Bergen;LÆRER - GLU1-7;2026;0
Ordinær kvote;NLA;Hovedopptak;254 547;Grunnskolelærer, 1.-7. trinn, Bergen;Bergen;LÆRER - GLU1-7;2026;0
Førstegangsvitnemålskvote;NLA;Suppleringsopptak;254 547;Grunnskolelærer, 1.-7. trinn, Bergen;Bergen;LÆRER - GLU1-7;2026;0
Ordinær kvote;NLA;Suppleringsopptak;254 547;Grunnskolelærer, 1.-7. trinn, Bergen;Bergen;LÆRER - GLU1-7;2026;0
Førstegangsvitnemålskvote;NORD;Hovedopptak;204 084;Grunnskolelærer, 1.-7. trinn, Bodø;Bodø;LÆRER - GLU1-7;2026;0
Ordinær kvote;NORD;Hovedopptak;204 084;Grunnskolelærer, 1.-7. trinn, Bodø;Bodø;LÆRER - GLU1-7;2026;0
Førstegangsvitnemålskvote;NORD;Suppleringsopptak;204 084;Grunnskolelærer, 1.-7. trinn, Bodø;Bodø;LÆRER - GLU1-7;2026;0
Ordinær kvote;NORD;Suppleringsopptak;204 084;Grunnskolelærer, 1.-7. trinn, Bodø;Bodø;LÆRER - GLU1-7;2026;0
Førstegangsvitnemålskvote;USN;Hovedopptak;222 548;Grunnskolelærer, 1.-7. trinn, Drammen;Drammen;LÆRER - GLU1-7;2026;0
Ordinær kvote;USN;Hovedopptak;222 548;Grunnskolelærer, 1.-7. trinn, Drammen;Drammen;LÆRER - GLU1-7;2026;0
Førstegangsvitnemålskvote;USN;Suppleringsopptak;222 548;Grunnskolelærer, 1.-7. trinn, Drammen;Drammen;LÆRER - GLU1-7;2026;0
Ordinær kvote;USN;Suppleringsopptak;222 548;Grunnskolelærer, 1.-7. trinn, Drammen;Drammen;LÆRER - GLU1-7;2026;0
Førstegangsvitnemålskvote;HVL;Hovedopptak;203 551;Grunnskolelærer, 1.-7. trinn, engelsk;Bergen;LÆRER - GLU1-7;2026;39.6
Ordinær kvote;HVL;Hovedopptak;203 551;Grunnskolelærer, 1.-7. trinn, engelsk;Bergen;LÆRER - GLU1-7;2026;40.4
Førstegangsvitnemålskvote;HVL;Suppleringsopptak;203 551;Grunnskolelærer, 1.-7. trinn, engelsk;Bergen;LÆRER - GLU1-7;2026;39.6
Ordinær kvote;HVL;Suppleringsopptak;203 551;Grunnskolelærer, 1.-7. trinn, engelsk;Bergen;LÆRER - GLU1-7;2026;39.2
Førstegangsvitnemålskvote;UIT;Hovedopptak;186 523;Grunnskolelærer, 1.-7. trinn, Harstad;Harstad;LÆRER - GLU1-7;2026;0
Ordinær kvote;UIT;Hovedopptak;186 523;Grunnskolelærer, 1.-7. trinn, Harstad;Harstad;LÆRER - GLU1-7;2026;0
Førstegangsvitnemålskvote;UIT;Suppleringsopptak;186 523;Grunnskolelærer, 1.-7. trinn, Harstad;Harstad;LÆRER - GLU1-7;2026;0
Ordinær kvote;UIT;Suppleringsopptak;186 523;Grunnskolelærer, 1.-7. trinn, Harstad;Harstad;LÆRER - GLU1-7;2026;0
Førstegangsvitnemålskvote;HVL;Hovedopptak;203 559;Grunnskolelærer, 1.-7. trinn, KRLE;Bergen;LÆRER - GLU1-7;2026;0
Ordinær kvote;HVL;Hovedopptak;203 559;Grunnskolelærer, 1.-7. trinn, KRLE;Bergen;LÆRER - GLU1-7;2026;0
Førstegangsvitnemålskvote;HVL;Suppleringsopptak;203 559;Grunnskolelærer, 1.-7. trinn, KRLE;Bergen;LÆRER - GLU1-7;2026;-1
Ordinær kvote;HVL;Suppleringsopptak;203 559;Grunnskolelærer, 1.-7. trinn, KRLE;Bergen;LÆRER - GLU1-7;2026;-1
Førstegangsvitnemålskvote;HVL;Hovedopptak;203 547;Grunnskolelærer, 1.-7. trinn, kroppsøving;Bergen;LÆRER - GLU1-7;2026;43.9
Ordinær kvote;HVL;Hovedopptak;203 547;Grunnskolelærer, 1.-7. trinn, kroppsøving;Bergen;LÆRER - GLU1-7;2026;43.4
Førstegangsvitnemålskvote;HVL;Suppleringsopptak;203 547;Grunnskolelærer, 1.-7. trinn, kroppsøving;Bergen;LÆRER - GLU1-7;2026;43.9
Ordinær kvote;HVL;Suppleringsopptak;203 547;Grunnskolelærer, 1.-7. trinn, kroppsøving;Bergen;LÆRER - GLU1-7;2026;43.4
Førstegangsvitnemålskvote;HVL;Hovedopptak;203 564;Grunnskolelærer, 1.-7. trinn, kunst og håndverk;Bergen;LÆRER - GLU1-7;2026;0
Ordinær kvote;HVL;Hovedopptak;203 564;Grunnskolelærer, 1.-7. trinn, kunst og håndverk;Bergen;LÆRER - GLU1-7;2026;0
Førstegangsvitnemålskvote;HVL;Suppleringsopptak;203 564;Grunnskolelærer, 1.-7. trinn, kunst og håndverk;Bergen;LÆRER - GLU1-7;2026;0
Ordinær kvote;HVL;Suppleringsopptak;203 564;Grunnskolelærer, 1.-7. trinn, kunst og håndverk;Bergen;LÆRER - GLU1-7;2026;0
Førstegangsvitnemålskvote;NORD;Hovedopptak;204 551;Grunnskolelærer, 1.-7. trinn, Levanger;Levanger;LÆRER - GLU1-7;2026;0
Ordinær kvote;NORD;Hovedopptak;204 551;Grunnskolelærer, 1.-7. trinn, Levanger;Levanger;LÆRER - GLU1-7;2026;0
Førstegangsvitnemålskvote;NORD;Suppleringsopptak;204 551;Grunnskolelærer, 1.-7. trinn, Levanger;Levanger;LÆRER - GLU1-7;2026;0
Ordinær kvote;NORD;Suppleringsopptak;204 551;Grunnskolelærer, 1.-7. trinn, Levanger;Levanger;LÆRER - GLU1-7;2026;0
Førstegangsvitnemålskvote;HVL;Hovedopptak;203 599;Grunnskolelærer, 1.-7. trinn, mat og helse;Bergen;LÆRER - GLU1-7;2026;0
Ordinær kvote;HVL;Hovedopptak;203 599;Grunnskolelærer, 1.-7. trinn, mat og helse;Bergen;LÆRER - GLU1-7;2026;0
Førstegangsvitnemålskvote;HVL;Suppleringsopptak;203 599;Grunnskolelærer, 1.-7. trinn, mat og helse;Bergen;LÆRER - GLU1-7;2026;0
Ordinær kvote;HVL;Suppleringsopptak;203 599;Grunnskolelærer, 1.-7. trinn, mat og helse;Bergen;LÆRER - GLU1-7;2026;0
Førstegangsvitnemålskvote;HVL;Hovedopptak;203 548;Grunnskolelærer, 1.-7. trinn, musikk;Bergen;LÆRER - GLU1-7;2026;0
Ordinær kvote;HVL;Hovedopptak;203 548;Grunnskolelærer, 1.-7. trinn, musikk;Bergen;LÆRER - GLU1-7;2026;0
Førstegangsvitnemålskvote;HVL;Suppleringsopptak;203 548;Grunnskolelærer, 1.-7. trinn, musikk;Bergen;LÆRER - GLU1-7;2026;0
Ordinær kvote;HVL;Suppleringsopptak;203 548;Grunnskolelærer, 1.-7. trinn, musikk;Bergen;LÆRER - GLU1-7;2026;0
Førstegangsvitnemålskvote;HVL;Hovedopptak;203 557;Grunnskolelærer, 1.-7. trinn, naturfag;Bergen;LÆRER - GLU1-7;2026;0
Ordinær kvote;HVL;Hovedopptak;203 557;Grunnskolelærer, 1.-7. trinn, naturfag;Bergen;LÆRER - GLU1-7;2026;0
Førstegangsvitnemålskvote;HVL;Suppleringsopptak;203 557;Grunnskolelærer, 1.-7. trinn, naturfag;Bergen;LÆRER - GLU1-7;2026;0
Ordinær kvote;HVL;Suppleringsopptak;203 557;Grunnskolelærer, 1.-7. trinn, naturfag;Bergen;LÆRER - GLU1-7;2026;0
Førstegangsvitnemålskvote;USN;Hovedopptak;222 084;Grunnskolelærer, 1.-7. trinn, Notodden;Notodden;LÆRER - GLU1-7;2026;0
Ordinær kvote;USN;Hovedopptak;222 084;Grunnskolelærer, 1.-7. trinn, Notodden;Notodden;LÆRER - GLU1-7;2026;0
Førstegangsvitnemålskvote;USN;Suppleringsopptak;222 084;Grunnskolelærer, 1.-7. trinn, Notodden;Notodden;LÆRER - GLU1-7;2026;0
Ordinær kvote;USN;Suppleringsopptak;222 084;Grunnskolelærer, 1.-7. trinn, Notodden;Notodden;LÆRER - GLU1-7;2026;0
Førstegangsvitnemålskvote;NLA;Hovedopptak;254 550;Grunnskolelærer, 1.-7. trinn, Oslo;Oslo;LÆRER - GLU1-7;2026;0
Ordinær kvote;NLA;Hovedopptak;254 550;Grunnskolelærer, 1.-7. trinn, Oslo;Oslo;LÆRER - GLU1-7;2026;0
Førstegangsvitnemålskvote;NLA;Suppleringsopptak;254 550;Grunnskolelærer, 1.-7. trinn, Oslo;Oslo;LÆRER - GLU1-7;2026;0
Ordinær kvote;NLA;Suppleringsopptak;254 550;Grunnskolelærer, 1.-7. trinn, Oslo;Oslo;LÆRER - GLU1-7;2026;0
Førstegangsvitnemålskvote;HVL;Hovedopptak;203 550;Grunnskolelærer, 1.-7. trinn, samfunnsfag;Bergen;LÆRER - GLU1-7;2026;41.4
Ordinær kvote;HVL;Hovedopptak;203 550;Grunnskolelærer, 1.-7. trinn, samfunnsfag;Bergen;LÆRER - GLU1-7;2026;40
Førstegangsvitnemålskvote;HVL;Suppleringsopptak;203 550;Grunnskolelærer, 1.-7. trinn, samfunnsfag;Bergen;LÆRER - GLU1-7;2026;41.4
Ordinær kvote;HVL;Suppleringsopptak;203 550;Grunnskolelærer, 1.-7. trinn, samfunnsfag;Bergen;LÆRER - GLU1-7;2026;40
Førstegangsvitnemålskvote;SA/SH;Hovedopptak;231 547;Grunnskolelærer, 1.-7. trinn, samisk;Guovdageaidnu Kautokeino;LÆRER - GLU1-7;2026;0
Ordinær kvote;SA/SH;Hovedopptak;231 547;Grunnskolelærer, 1.-7. trinn, samisk;Guovdageaidnu Kautokeino;LÆRER - GLU1-7;2026;0
Førstegangsvitnemålskvote;SA/SH;Suppleringsopptak;231 547;Grunnskolelærer, 1.-7. trinn, samisk;Guovdageaidnu Kautokeino;LÆRER - GLU1-7;2026;0
Ordinær kvote;SA/SH;Suppleringsopptak;231 547;Grunnskolelærer, 1.-7. trinn, samisk;Guovdageaidnu Kautokeino;LÆRER - GLU1-7;2026;0
Førstegangsvitnemålskvote;INN;Hovedopptak;209 548;Grunnskolelærer, 1.-7. trinn, samlingsbasert;Hamar;LÆRER - GLU1-7;2026;0
Ordinær kvote;INN;Hovedopptak;209 548;Grunnskolelærer, 1.-7. trinn, samlingsbasert;Hamar;LÆRER - GLU1-7;2026;0
Førstegangsvitnemålskvote;INN;Suppleringsopptak;209 548;Grunnskolelærer, 1.-7. trinn, samlingsbasert;Hamar;LÆRER - GLU1-7;2026;0
Ordinær kvote;INN;Suppleringsopptak;209 548;Grunnskolelærer, 1.-7. trinn, samlingsbasert;Hamar;LÆRER - GLU1-7;2026;0
Førstegangsvitnemålskvote;HVL;Hovedopptak;203 590;Grunnskolelærer, 1.-7. trinn, Sogndal;Sogndal;LÆRER - GLU1-7;2026;0
Ordinær kvote;HVL;Hovedopptak;203 590;Grunnskolelærer, 1.-7. trinn, Sogndal;Sogndal;LÆRER - GLU1-7;2026;0
Førstegangsvitnemålskvote;HVL;Suppleringsopptak;203 590;Grunnskolelærer, 1.-7. trinn, Sogndal;Sogndal;LÆRER - GLU1-7;2026;0
Ordinær kvote;HVL;Suppleringsopptak;203 590;Grunnskolelærer, 1.-7. trinn, Sogndal;Sogndal;LÆRER - GLU1-7;2026;0
Førstegangsvitnemålskvote;HVL;Hovedopptak;203 151;Grunnskolelærer, 1.-7. trinn, Sogndal, samlingsbasert;Sogndal;LÆRER - GLU1-7;2026;0
Ordinær kvote;HVL;Hovedopptak;203 151;Grunnskolelærer, 1.-7. trinn, Sogndal, samlingsbasert;Sogndal;LÆRER - GLU1-7;2026;0
Førstegangsvitnemålskvote;HVL;Suppleringsopptak;203 151;Grunnskolelærer, 1.-7. trinn, Sogndal, samlingsbasert;Sogndal;LÆRER - GLU1-7;2026;0
Ordinær kvote;HVL;Suppleringsopptak;203 151;Grunnskolelærer, 1.-7. trinn, Sogndal, samlingsbasert;Sogndal;LÆRER - GLU1-7;2026;0
Førstegangsvitnemålskvote;HVL;Hovedopptak;203 084;Grunnskolelærer, 1.-7. trinn, Stord;Stord;LÆRER - GLU1-7;2026;0
Ordinær kvote;HVL;Hovedopptak;203 084;Grunnskolelærer, 1.-7. trinn, Stord;Stord;LÆRER - GLU1-7;2026;0
Førstegangsvitnemålskvote;HVL;Suppleringsopptak;203 084;Grunnskolelærer, 1.-7. trinn, Stord;Stord;LÆRER - GLU1-7;2026;0
Ordinær kvote;HVL;Suppleringsopptak;203 084;Grunnskolelærer, 1.-7. trinn, Stord;Stord;LÆRER - GLU1-7;2026;0
Førstegangsvitnemålskvote;UIT;Hovedopptak;186 084;Grunnskolelærer, 1.-7. trinn, Tromsø;Tromsø;LÆRER - GLU1-7;2026;0
Ordinær kvote;UIT;Hovedopptak;186 084;Grunnskolelærer, 1.-7. trinn, Tromsø;Tromsø;LÆRER - GLU1-7;2026;0
Førstegangsvitnemålskvote;UIT;Suppleringsopptak;186 084;Grunnskolelærer, 1.-7. trinn, Tromsø;Tromsø;LÆRER - GLU1-7;2026;0
Ordinær kvote;UIT;Suppleringsopptak;186 084;Grunnskolelærer, 1.-7. trinn, Tromsø;Tromsø;LÆRER - GLU1-7;2026;0
Førstegangsvitnemålskvote;USN;Hovedopptak;222 547;Grunnskolelærer, 1.-7. trinn, Vestfold;Horten;LÆRER - GLU1-7;2026;0
Ordinær kvote;USN;Hovedopptak;222 547;Grunnskolelærer, 1.-7. trinn, Vestfold;Horten;LÆRER - GLU1-7;2026;0
Førstegangsvitnemålskvote;USN;Suppleringsopptak;222 547;Grunnskolelærer, 1.-7. trinn, Vestfold;Horten;LÆRER - GLU1-7;2026;0
Ordinær kvote;USN;Suppleringsopptak;222 547;Grunnskolelærer, 1.-7. trinn, Vestfold;Horten;LÆRER - GLU1-7;2026;0
Førstegangsvitnemålskvote;NORD;Hovedopptak;204 665;Grunnskolelærer, 1.-10. trinn;Nesna;LÆRER - GLU5-10;2026;0
Ordinær kvote;NORD;Hovedopptak;204 665;Grunnskolelærer, 1.-10. trinn;Nesna;LÆRER - GLU5-10;2026;0
Førstegangsvitnemålskvote;NORD;Suppleringsopptak;204 665;Grunnskolelærer, 1.-10. trinn;Nesna;LÆRER - GLU5-10;2026;0
Ordinær kvote;NORD;Suppleringsopptak;204 665;Grunnskolelærer, 1.-10. trinn;Nesna;LÆRER - GLU5-10;2026;0
Førstegangsvitnemålskvote;USN;Hovedopptak;222 665;Grunnskolelærer, 1.-10. trinn;Porsgrunn;LÆRER - GLU5-10;2026;0
Ordinær kvote;USN;Hovedopptak;222 665;Grunnskolelærer, 1.-10. trinn;Porsgrunn;LÆRER - GLU5-10;2026;0
Førstegangsvitnemålskvote;USN;Suppleringsopptak;222 665;Grunnskolelærer, 1.-10. trinn;Porsgrunn;LÆRER - GLU5-10;2026;0
Ordinær kvote;USN;Suppleringsopptak;222 665;Grunnskolelærer, 1.-10. trinn;Porsgrunn;LÆRER - GLU5-10;2026;0
Førstegangsvitnemålskvote;HIØ;Hovedopptak;224 651;Grunnskolelærer, 5.-10. trinn;Halden;LÆRER - GLU5-10;2026;0
Ordinær kvote;HIØ;Hovedopptak;224 651;Grunnskolelærer, 5.-10. trinn;Halden;LÆRER - GLU5-10;2026;0
Førstegangsvitnemålskvote;HIØ;Suppleringsopptak;224 651;Grunnskolelærer, 5.-10. trinn;Halden;LÆRER - GLU5-10;2026;0
Ordinær kvote;HIØ;Suppleringsopptak;224 651;Grunnskolelærer, 5.-10. trinn;Halden;LÆRER - GLU5-10;2026;0
Førstegangsvitnemålskvote;INN;Hovedopptak;209 651;Grunnskolelærer, 5.-10. trinn;Hamar;LÆRER - GLU5-10;2026;0
Ordinær kvote;INN;Hovedopptak;209 651;Grunnskolelærer, 5.-10. trinn;Hamar;LÆRER - GLU5-10;2026;0
Førstegangsvitnemålskvote;INN;Suppleringsopptak;209 651;Grunnskolelærer, 5.-10. trinn;Hamar;LÆRER - GLU5-10;2026;0
Ordinær kvote;INN;Suppleringsopptak;209 651;Grunnskolelærer, 5.-10. trinn;Hamar;LÆRER - GLU5-10;2026;0
Førstegangsvitnemålskvote;UIA;Hovedopptak;201 083;Grunnskolelærer, 5.-10. trinn;Kristiansand;LÆRER - GLU5-10;2026;0
Ordinær kvote;UIA;Hovedopptak;201 083;Grunnskolelærer, 5.-10. trinn;Kristiansand;LÆRER - GLU5-10;2026;0
Førstegangsvitnemålskvote;UIA;Suppleringsopptak;201 083;Grunnskolelærer, 5.-10. trinn;Kristiansand;LÆRER - GLU5-10;2026;0
Ordinær kvote;UIA;Suppleringsopptak;201 083;Grunnskolelærer, 5.-10. trinn;Kristiansand;LÆRER - GLU5-10;2026;0
Førstegangsvitnemålskvote;UIS;Hovedopptak;217 083;Grunnskolelærer, 5.-10. trinn;Stavanger;LÆRER - GLU5-10;2026;0
Ordinær kvote;UIS;Hovedopptak;217 083;Grunnskolelærer, 5.-10. trinn;Stavanger;LÆRER - GLU5-10;2026;0
Førstegangsvitnemålskvote;UIS;Suppleringsopptak;217 083;Grunnskolelærer, 5.-10. trinn;Stavanger;LÆRER - GLU5-10;2026;0
Ordinær kvote;UIS;Suppleringsopptak;217 083;Grunnskolelærer, 5.-10. trinn;Stavanger;LÆRER - GLU5-10;2026;0
Førstegangsvitnemålskvote;HVO;Hovedopptak;223 651;Grunnskolelærer, 5.-10. trinn;Volda;LÆRER - GLU5-10;2026;0
Ordinær kvote;HVO;Hovedopptak;223 651;Grunnskolelærer, 5.-10. trinn;Volda;LÆRER - GLU5-10;2026;0
Førstegangsvitnemålskvote;HVO;Suppleringsopptak;223 651;Grunnskolelærer, 5.-10. trinn;Volda;LÆRER - GLU5-10;2026;0
Ordinær kvote;HVO;Suppleringsopptak;223 651;Grunnskolelærer, 5.-10. trinn;Volda;LÆRER - GLU5-10;2026;0
Førstegangsvitnemålskvote;UIT;Hovedopptak;186 660;Grunnskolelærer, 5.-10. trinn, Alta;Alta;LÆRER - GLU5-10;2026;0
Ordinær kvote;UIT;Hovedopptak;186 660;Grunnskolelærer, 5.-10. trinn, Alta;Alta;LÆRER - GLU5-10;2026;0
Førstegangsvitnemålskvote;UIT;Suppleringsopptak;186 660;Grunnskolelærer, 5.-10. trinn, Alta;Alta;LÆRER - GLU5-10;2026;0
Ordinær kvote;UIT;Suppleringsopptak;186 660;Grunnskolelærer, 5.-10. trinn, Alta;Alta;LÆRER - GLU5-10;2026;0
Førstegangsvitnemålskvote;NLA;Hovedopptak;254 651;Grunnskolelærer, 5.-10. trinn, Bergen;Bergen;LÆRER - GLU5-10;2026;0
Ordinær kvote;NLA;Hovedopptak;254 651;Grunnskolelærer, 5.-10. trinn, Bergen;Bergen;LÆRER - GLU5-10;2026;0
Førstegangsvitnemålskvote;NLA;Suppleringsopptak;254 651;Grunnskolelærer, 5.-10. trinn, Bergen;Bergen;LÆRER - GLU5-10;2026;0
Ordinær kvote;NLA;Suppleringsopptak;254 651;Grunnskolelærer, 5.-10. trinn, Bergen;Bergen;LÆRER - GLU5-10;2026;0
Førstegangsvitnemålskvote;NORD;Hovedopptak;204 083;Grunnskolelærer, 5.-10. trinn, Bodø;Bodø;LÆRER - GLU5-10;2026;0
Ordinær kvote;NORD;Hovedopptak;204 083;Grunnskolelærer, 5.-10. trinn, Bodø;Bodø;LÆRER - GLU5-10;2026;0
Førstegangsvitnemålskvote;NORD;Suppleringsopptak;204 083;Grunnskolelærer, 5.-10. trinn, Bodø;Bodø;LÆRER - GLU5-10;2026;0
Ordinær kvote;NORD;Suppleringsopptak;204 083;Grunnskolelærer, 5.-10. trinn, Bodø;Bodø;LÆRER - GLU5-10;2026;0
Førstegangsvitnemålskvote;USN;Hovedopptak;222 083;Grunnskolelærer, 5.-10. trinn, Drammen;Drammen;LÆRER - GLU5-10;2026;0
Ordinær kvote;USN;Hovedopptak;222 083;Grunnskolelærer, 5.-10. trinn, Drammen;Drammen;LÆRER - GLU5-10;2026;0
Førstegangsvitnemålskvote;USN;Suppleringsopptak;222 083;Grunnskolelærer, 5.-10. trinn, Drammen;Drammen;LÆRER - GLU5-10;2026;0
Ordinær kvote;USN;Suppleringsopptak;222 083;Grunnskolelærer, 5.-10. trinn, Drammen;Drammen;LÆRER - GLU5-10;2026;0
Førstegangsvitnemålskvote;HVL;Hovedopptak;203 567;Grunnskolelærer, 5.-10. trinn, engelsk;Bergen;LÆRER - GLU5-10;2026;0
Ordinær kvote;HVL;Hovedopptak;203 567;Grunnskolelærer, 5.-10. trinn, engelsk;Bergen;LÆRER - GLU5-10;2026;0
Førstegangsvitnemålskvote;HVL;Suppleringsopptak;203 567;Grunnskolelærer, 5.-10. trinn, engelsk;Bergen;LÆRER - GLU5-10;2026;0
Ordinær kvote;HVL;Suppleringsopptak;203 567;Grunnskolelærer, 5.-10. trinn, engelsk;Bergen;LÆRER - GLU5-10;2026;0
Førstegangsvitnemålskvote;OSLOMET;Hovedopptak;215 655;Grunnskolelærer, 5.-10. trinn, engelsk;Oslo;LÆRER - GLU5-10;2026;34.1
Ordinær kvote;OSLOMET;Hovedopptak;215 655;Grunnskolelærer, 5.-10. trinn, engelsk;Oslo;LÆRER - GLU5-10;2026;33.6
Førstegangsvitnemålskvote;OSLOMET;Suppleringsopptak;215 655;Grunnskolelærer, 5.-10. trinn, engelsk;Oslo;LÆRER - GLU5-10;2026;30.5
Ordinær kvote;OSLOMET;Suppleringsopptak;215 655;Grunnskolelærer, 5.-10. trinn, engelsk;Oslo;LÆRER - GLU5-10;2026;30
Førstegangsvitnemålskvote;HVL;Hovedopptak;203 569;Grunnskolelærer, 5.-10. trinn, KRLE;Bergen;LÆRER - GLU5-10;2026;0
Ordinær kvote;HVL;Hovedopptak;203 569;Grunnskolelærer, 5.-10. trinn, KRLE;Bergen;LÆRER - GLU5-10;2026;0
Førstegangsvitnemålskvote;HVL;Suppleringsopptak;203 569;Grunnskolelærer, 5.-10. trinn, KRLE;Bergen;LÆRER - GLU5-10;2026;0
Ordinær kvote;HVL;Suppleringsopptak;203 569;Grunnskolelærer, 5.-10. trinn, KRLE;Bergen;LÆRER - GLU5-10;2026;0
Førstegangsvitnemålskvote;NLA;Hovedopptak;254 517;Grunnskolelærer, 5.-10. trinn, kroppsøving, Bergen;Bergen;LÆRER - GLU5-10;2026;0
Ordinær kvote;NLA;Hovedopptak;254 517;Grunnskolelærer, 5.-10. trinn, kroppsøving, Bergen;Bergen;LÆRER - GLU5-10;2026;0
Førstegangsvitnemålskvote;NLA;Suppleringsopptak;254 517;Grunnskolelærer, 5.-10. trinn, kroppsøving, Bergen;Bergen;LÆRER - GLU5-10;2026;0
Ordinær kvote;NLA;Suppleringsopptak;254 517;Grunnskolelærer, 5.-10. trinn, kroppsøving, Bergen;Bergen;LÆRER - GLU5-10;2026;0
Førstegangsvitnemålskvote;NLA;Hovedopptak;254 083;Grunnskolelærer, 5.-10. trinn, kroppsøving, Oslo;Oslo;LÆRER - GLU5-10;2026;0
Ordinær kvote;NLA;Hovedopptak;254 083;Grunnskolelærer, 5.-10. trinn, kroppsøving, Oslo;Oslo;LÆRER - GLU5-10;2026;0
Førstegangsvitnemålskvote;NLA;Suppleringsopptak;254 083;Grunnskolelærer, 5.-10. trinn, kroppsøving, Oslo;Oslo;LÆRER - GLU5-10;2026;0
Ordinær kvote;NLA;Suppleringsopptak;254 083;Grunnskolelærer, 5.-10. trinn, kroppsøving, Oslo;Oslo;LÆRER - GLU5-10;2026;0
Førstegangsvitnemålskvote;HVL;Hovedopptak;203 560;Grunnskolelærer, 5.-10. trinn, kunst og håndverk;Bergen;LÆRER - GLU5-10;2026;0
Ordinær kvote;HVL;Hovedopptak;203 560;Grunnskolelærer, 5.-10. trinn, kunst og håndverk;Bergen;LÆRER - GLU5-10;2026;0
Førstegangsvitnemålskvote;HVL;Suppleringsopptak;203 560;Grunnskolelærer, 5.-10. trinn, kunst og håndverk;Bergen;LÆRER - GLU5-10;2026;0
Ordinær kvote;HVL;Suppleringsopptak;203 560;Grunnskolelærer, 5.-10. trinn, kunst og håndverk;Bergen;LÆRER - GLU5-10;2026;0
Førstegangsvitnemålskvote;NORD;Hovedopptak;204 657;Grunnskolelærer, 5.-10. trinn, Levanger;Levanger;LÆRER - GLU5-10;2026;0
Ordinær kvote;NORD;Hovedopptak;204 657;Grunnskolelærer, 5.-10. trinn, Levanger;Levanger;LÆRER - GLU5-10;2026;0
Førstegangsvitnemålskvote;NORD;Suppleringsopptak;204 657;Grunnskolelærer, 5.-10. trinn, Levanger;Levanger;LÆRER - GLU5-10;2026;0
Ordinær kvote;NORD;Suppleringsopptak;204 657;Grunnskolelærer, 5.-10. trinn, Levanger;Levanger;LÆRER - GLU5-10;2026;0
Førstegangsvitnemålskvote;HVL;Hovedopptak;203 659;Grunnskolelærer, 5.-10. trinn, mat og helse;Bergen;LÆRER - GLU5-10;2026;0
Ordinær kvote;HVL;Hovedopptak;203 659;Grunnskolelærer, 5.-10. trinn, mat og helse;Bergen;LÆRER - GLU5-10;2026;0
Førstegangsvitnemålskvote;HVL;Suppleringsopptak;203 659;Grunnskolelærer, 5.-10. trinn, mat og helse;Bergen;LÆRER - GLU5-10;2026;0
Ordinær kvote;HVL;Suppleringsopptak;203 659;Grunnskolelærer, 5.-10. trinn, mat og helse;Bergen;LÆRER - GLU5-10;2026;0
Førstegangsvitnemålskvote;HVL;Hovedopptak;203 655;Grunnskolelærer, 5.-10. trinn, matematikk;Bergen;LÆRER - GLU5-10;2026;37.9
Ordinær kvote;HVL;Hovedopptak;203 655;Grunnskolelærer, 5.-10. trinn, matematikk;Bergen;LÆRER - GLU5-10;2026;35.1
Førstegangsvitnemålskvote;HVL;Suppleringsopptak;203 655;Grunnskolelærer, 5.-10. trinn, matematikk;Bergen;LÆRER - GLU5-10;2026;0
Ordinær kvote;HVL;Suppleringsopptak;203 655;Grunnskolelærer, 5.-10. trinn, matematikk;Bergen;LÆRER - GLU5-10;2026;35.1
Førstegangsvitnemålskvote;OSLOMET;Hovedopptak;215 657;Grunnskolelærer, 5.-10. trinn, matematikk;Oslo;LÆRER - GLU5-10;2026;0
Ordinær kvote;OSLOMET;Hovedopptak;215 657;Grunnskolelærer, 5.-10. trinn, matematikk;Oslo;LÆRER - GLU5-10;2026;0
Førstegangsvitnemålskvote;OSLOMET;Suppleringsopptak;215 657;Grunnskolelærer, 5.-10. trinn, matematikk;Oslo;LÆRER - GLU5-10;2026;0
Ordinær kvote;OSLOMET;Suppleringsopptak;215 657;Grunnskolelærer, 5.-10. trinn, matematikk;Oslo;LÆRER - GLU5-10;2026;0
Førstegangsvitnemålskvote;NTNU;Hovedopptak;194 651;Grunnskolelærer, 5.-10. trinn, med matematikk;Trondheim;LÆRER - GLU5-10;2026;0
Ordinær kvote;NTNU;Hovedopptak;194 651;Grunnskolelærer, 5.-10. trinn, med matematikk;Trondheim;LÆRER - GLU5-10;2026;0
Førstegangsvitnemålskvote;NTNU;Suppleringsopptak;194 651;Grunnskolelærer, 5.-10. trinn, med matematikk;Trondheim;LÆRER - GLU5-10;2026;0
Ordinær kvote;NTNU;Suppleringsopptak;194 651;Grunnskolelærer, 5.-10. trinn, med matematikk;Trondheim;LÆRER - GLU5-10;2026;0
Førstegangsvitnemålskvote;NTNU;Hovedopptak;194 083;Grunnskolelærer, 5.-10. trinn, med norsk;Trondheim;LÆRER - GLU5-10;2026;0
Ordinær kvote;NTNU;Hovedopptak;194 083;Grunnskolelærer, 5.-10. trinn, med norsk;Trondheim;LÆRER - GLU5-10;2026;0
Førstegangsvitnemålskvote;NTNU;Suppleringsopptak;194 083;Grunnskolelærer, 5.-10. trinn, med norsk;Trondheim;LÆRER - GLU5-10;2026;0
Ordinær kvote;NTNU;Suppleringsopptak;194 083;Grunnskolelærer, 5.-10. trinn, med norsk;Trondheim;LÆRER - GLU5-10;2026;0
Førstegangsvitnemålskvote;HVL;Hovedopptak;203 660;Grunnskolelærer, 5.-10. trinn, musikk;Bergen;LÆRER - GLU5-10;2026;0
Ordinær kvote;HVL;Hovedopptak;203 660;Grunnskolelærer, 5.-10. trinn, musikk;Bergen;LÆRER - GLU5-10;2026;0
Førstegangsvitnemålskvote;HVL;Suppleringsopptak;203 660;Grunnskolelærer, 5.-10. trinn, musikk;Bergen;LÆRER - GLU5-10;2026;0
Ordinær kvote;HVL;Suppleringsopptak;203 660;Grunnskolelærer, 5.-10. trinn, musikk;Bergen;LÆRER - GLU5-10;2026;0
Førstegangsvitnemålskvote;HVL;Hovedopptak;203 658;Grunnskolelærer, 5.-10. trinn, norsk;Bergen;LÆRER - GLU5-10;2026;0
Ordinær kvote;HVL;Hovedopptak;203 658;Grunnskolelærer, 5.-10. trinn, norsk;Bergen;LÆRER - GLU5-10;2026;0
Førstegangsvitnemålskvote;HVL;Suppleringsopptak;203 658;Grunnskolelærer, 5.-10. trinn, norsk;Bergen;LÆRER - GLU5-10;2026;0
Ordinær kvote;HVL;Suppleringsopptak;203 658;Grunnskolelærer, 5.-10. trinn, norsk;Bergen;LÆRER - GLU5-10;2026;0
Førstegangsvitnemålskvote;OSLOMET;Hovedopptak;215 651;Grunnskolelærer, 5.-10. trinn, norsk;Oslo;LÆRER - GLU5-10;2026;0
Ordinær kvote;OSLOMET;Hovedopptak;215 651;Grunnskolelærer, 5.-10. trinn, norsk;Oslo;LÆRER - GLU5-10;2026;0
Førstegangsvitnemålskvote;OSLOMET;Suppleringsopptak;215 651;Grunnskolelærer, 5.-10. trinn, norsk;Oslo;LÆRER - GLU5-10;2026;0
Ordinær kvote;OSLOMET;Suppleringsopptak;215 651;Grunnskolelærer, 5.-10. trinn, norsk;Oslo;LÆRER - GLU5-10;2026;0
Førstegangsvitnemålskvote;USN;Hovedopptak;222 567;Grunnskolelærer, 5.-10. trinn, Notodden;Notodden;LÆRER - GLU5-10;2026;0
Ordinær kvote;USN;Hovedopptak;222 567;Grunnskolelærer, 5.-10. trinn, Notodden;Notodden;LÆRER - GLU5-10;2026;0
Førstegangsvitnemålskvote;USN;Suppleringsopptak;222 567;Grunnskolelærer, 5.-10. trinn, Notodden;Notodden;LÆRER - GLU5-10;2026;0
Ordinær kvote;USN;Suppleringsopptak;222 567;Grunnskolelærer, 5.-10. trinn, Notodden;Notodden;LÆRER - GLU5-10;2026;0
Førstegangsvitnemålskvote;NLA;Hovedopptak;254 660;Grunnskolelærer, 5.-10. trinn, Oslo;Oslo;LÆRER - GLU5-10;2026;0
Ordinær kvote;NLA;Hovedopptak;254 660;Grunnskolelærer, 5.-10. trinn, Oslo;Oslo;LÆRER - GLU5-10;2026;0
Førstegangsvitnemålskvote;NLA;Suppleringsopptak;254 660;Grunnskolelærer, 5.-10. trinn, Oslo;Oslo;LÆRER - GLU5-10;2026;0
Ordinær kvote;NLA;Suppleringsopptak;254 660;Grunnskolelærer, 5.-10. trinn, Oslo;Oslo;LÆRER - GLU5-10;2026;0
Førstegangsvitnemålskvote;HVL;Hovedopptak;203 657;Grunnskolelærer, 5.-10. trinn, samfunnsfag;Bergen;LÆRER - GLU5-10;2026;40.7
Ordinær kvote;HVL;Hovedopptak;203 657;Grunnskolelærer, 5.-10. trinn, samfunnsfag;Bergen;LÆRER - GLU5-10;2026;36.3
Førstegangsvitnemålskvote;HVL;Suppleringsopptak;203 657;Grunnskolelærer, 5.-10. trinn, samfunnsfag;Bergen;LÆRER - GLU5-10;2026;40.7
Ordinær kvote;HVL;Suppleringsopptak;203 657;Grunnskolelærer, 5.-10. trinn, samfunnsfag;Bergen;LÆRER - GLU5-10;2026;36.3
Førstegangsvitnemålskvote;SA/SH;Hovedopptak;231 651;Grunnskolelærer, 5.-10. trinn, samisk;Guovdageaidnu Kautokeino;LÆRER - GLU5-10;2026;0
Ordinær kvote;SA/SH;Hovedopptak;231 651;Grunnskolelærer, 5.-10. trinn, samisk;Guovdageaidnu Kautokeino;LÆRER - GLU5-10;2026;0
Førstegangsvitnemålskvote;SA/SH;Suppleringsopptak;231 651;Grunnskolelærer, 5.-10. trinn, samisk;Guovdageaidnu Kautokeino;LÆRER - GLU5-10;2026;0
Ordinær kvote;SA/SH;Suppleringsopptak;231 651;Grunnskolelærer, 5.-10. trinn, samisk;Guovdageaidnu Kautokeino;LÆRER - GLU5-10;2026;0
Førstegangsvitnemålskvote;INN;Hovedopptak;209 660;Grunnskolelærer, 5.-10. trinn, samlingsbasert;Hamar;LÆRER - GLU5-10;2026;0
Ordinær kvote;INN;Hovedopptak;209 660;Grunnskolelærer, 5.-10. trinn, samlingsbasert;Hamar;LÆRER - GLU5-10;2026;0
Førstegangsvitnemålskvote;INN;Suppleringsopptak;209 660;Grunnskolelærer, 5.-10. trinn, samlingsbasert;Hamar;LÆRER - GLU5-10;2026;0
Ordinær kvote;INN;Suppleringsopptak;209 660;Grunnskolelærer, 5.-10. trinn, samlingsbasert;Hamar;LÆRER - GLU5-10;2026;0
Førstegangsvitnemålskvote;HVL;Hovedopptak;203 651;Grunnskolelærer, 5.-10. trinn, Sogndal;Sogndal;LÆRER - GLU5-10;2026;0
Ordinær kvote;HVL;Hovedopptak;203 651;Grunnskolelærer, 5.-10. trinn, Sogndal;Sogndal;LÆRER - GLU5-10;2026;0
Førstegangsvitnemålskvote;HVL;Suppleringsopptak;203 651;Grunnskolelærer, 5.-10. trinn, Sogndal;Sogndal;LÆRER - GLU5-10;2026;0
Ordinær kvote;HVL;Suppleringsopptak;203 651;Grunnskolelærer, 5.-10. trinn, Sogndal;Sogndal;LÆRER - GLU5-10;2026;0
Førstegangsvitnemålskvote;HVL;Hovedopptak;203 083;Grunnskolelærer, 5.-10. trinn, Stord;Stord;LÆRER - GLU5-10;2026;0
Ordinær kvote;HVL;Hovedopptak;203 083;Grunnskolelærer, 5.-10. trinn, Stord;Stord;LÆRER - GLU5-10;2026;0
Førstegangsvitnemålskvote;HVL;Suppleringsopptak;203 083;Grunnskolelærer, 5.-10. trinn, Stord;Stord;LÆRER - GLU5-10;2026;0
Ordinær kvote;HVL;Suppleringsopptak;203 083;Grunnskolelærer, 5.-10. trinn, Stord;Stord;LÆRER - GLU5-10;2026;0
Førstegangsvitnemålskvote;UIT;Hovedopptak;186 083;Grunnskolelærer, 5.-10. trinn, Tromsø;Tromsø;LÆRER - GLU5-10;2026;0
Ordinær kvote;UIT;Hovedopptak;186 083;Grunnskolelærer, 5.-10. trinn, Tromsø;Tromsø;LÆRER - GLU5-10;2026;0
Førstegangsvitnemålskvote;UIT;Suppleringsopptak;186 083;Grunnskolelærer, 5.-10. trinn, Tromsø;Tromsø;LÆRER - GLU5-10;2026;0
Ordinær kvote;UIT;Suppleringsopptak;186 083;Grunnskolelærer, 5.-10. trinn, Tromsø;Tromsø;LÆRER - GLU5-10;2026;0
Førstegangsvitnemålskvote;USN;Hovedopptak;222 660;Grunnskolelærer, 5.-10. trinn, Vestfold;Horten;LÆRER - GLU5-10;2026;0
Ordinær kvote;USN;Hovedopptak;222 660;Grunnskolelærer, 5.-10. trinn, Vestfold;Horten;LÆRER - GLU5-10;2026;0
Førstegangsvitnemålskvote;USN;Suppleringsopptak;222 660;Grunnskolelærer, 5.-10. trinn, Vestfold;Horten;LÆRER - GLU5-10;2026;0
Ordinær kvote;USN;Suppleringsopptak;222 660;Grunnskolelærer, 5.-10. trinn, Vestfold;Horten;LÆRER - GLU5-10;2026;0
Førstegangsvitnemålskvote;USN;Hovedopptak;222 573;Håndverk og design;Notodden;ESTETISK;2026;0
Ordinær kvote;USN;Hovedopptak;222 573;Håndverk og design;Notodden;ESTETISK;2026;0
Førstegangsvitnemålskvote;USN;Suppleringsopptak;222 573;Håndverk og design;Notodden;ESTETISK;2026;0
Ordinær kvote;USN;Suppleringsopptak;222 573;Håndverk og design;Notodden;ESTETISK;2026;0
Førstegangsvitnemålskvote;UIB;Hovedopptak;184 711;Havbruk (sivilingeniør);Bergen;LANDOGHAVBRUK;2026;47.3
Ordinær kvote;UIB;Hovedopptak;184 711;Havbruk (sivilingeniør);Bergen;LANDOGHAVBRUK;2026;55
Førstegangsvitnemålskvote;UIB;Suppleringsopptak;184 711;Havbruk (sivilingeniør);Bergen;LANDOGHAVBRUK;2026;47.3
Ordinær kvote;UIB;Suppleringsopptak;184 711;Havbruk (sivilingeniør);Bergen;LANDOGHAVBRUK;2026;55
Førstegangsvitnemålskvote;NORD;Hovedopptak;204 867;Havbruksdrift og ledelse;Bodø;LANDOGHAVBRUK;2026;35
Ordinær kvote;NORD;Hovedopptak;204 867;Havbruksdrift og ledelse;Bodø;LANDOGHAVBRUK;2026;36
Førstegangsvitnemålskvote;NORD;Suppleringsopptak;204 867;Havbruksdrift og ledelse;Bodø;LANDOGHAVBRUK;2026;35
Ordinær kvote;NORD;Suppleringsopptak;204 867;Havbruksdrift og ledelse;Bodø;LANDOGHAVBRUK;2026;36
Førstegangsvitnemålskvote;UIB;Hovedopptak;184 765;Havteknologi (sivilingeniør) ;Bergen;TEKNO - SIVING;2026;50.7
Ordinær kvote;UIB;Hovedopptak;184 765;Havteknologi (sivilingeniør) ;Bergen;TEKNO - SIVING;2026;52.4
Førstegangsvitnemålskvote;UIB;Suppleringsopptak;184 765;Havteknologi (sivilingeniør) ;Bergen;TEKNO - SIVING;2026;50.7
Ordinær kvote;UIB;Suppleringsopptak;184 765;Havteknologi (sivilingeniør) ;Bergen;TEKNO - SIVING;2026;52.1
Førstegangsvitnemålskvote;UIO;Hovedopptak;185 465;Helseledelse og helseøkonomi;Oslo;ØKADM;2026;44.5
Ordinær kvote;UIO;Hovedopptak;185 465;Helseledelse og helseøkonomi;Oslo;ØKADM;2026;56.2
Førstegangsvitnemålskvote;UIO;Suppleringsopptak;185 465;Helseledelse og helseøkonomi;Oslo;ØKADM;2026;44.4
Ordinær kvote;UIO;Suppleringsopptak;185 465;Helseledelse og helseøkonomi;Oslo;ØKADM;2026;56.1
Førstegangsvitnemålskvote;UIO;Hovedopptak;185 218;Helseøkonomi og administrasjon;Oslo;ØKADM;2026;37.9
Ordinær kvote;UIO;Hovedopptak;185 218;Helseøkonomi og administrasjon;Oslo;ØKADM;2026;61.9
Førstegangsvitnemålskvote;UIO;Suppleringsopptak;185 218;Helseøkonomi og administrasjon;Oslo;ØKADM;2026;0
Ordinær kvote;UIO;Suppleringsopptak;185 218;Helseøkonomi og administrasjon;Oslo;ØKADM;2026;57.7
Førstegangsvitnemålskvote;NORD;Hovedopptak;204 613;Historie;Bodø;HISTORIE;2026;0
Ordinær kvote;NORD;Hovedopptak;204 613;Historie;Bodø;HISTORIE;2026;0
Førstegangsvitnemålskvote;NORD;Suppleringsopptak;204 613;Historie;Bodø;HISTORIE;2026;0
Ordinær kvote;NORD;Suppleringsopptak;204 613;Historie;Bodø;HISTORIE;2026;0
Førstegangsvitnemålskvote;UIB;Hovedopptak;184 179;Historie, årsstudium;Bergen;HISTORIE;2026;0
Ordinær kvote;UIB;Hovedopptak;184 179;Historie, årsstudium;Bergen;HISTORIE;2026;0
Førstegangsvitnemålskvote;UIB;Suppleringsopptak;184 179;Historie, årsstudium;Bergen;HISTORIE;2026;0
Ordinær kvote;UIB;Suppleringsopptak;184 179;Historie, årsstudium;Bergen;HISTORIE;2026;0
Førstegangsvitnemålskvote;UIA;Hovedopptak;201 179;Historie, årsstudium;Kristiansand;HISTORIE;2026;0
Ordinær kvote;UIA;Hovedopptak;201 179;Historie, årsstudium;Kristiansand;HISTORIE;2026;0
Førstegangsvitnemålskvote;UIA;Suppleringsopptak;201 179;Historie, årsstudium;Kristiansand;HISTORIE;2026;0
Ordinær kvote;UIA;Suppleringsopptak;201 179;Historie, årsstudium;Kristiansand;HISTORIE;2026;0
Førstegangsvitnemålskvote;UIO;Hovedopptak;185 179;Historie, årsstudium;Oslo;HISTORIE;2026;0
Ordinær kvote;UIO;Hovedopptak;185 179;Historie, årsstudium;Oslo;HISTORIE;2026;46.2
Førstegangsvitnemålskvote;UIO;Suppleringsopptak;185 179;Historie, årsstudium;Oslo;HISTORIE;2026;0
Ordinær kvote;UIO;Suppleringsopptak;185 179;Historie, årsstudium;Oslo;HISTORIE;2026;46.2
Førstegangsvitnemålskvote;HVL;Hovedopptak;203 613;Historie, årsstudium;Sogndal;HISTORIE;2026;0
Ordinær kvote;HVL;Hovedopptak;203 613;Historie, årsstudium;Sogndal;HISTORIE;2026;57.4
Førstegangsvitnemålskvote;HVL;Suppleringsopptak;203 613;Historie, årsstudium;Sogndal;HISTORIE;2026;0
Ordinær kvote;HVL;Suppleringsopptak;203 613;Historie, årsstudium;Sogndal;HISTORIE;2026;57.4
Førstegangsvitnemålskvote;UIS;Hovedopptak;217 179;Historie, årsstudium;Stavanger;HISTORIE;2026;0
Ordinær kvote;UIS;Hovedopptak;217 179;Historie, årsstudium;Stavanger;HISTORIE;2026;0
Førstegangsvitnemålskvote;UIS;Suppleringsopptak;217 179;Historie, årsstudium;Stavanger;HISTORIE;2026;0
Ordinær kvote;UIS;Suppleringsopptak;217 179;Historie, årsstudium;Stavanger;HISTORIE;2026;0
Førstegangsvitnemålskvote;UIT;Hovedopptak;186 179;Historie, årsstudium;Tromsø;HISTORIE;2026;0
Ordinær kvote;UIT;Hovedopptak;186 179;Historie, årsstudium;Tromsø;HISTORIE;2026;0
Førstegangsvitnemålskvote;UIT;Suppleringsopptak;186 179;Historie, årsstudium;Tromsø;HISTORIE;2026;0
Ordinær kvote;UIT;Suppleringsopptak;186 179;Historie, årsstudium;Tromsø;HISTORIE;2026;0
Førstegangsvitnemålskvote;NTNU;Hovedopptak;194 179;Historie, årsstudium;Trondheim;HISTORIE;2026;0
Ordinær kvote;NTNU;Hovedopptak;194 179;Historie, årsstudium;Trondheim;HISTORIE;2026;0
Førstegangsvitnemålskvote;NTNU;Suppleringsopptak;194 179;Historie, årsstudium;Trondheim;HISTORIE;2026;0
Ordinær kvote;NTNU;Suppleringsopptak;194 179;Historie, årsstudium;Trondheim;HISTORIE;2026;0
Førstegangsvitnemålskvote;HVO;Hovedopptak;223 179;Historie, årsstudium;Volda;HISTORIE;2026;0
Ordinær kvote;HVO;Hovedopptak;223 179;Historie, årsstudium;Volda;HISTORIE;2026;0
Førstegangsvitnemålskvote;HVO;Suppleringsopptak;223 179;Historie, årsstudium;Volda;HISTORIE;2026;0
Ordinær kvote;HVO;Suppleringsopptak;223 179;Historie, årsstudium;Volda;HISTORIE;2026;0
Førstegangsvitnemålskvote;UIB;Hovedopptak;184 481;Historie, bachelor;Bergen;HISTORIE;2026;0
Ordinær kvote;UIB;Hovedopptak;184 481;Historie, bachelor;Bergen;HISTORIE;2026;0
Førstegangsvitnemålskvote;UIB;Suppleringsopptak;184 481;Historie, bachelor;Bergen;HISTORIE;2026;0
Ordinær kvote;UIB;Suppleringsopptak;184 481;Historie, bachelor;Bergen;HISTORIE;2026;0
Førstegangsvitnemålskvote;UIA;Hovedopptak;201 481;Historie, bachelor;Kristiansand;HISTORIE;2026;0
Ordinær kvote;UIA;Hovedopptak;201 481;Historie, bachelor;Kristiansand;HISTORIE;2026;0
Førstegangsvitnemålskvote;UIA;Suppleringsopptak;201 481;Historie, bachelor;Kristiansand;HISTORIE;2026;0
Ordinær kvote;UIA;Suppleringsopptak;201 481;Historie, bachelor;Kristiansand;HISTORIE;2026;0
Førstegangsvitnemålskvote;UIO;Hovedopptak;185 481;Historie, bachelor;Oslo;HISTORIE;2026;0
Ordinær kvote;UIO;Hovedopptak;185 481;Historie, bachelor;Oslo;HISTORIE;2026;0
Førstegangsvitnemålskvote;UIO;Suppleringsopptak;185 481;Historie, bachelor;Oslo;HISTORIE;2026;0
Ordinær kvote;UIO;Suppleringsopptak;185 481;Historie, bachelor;Oslo;HISTORIE;2026;0
Førstegangsvitnemålskvote;HVL;Hovedopptak;203 513;Historie, bachelor;Sogndal;HISTORIE;2026;0
Ordinær kvote;HVL;Hovedopptak;203 513;Historie, bachelor;Sogndal;HISTORIE;2026;0
Førstegangsvitnemålskvote;HVL;Suppleringsopptak;203 513;Historie, bachelor;Sogndal;HISTORIE;2026;0
Ordinær kvote;HVL;Suppleringsopptak;203 513;Historie, bachelor;Sogndal;HISTORIE;2026;0
Førstegangsvitnemålskvote;UIS;Hovedopptak;217 481;Historie, bachelor;Stavanger;HISTORIE;2026;0
Ordinær kvote;UIS;Hovedopptak;217 481;Historie, bachelor;Stavanger;HISTORIE;2026;0
Førstegangsvitnemålskvote;UIS;Suppleringsopptak;217 481;Historie, bachelor;Stavanger;HISTORIE;2026;0
Ordinær kvote;UIS;Suppleringsopptak;217 481;Historie, bachelor;Stavanger;HISTORIE;2026;0
Førstegangsvitnemålskvote;UIT;Hovedopptak;186 481;Historie, bachelor;Tromsø;HISTORIE;2026;0
Ordinær kvote;UIT;Hovedopptak;186 481;Historie, bachelor;Tromsø;HISTORIE;2026;0
Førstegangsvitnemålskvote;UIT;Suppleringsopptak;186 481;Historie, bachelor;Tromsø;HISTORIE;2026;0
Ordinær kvote;UIT;Suppleringsopptak;186 481;Historie, bachelor;Tromsø;HISTORIE;2026;0
Førstegangsvitnemålskvote;NTNU;Hovedopptak;194 481;Historie, bachelor;Trondheim;HISTORIE;2026;0
Ordinær kvote;NTNU;Hovedopptak;194 481;Historie, bachelor;Trondheim;HISTORIE;2026;0
Førstegangsvitnemålskvote;NTNU;Suppleringsopptak;194 481;Historie, bachelor;Trondheim;HISTORIE;2026;0
Ordinær kvote;NTNU;Suppleringsopptak;194 481;Historie, bachelor;Trondheim;HISTORIE;2026;0
Førstegangsvitnemålskvote;HVO;Hovedopptak;223 481;Historie, bachelor;Volda;HISTORIE;2026;0
Ordinær kvote;HVO;Hovedopptak;223 481;Historie, bachelor;Volda;HISTORIE;2026;0
Førstegangsvitnemålskvote;HVO;Suppleringsopptak;223 481;Historie, bachelor;Volda;HISTORIE;2026;0
Ordinær kvote;HVO;Suppleringsopptak;223 481;Historie, bachelor;Volda;HISTORIE;2026;0
Førstegangsvitnemålskvote;USN;Hovedopptak;222 613;Historie, Bø, årsstudium;Midt-Telemark;HISTORIE;2026;0
Ordinær kvote;USN;Hovedopptak;222 613;Historie, Bø, årsstudium;Midt-Telemark;HISTORIE;2026;0
Førstegangsvitnemålskvote;USN;Suppleringsopptak;222 613;Historie, Bø, årsstudium;Midt-Telemark;HISTORIE;2026;0
Ordinær kvote;USN;Suppleringsopptak;222 613;Historie, Bø, årsstudium;Midt-Telemark;HISTORIE;2026;0
Førstegangsvitnemålskvote;USN;Hovedopptak;222 513;Historie, Bø, bachelor;Midt-Telemark;HISTORIE;2026;0
Ordinær kvote;USN;Hovedopptak;222 513;Historie, Bø, bachelor;Midt-Telemark;HISTORIE;2026;0
Førstegangsvitnemålskvote;USN;Suppleringsopptak;222 513;Historie, Bø, bachelor;Midt-Telemark;HISTORIE;2026;0
Ordinær kvote;USN;Suppleringsopptak;222 513;Historie, Bø, bachelor;Midt-Telemark;HISTORIE;2026;0
Førstegangsvitnemålskvote;USN;Hovedopptak;222 715;Historie, deltid;Midt-Telemark;HISTORIE;2026;0
Ordinær kvote;USN;Hovedopptak;222 715;Historie, deltid;Midt-Telemark;HISTORIE;2026;0
Førstegangsvitnemålskvote;USN;Suppleringsopptak;222 715;Historie, deltid;Midt-Telemark;HISTORIE;2026;0
Ordinær kvote;USN;Suppleringsopptak;222 715;Historie, deltid;Midt-Telemark;HISTORIE;2026;0
Førstegangsvitnemålskvote;HVO;Hovedopptak;223 513;Historie, deltid;Volda;HISTORIE;2026;0
Ordinær kvote;HVO;Hovedopptak;223 513;Historie, deltid;Volda;HISTORIE;2026;0
Førstegangsvitnemålskvote;HVO;Suppleringsopptak;223 513;Historie, deltid;Volda;HISTORIE;2026;0
Ordinær kvote;HVO;Suppleringsopptak;223 513;Historie, deltid;Volda;HISTORIE;2026;0
Førstegangsvitnemålskvote;USN;Hovedopptak;222 179;Historie, Vestfold, årsstudium;Horten;HISTORIE;2026;0
Ordinær kvote;USN;Hovedopptak;222 179;Historie, Vestfold, årsstudium;Horten;HISTORIE;2026;0
Førstegangsvitnemålskvote;USN;Suppleringsopptak;222 179;Historie, Vestfold, årsstudium;Horten;HISTORIE;2026;0
Ordinær kvote;USN;Suppleringsopptak;222 179;Historie, Vestfold, årsstudium;Horten;HISTORIE;2026;0
Førstegangsvitnemålskvote;USN;Hovedopptak;222 481;Historie, Vestfold, bachelor;Horten;HISTORIE;2026;0
Ordinær kvote;USN;Hovedopptak;222 481;Historie, Vestfold, bachelor;Horten;HISTORIE;2026;0
Førstegangsvitnemålskvote;USN;Suppleringsopptak;222 481;Historie, Vestfold, bachelor;Horten;HISTORIE;2026;0
Ordinær kvote;USN;Suppleringsopptak;222 481;Historie, Vestfold, bachelor;Horten;HISTORIE;2026;0
Førstegangsvitnemålskvote;UIO;Hovedopptak;185 715;Honours humaniora: filosofi, historie, lingvistikk;Oslo;HISTORIE;2026;0
Ordinær kvote;UIO;Hovedopptak;185 715;Honours humaniora: filosofi, historie, lingvistikk;Oslo;HISTORIE;2026;47.2
Førstegangsvitnemålskvote;UIO;Suppleringsopptak;185 715;Honours humaniora: filosofi, historie, lingvistikk;Oslo;HISTORIE;2026;0
Ordinær kvote;UIO;Suppleringsopptak;185 715;Honours humaniora: filosofi, historie, lingvistikk;Oslo;HISTORIE;2026;46.7
Førstegangsvitnemålskvote;UIO;Hovedopptak;185 714;Honours humaniora: musikkvitenskap;Oslo;HISTORIE;2026;0
Ordinær kvote;UIO;Hovedopptak;185 714;Honours humaniora: musikkvitenskap;Oslo;HISTORIE;2026;-1
Førstegangsvitnemålskvote;UIO;Suppleringsopptak;185 714;Honours humaniora: musikkvitenskap;Oslo;HISTORIE;2026;0
Ordinær kvote;UIO;Suppleringsopptak;185 714;Honours humaniora: musikkvitenskap;Oslo;HISTORIE;2026;-1
Førstegangsvitnemålskvote;UIO;Hovedopptak;185 747;Honoursprogram, Realfag;Oslo;REALFAG;2026;59.8
Ordinær kvote;UIO;Hovedopptak;185 747;Honoursprogram, Realfag;Oslo;REALFAG;2026;61.2
Førstegangsvitnemålskvote;UIO;Suppleringsopptak;185 747;Honoursprogram, Realfag;Oslo;REALFAG;2026;59.8
Ordinær kvote;UIO;Suppleringsopptak;185 747;Honoursprogram, Realfag;Oslo;REALFAG;2026;61.2
Førstegangsvitnemålskvote;UIO;Hovedopptak;185 474;Honoursprogram, Samfunnsvitenskap;Oslo;SAMFUNN;2026;54.1
Ordinær kvote;UIO;Hovedopptak;185 474;Honoursprogram, Samfunnsvitenskap;Oslo;SAMFUNN;2026;59.1
Førstegangsvitnemålskvote;UIO;Suppleringsopptak;185 474;Honoursprogram, Samfunnsvitenskap;Oslo;SAMFUNN;2026;54.1
Ordinær kvote;UIO;Suppleringsopptak;185 474;Honoursprogram, Samfunnsvitenskap;Oslo;SAMFUNN;2026;59.1
Førstegangsvitnemålskvote;UIS;Hovedopptak;217 255;Hotelledelse;Stavanger;REISELIV;2026;0
Ordinær kvote;UIS;Hovedopptak;217 255;Hotelledelse;Stavanger;REISELIV;2026;0
Førstegangsvitnemålskvote;UIS;Suppleringsopptak;217 255;Hotelledelse;Stavanger;REISELIV;2026;0
Ordinær kvote;UIS;Suppleringsopptak;217 255;Hotelledelse;Stavanger;REISELIV;2026;0
Førstegangsvitnemålskvote;NORD;Hovedopptak;204 158;HR-ledelse, deltid;Bodø;ØKADM;2026;37
Ordinær kvote;NORD;Hovedopptak;204 158;HR-ledelse, deltid;Bodø;ØKADM;2026;63.9
Førstegangsvitnemålskvote;NORD;Suppleringsopptak;204 158;HR-ledelse, deltid;Bodø;ØKADM;2026;0
Ordinær kvote;NORD;Suppleringsopptak;204 158;HR-ledelse, deltid;Bodø;ØKADM;2026;61.1
Førstegangsvitnemålskvote;HVL;Hovedopptak;203 583;HRM og ledelse;Bergen;ØKADM;2026;46.7
Ordinær kvote;HVL;Hovedopptak;203 583;HRM og ledelse;Bergen;ØKADM;2026;57.2
Førstegangsvitnemålskvote;HVL;Suppleringsopptak;203 583;HRM og ledelse;Bergen;ØKADM;2026;45.8
Ordinær kvote;HVL;Suppleringsopptak;203 583;HRM og ledelse;Bergen;ØKADM;2026;56.7
Førstegangsvitnemålskvote;NORD;Hovedopptak;204 955;Human Resource Management (HRM), Bodø;Bodø;ØKADM;2026;0
Ordinær kvote;NORD;Hovedopptak;204 955;Human Resource Management (HRM), Bodø;Bodø;ØKADM;2026;0
Førstegangsvitnemålskvote;NORD;Suppleringsopptak;204 955;Human Resource Management (HRM), Bodø;Bodø;ØKADM;2026;0
Ordinær kvote;NORD;Suppleringsopptak;204 955;Human Resource Management (HRM), Bodø;Bodø;ØKADM;2026;0
Førstegangsvitnemålskvote;NORD;Hovedopptak;204 591;Human Resource Management (HRM), Levanger;Levanger;ØKADM;2026;0
Ordinær kvote;NORD;Hovedopptak;204 591;Human Resource Management (HRM), Levanger;Levanger;ØKADM;2026;0
Førstegangsvitnemålskvote;NORD;Suppleringsopptak;204 591;Human Resource Management (HRM), Levanger;Levanger;ØKADM;2026;0
Ordinær kvote;NORD;Suppleringsopptak;204 591;Human Resource Management (HRM), Levanger;Levanger;ØKADM;2026;34
Førstegangsvitnemålskvote;NTNU;Hovedopptak;194 715;Humanistiske fag,  emnestudier;Trondheim;HISTORIE;2026;0
Ordinær kvote;NTNU;Hovedopptak;194 715;Humanistiske fag,  emnestudier;Trondheim;HISTORIE;2026;0
Førstegangsvitnemålskvote;NTNU;Suppleringsopptak;194 715;Humanistiske fag,  emnestudier;Trondheim;HISTORIE;2026;0
Ordinær kvote;NTNU;Suppleringsopptak;194 715;Humanistiske fag,  emnestudier;Trondheim;HISTORIE;2026;0
Førstegangsvitnemålskvote;NORD;Hovedopptak;204 421;Husdyrvelferd;Steinkjer;LANDOGHAVBRUK;2026;0
Ordinær kvote;NORD;Hovedopptak;204 421;Husdyrvelferd;Steinkjer;LANDOGHAVBRUK;2026;0
Førstegangsvitnemålskvote;NORD;Suppleringsopptak;204 421;Husdyrvelferd;Steinkjer;LANDOGHAVBRUK;2026;0
Ordinær kvote;NORD;Suppleringsopptak;204 421;Husdyrvelferd;Steinkjer;LANDOGHAVBRUK;2026;0
Førstegangsvitnemålskvote;NMBU;Hovedopptak;192 321;Husdyrvitenskap;Ås;LANDOGHAVBRUK;2026;0
Ordinær kvote;NMBU;Hovedopptak;192 321;Husdyrvitenskap;Ås;LANDOGHAVBRUK;2026;0
Førstegangsvitnemålskvote;NMBU;Suppleringsopptak;192 321;Husdyrvitenskap;Ås;LANDOGHAVBRUK;2026;0
Ordinær kvote;NMBU;Suppleringsopptak;192 321;Husdyrvitenskap;Ås;LANDOGHAVBRUK;2026;0
Førstegangsvitnemålskvote;NORD;Hovedopptak;204 321;Husdyrvitenskap;Steinkjer;LANDOGHAVBRUK;2026;0
Ordinær kvote;NORD;Hovedopptak;204 321;Husdyrvitenskap;Steinkjer;LANDOGHAVBRUK;2026;0
Førstegangsvitnemålskvote;NORD;Suppleringsopptak;204 321;Husdyrvitenskap;Steinkjer;LANDOGHAVBRUK;2026;0
Ordinær kvote;NORD;Suppleringsopptak;204 321;Husdyrvitenskap;Steinkjer;LANDOGHAVBRUK;2026;0
Førstegangsvitnemålskvote;USN;Hovedopptak;222 366;Idéhistorie;Midt-Telemark;HISTORIE;2026;0
Ordinær kvote;USN;Hovedopptak;222 366;Idéhistorie;Midt-Telemark;HISTORIE;2026;0
Førstegangsvitnemålskvote;USN;Suppleringsopptak;222 366;Idéhistorie;Midt-Telemark;HISTORIE;2026;0
Ordinær kvote;USN;Suppleringsopptak;222 366;Idéhistorie;Midt-Telemark;HISTORIE;2026;0
Førstegangsvitnemålskvote;UIO;Hovedopptak;185 400;Idéhistorie, årsstudium;Oslo;HISTORIE;2026;0
Ordinær kvote;UIO;Hovedopptak;185 400;Idéhistorie, årsstudium;Oslo;HISTORIE;2026;56.1
Førstegangsvitnemålskvote;UIO;Suppleringsopptak;185 400;Idéhistorie, årsstudium;Oslo;HISTORIE;2026;0
Ordinær kvote;UIO;Suppleringsopptak;185 400;Idéhistorie, årsstudium;Oslo;HISTORIE;2026;56.1
Førstegangsvitnemålskvote;UIO;Hovedopptak;185 073;Idéhistorie, bachelor;Oslo;HISTORIE;2026;0
Ordinær kvote;UIO;Hovedopptak;185 073;Idéhistorie, bachelor;Oslo;HISTORIE;2026;52.8
Førstegangsvitnemålskvote;UIO;Suppleringsopptak;185 073;Idéhistorie, bachelor;Oslo;HISTORIE;2026;0
Ordinær kvote;UIO;Suppleringsopptak;185 073;Idéhistorie, bachelor;Oslo;HISTORIE;2026;52.8
Førstegangsvitnemålskvote;INN;Hovedopptak;209 507;Idrett;Lillehammer;IDRETT;2026;0
Ordinær kvote;INN;Hovedopptak;209 507;Idrett;Lillehammer;IDRETT;2026;0
Førstegangsvitnemålskvote;INN;Suppleringsopptak;209 507;Idrett;Lillehammer;IDRETT;2026;0
Ordinær kvote;INN;Suppleringsopptak;209 507;Idrett;Lillehammer;IDRETT;2026;0
Førstegangsvitnemålskvote;NIH;Hovedopptak;150 185;Idrett;Oslo;IDRETT;2026;45.4
Ordinær kvote;NIH;Hovedopptak;150 185;Idrett;Oslo;IDRETT;2026;51.3
Førstegangsvitnemålskvote;NIH;Suppleringsopptak;150 185;Idrett;Oslo;IDRETT;2026;43.9
Ordinær kvote;NIH;Suppleringsopptak;150 185;Idrett;Oslo;IDRETT;2026;49
Førstegangsvitnemålskvote;UIS;Hovedopptak;217 649;Idrett;Stavanger;IDRETT;2026;0
Ordinær kvote;UIS;Hovedopptak;217 649;Idrett;Stavanger;IDRETT;2026;0
Førstegangsvitnemålskvote;UIS;Suppleringsopptak;217 649;Idrett;Stavanger;IDRETT;2026;0
Ordinær kvote;UIS;Suppleringsopptak;217 649;Idrett;Stavanger;IDRETT;2026;0
Førstegangsvitnemålskvote;HVO;Hovedopptak;223 649;Idrett;Volda;IDRETT;2026;0
Ordinær kvote;HVO;Hovedopptak;223 649;Idrett;Volda;IDRETT;2026;0
Førstegangsvitnemålskvote;HVO;Suppleringsopptak;223 649;Idrett;Volda;IDRETT;2026;0
Ordinær kvote;HVO;Suppleringsopptak;223 649;Idrett;Volda;IDRETT;2026;0
Førstegangsvitnemålskvote;INN;Hovedopptak;209 488;Idrett - spesialisering i trenerrollen, deltid;Elverum;IDRETT;2026;0
Ordinær kvote;INN;Hovedopptak;209 488;Idrett - spesialisering i trenerrollen, deltid;Elverum;IDRETT;2026;0
Førstegangsvitnemålskvote;INN;Suppleringsopptak;209 488;Idrett - spesialisering i trenerrollen, deltid;Elverum;IDRETT;2026;0
Ordinær kvote;INN;Suppleringsopptak;209 488;Idrett - spesialisering i trenerrollen, deltid;Elverum;IDRETT;2026;0
Førstegangsvitnemålskvote;HVL;Hovedopptak;203 185;Idrett og trening;Sogndal;IDRETT;2026;0
Ordinær kvote;HVL;Hovedopptak;203 185;Idrett og trening;Sogndal;IDRETT;2026;0
Førstegangsvitnemålskvote;HVL;Suppleringsopptak;203 185;Idrett og trening;Sogndal;IDRETT;2026;0
Ordinær kvote;HVL;Suppleringsopptak;203 185;Idrett og trening;Sogndal;IDRETT;2026;0
Førstegangsvitnemålskvote;UIA;Hovedopptak;201 649;Idrett, årsstudium;Kristiansand;IDRETT;2026;0
Ordinær kvote;UIA;Hovedopptak;201 649;Idrett, årsstudium;Kristiansand;IDRETT;2026;0
Førstegangsvitnemålskvote;UIA;Suppleringsopptak;201 649;Idrett, årsstudium;Kristiansand;IDRETT;2026;0
Ordinær kvote;UIA;Suppleringsopptak;201 649;Idrett, årsstudium;Kristiansand;IDRETT;2026;0
Førstegangsvitnemålskvote;UIA;Hovedopptak;201 440;Idrett, bachelor;Kristiansand;IDRETT;2026;0
Ordinær kvote;UIA;Hovedopptak;201 440;Idrett, bachelor;Kristiansand;IDRETT;2026;0
Førstegangsvitnemålskvote;UIA;Suppleringsopptak;201 440;Idrett, bachelor;Kristiansand;IDRETT;2026;0
Ordinær kvote;UIA;Suppleringsopptak;201 440;Idrett, bachelor;Kristiansand;IDRETT;2026;0
Førstegangsvitnemålskvote;NORD;Hovedopptak;204 507;Idrett, deltid;Meråker;IDRETT;2026;0
Ordinær kvote;NORD;Hovedopptak;204 507;Idrett, deltid;Meråker;IDRETT;2026;0
Førstegangsvitnemålskvote;NORD;Suppleringsopptak;204 507;Idrett, deltid;Meråker;IDRETT;2026;0
Ordinær kvote;NORD;Suppleringsopptak;204 507;Idrett, deltid;Meråker;IDRETT;2026;0
Førstegangsvitnemålskvote;HVL;Hovedopptak;203 485;Idrett, trening, helse;Sogndal;IDRETT;2026;0
Ordinær kvote;HVL;Hovedopptak;203 485;Idrett, trening, helse;Sogndal;IDRETT;2026;0
Førstegangsvitnemålskvote;HVL;Suppleringsopptak;203 485;Idrett, trening, helse;Sogndal;IDRETT;2026;0
Ordinær kvote;HVL;Suppleringsopptak;203 485;Idrett, trening, helse;Sogndal;IDRETT;2026;0
Førstegangsvitnemålskvote;USN;Hovedopptak;222 489;Idrettscoaching;Midt-Telemark;IDRETT;2026;0
Ordinær kvote;USN;Hovedopptak;222 489;Idrettscoaching;Midt-Telemark;IDRETT;2026;0
Førstegangsvitnemålskvote;USN;Suppleringsopptak;222 489;Idrettscoaching;Midt-Telemark;IDRETT;2026;0
Ordinær kvote;USN;Suppleringsopptak;222 489;Idrettscoaching;Midt-Telemark;IDRETT;2026;0
Førstegangsvitnemålskvote;UIS;Hovedopptak;217 440;Idrettsvitenskap;Stavanger;IDRETT;2026;0
Ordinær kvote;UIS;Hovedopptak;217 440;Idrettsvitenskap;Stavanger;IDRETT;2026;0
Førstegangsvitnemålskvote;UIS;Suppleringsopptak;217 440;Idrettsvitenskap;Stavanger;IDRETT;2026;0
Ordinær kvote;UIS;Suppleringsopptak;217 440;Idrettsvitenskap;Stavanger;IDRETT;2026;0
Førstegangsvitnemålskvote;INN;Hovedopptak;209 489;Idrettsvitenskap- helse og treningsfysiologi;Lillehammer;IDRETT;2026;0
Ordinær kvote;INN;Hovedopptak;209 489;Idrettsvitenskap- helse og treningsfysiologi;Lillehammer;IDRETT;2026;0
Førstegangsvitnemålskvote;INN;Suppleringsopptak;209 489;Idrettsvitenskap- helse og treningsfysiologi;Lillehammer;IDRETT;2026;0
Ordinær kvote;INN;Suppleringsopptak;209 489;Idrettsvitenskap- helse og treningsfysiologi;Lillehammer;IDRETT;2026;0
Førstegangsvitnemålskvote;NLA;Hovedopptak;254 185;Idrettsvitenskap, årsstudium;Bergen;IDRETT;2026;0
Ordinær kvote;NLA;Hovedopptak;254 185;Idrettsvitenskap, årsstudium;Bergen;IDRETT;2026;0
Førstegangsvitnemålskvote;NLA;Suppleringsopptak;254 185;Idrettsvitenskap, årsstudium;Bergen;IDRETT;2026;0
Ordinær kvote;NLA;Suppleringsopptak;254 185;Idrettsvitenskap, årsstudium;Bergen;IDRETT;2026;0
Førstegangsvitnemålskvote;NLA;Hovedopptak;254 440;Idrettsvitenskap, bachelor;Bergen;IDRETT;2026;38.8
Ordinær kvote;NLA;Hovedopptak;254 440;Idrettsvitenskap, bachelor;Bergen;IDRETT;2026;38.1
Førstegangsvitnemålskvote;NLA;Suppleringsopptak;254 440;Idrettsvitenskap, bachelor;Bergen;IDRETT;2026;0
Ordinær kvote;NLA;Suppleringsopptak;254 440;Idrettsvitenskap, bachelor;Bergen;IDRETT;2026;0
Førstegangsvitnemålskvote;HVO;Hovedopptak;223 485;Idrettsvitenskap, kroppsøving og helse;Volda;IDRETT;2026;0
Ordinær kvote;HVO;Hovedopptak;223 485;Idrettsvitenskap, kroppsøving og helse;Volda;IDRETT;2026;0
Førstegangsvitnemålskvote;HVO;Suppleringsopptak;223 485;Idrettsvitenskap, kroppsøving og helse;Volda;IDRETT;2026;0
Ordinær kvote;HVO;Suppleringsopptak;223 485;Idrettsvitenskap, kroppsøving og helse;Volda;IDRETT;2026;0
Førstegangsvitnemålskvote;UIA;Hovedopptak;201 187;IKT;Grimstad;INFOTEKN;2026;0
Ordinær kvote;UIA;Hovedopptak;201 187;IKT;Grimstad;INFOTEKN;2026;0
Førstegangsvitnemålskvote;UIA;Suppleringsopptak;201 187;IKT;Grimstad;INFOTEKN;2026;0
Ordinær kvote;UIA;Suppleringsopptak;201 187;IKT;Grimstad;INFOTEKN;2026;0
Førstegangsvitnemålskvote;NTNU;Hovedopptak;194 768;Industriell design;Trondheim;TEKNO - SIVING;2026;55.7
Ordinær kvote;NTNU;Hovedopptak;194 768;Industriell design;Trondheim;TEKNO - SIVING;2026;60
Førstegangsvitnemålskvote;NTNU;Suppleringsopptak;194 768;Industriell design;Trondheim;TEKNO - SIVING;2026;55.7
Ordinær kvote;NTNU;Suppleringsopptak;194 768;Industriell design;Trondheim;TEKNO - SIVING;2026;60
Førstegangsvitnemålskvote;NTNU;Hovedopptak;194 783;Industriell kjemi, materialer og bioteknologi;Trondheim;TEKNO - SIVING;2026;52.6
Ordinær kvote;NTNU;Hovedopptak;194 783;Industriell kjemi, materialer og bioteknologi;Trondheim;TEKNO - SIVING;2026;48.1
Førstegangsvitnemålskvote;NTNU;Suppleringsopptak;194 783;Industriell kjemi, materialer og bioteknologi;Trondheim;TEKNO - SIVING;2026;0
Ordinær kvote;NTNU;Suppleringsopptak;194 783;Industriell kjemi, materialer og bioteknologi;Trondheim;TEKNO - SIVING;2026;0
Førstegangsvitnemålskvote;UIA;Hovedopptak;201 862;Industriell matematikk;Kristiansand;REALFAG;2026;0
Ordinær kvote;UIA;Hovedopptak;201 862;Industriell matematikk;Kristiansand;REALFAG;2026;0
Førstegangsvitnemålskvote;UIA;Suppleringsopptak;201 862;Industriell matematikk;Kristiansand;REALFAG;2026;0
Ordinær kvote;UIA;Suppleringsopptak;201 862;Industriell matematikk;Kristiansand;REALFAG;2026;0
Førstegangsvitnemålskvote;NMBU;Hovedopptak;192 767;Industriell økonomi;Ås;TEKNO - SIVING;2026;53.6
Ordinær kvote;NMBU;Hovedopptak;192 767;Industriell økonomi;Ås;TEKNO - SIVING;2026;58.9
Førstegangsvitnemålskvote;NMBU;Suppleringsopptak;192 767;Industriell økonomi;Ås;TEKNO - SIVING;2026;53.6
Ordinær kvote;NMBU;Suppleringsopptak;192 767;Industriell økonomi;Ås;TEKNO - SIVING;2026;58.9
Førstegangsvitnemålskvote;UIA;Hovedopptak;201 767;Industriell økonomi og teknologiledelse;Grimstad;TEKNO - SIVING;2026;0
Ordinær kvote;UIA;Hovedopptak;201 767;Industriell økonomi og teknologiledelse;Grimstad;TEKNO - SIVING;2026;0
Førstegangsvitnemålskvote;UIA;Suppleringsopptak;201 767;Industriell økonomi og teknologiledelse;Grimstad;TEKNO - SIVING;2026;0
Ordinær kvote;UIA;Suppleringsopptak;201 767;Industriell økonomi og teknologiledelse;Grimstad;TEKNO - SIVING;2026;0
Førstegangsvitnemålskvote;NTNU;Hovedopptak;194 767;Industriell økonomi og teknologiledelse;Trondheim;TEKNO - SIVING;2026;61.2
Ordinær kvote;NTNU;Hovedopptak;194 767;Industriell økonomi og teknologiledelse;Trondheim;TEKNO - SIVING;2026;67.8
Førstegangsvitnemålskvote;NTNU;Suppleringsopptak;194 767;Industriell økonomi og teknologiledelse;Trondheim;TEKNO - SIVING;2026;61.2
Ordinær kvote;NTNU;Suppleringsopptak;194 767;Industriell økonomi og teknologiledelse;Trondheim;TEKNO - SIVING;2026;67.8
Førstegangsvitnemålskvote;UIS;Hovedopptak;217 813;Industriell økonomi, alle linjer;Stavanger;TEKNO - SIVING;2026;0
Ordinær kvote;UIS;Hovedopptak;217 813;Industriell økonomi, alle linjer;Stavanger;TEKNO - SIVING;2026;0
Førstegangsvitnemålskvote;UIS;Suppleringsopptak;217 813;Industriell økonomi, alle linjer;Stavanger;TEKNO - SIVING;2026;0
Ordinær kvote;UIS;Suppleringsopptak;217 813;Industriell økonomi, alle linjer;Stavanger;TEKNO - SIVING;2026;0
Førstegangsvitnemålskvote;USN;Hovedopptak;222 412;Informasjonsbehandling;Midt-Telemark;INFOTEKN;2026;0
Ordinær kvote;USN;Hovedopptak;222 412;Informasjonsbehandling;Midt-Telemark;INFOTEKN;2026;49.8
Førstegangsvitnemålskvote;USN;Suppleringsopptak;222 412;Informasjonsbehandling;Midt-Telemark;INFOTEKN;2026;0
Ordinær kvote;USN;Suppleringsopptak;222 412;Informasjonsbehandling;Midt-Telemark;INFOTEKN;2026;49.8
Førstegangsvitnemålskvote;HIØ;Hovedopptak;224 453;Informasjonssystemer;Halden;INFOTEKN;2026;0
Ordinær kvote;HIØ;Hovedopptak;224 453;Informasjonssystemer;Halden;INFOTEKN;2026;0
Førstegangsvitnemålskvote;HIØ;Suppleringsopptak;224 453;Informasjonssystemer;Halden;INFOTEKN;2026;0
Ordinær kvote;HIØ;Suppleringsopptak;224 453;Informasjonssystemer;Halden;INFOTEKN;2026;0
Førstegangsvitnemålskvote;HIØ;Hovedopptak;224 620;Informasjonsteknologi;Halden;INFOTEKN;2026;0
Ordinær kvote;HIØ;Hovedopptak;224 620;Informasjonsteknologi;Halden;INFOTEKN;2026;0
Førstegangsvitnemålskvote;HIØ;Suppleringsopptak;224 620;Informasjonsteknologi;Halden;INFOTEKN;2026;0
Ordinær kvote;HIØ;Suppleringsopptak;224 620;Informasjonsteknologi;Halden;INFOTEKN;2026;0
Førstegangsvitnemålskvote;UIB;Hovedopptak;184 803;Informasjonsteknologi og økonomi (sivilingeniør);Bergen;TEKNO - SIVING;2026;54.4
Ordinær kvote;UIB;Hovedopptak;184 803;Informasjonsteknologi og økonomi (sivilingeniør);Bergen;TEKNO - SIVING;2026;61.6
Førstegangsvitnemålskvote;UIB;Suppleringsopptak;184 803;Informasjonsteknologi og økonomi (sivilingeniør);Bergen;TEKNO - SIVING;2026;54.4
Ordinær kvote;UIB;Suppleringsopptak;184 803;Informasjonsteknologi og økonomi (sivilingeniør);Bergen;TEKNO - SIVING;2026;61.6
Førstegangsvitnemålskvote;OSLOMET;Hovedopptak;215 620;Informasjonsteknologi, årsstudium;Oslo;INFOTEKN;2026;31.6
Ordinær kvote;OSLOMET;Hovedopptak;215 620;Informasjonsteknologi, årsstudium;Oslo;INFOTEKN;2026;58.3
Førstegangsvitnemålskvote;OSLOMET;Suppleringsopptak;215 620;Informasjonsteknologi, årsstudium;Oslo;INFOTEKN;2026;31.6
Ordinær kvote;OSLOMET;Suppleringsopptak;215 620;Informasjonsteknologi, årsstudium;Oslo;INFOTEKN;2026;58.3
Førstegangsvitnemålskvote;OSLOMET;Hovedopptak;215 395;Informasjonsteknologi, bachelor;Oslo;INFOTEKN;2026;0
Ordinær kvote;OSLOMET;Hovedopptak;215 395;Informasjonsteknologi, bachelor;Oslo;INFOTEKN;2026;0
Førstegangsvitnemålskvote;OSLOMET;Suppleringsopptak;215 395;Informasjonsteknologi, bachelor;Oslo;INFOTEKN;2026;0
Ordinær kvote;OSLOMET;Suppleringsopptak;215 395;Informasjonsteknologi, bachelor;Oslo;INFOTEKN;2026;0
Førstegangsvitnemålskvote;HVL;Hovedopptak;203 395;Informasjonsteknologi, Bergen;Bergen;INFOTEKN;2026;0
Ordinær kvote;HVL;Hovedopptak;203 395;Informasjonsteknologi, Bergen;Bergen;INFOTEKN;2026;0
Førstegangsvitnemålskvote;HVL;Suppleringsopptak;203 395;Informasjonsteknologi, Bergen;Bergen;INFOTEKN;2026;0
Ordinær kvote;HVL;Suppleringsopptak;203 395;Informasjonsteknologi, Bergen;Bergen;INFOTEKN;2026;0
Førstegangsvitnemålskvote;UIB;Hovedopptak;184 189;Informasjonsvitenskap, årsstudium;Bergen;INFOTEKN;2026;34.8
Ordinær kvote;UIB;Hovedopptak;184 189;Informasjonsvitenskap, årsstudium;Bergen;INFOTEKN;2026;56.8
Førstegangsvitnemålskvote;UIB;Suppleringsopptak;184 189;Informasjonsvitenskap, årsstudium;Bergen;INFOTEKN;2026;34.6
Ordinær kvote;UIB;Suppleringsopptak;184 189;Informasjonsvitenskap, årsstudium;Bergen;INFOTEKN;2026;56.8
Førstegangsvitnemålskvote;UIB;Hovedopptak;184 453;Informasjonsvitenskap, bachelor;Bergen;INFOTEKN;2026;40.8
Ordinær kvote;UIB;Hovedopptak;184 453;Informasjonsvitenskap, bachelor;Bergen;INFOTEKN;2026;48.1
Førstegangsvitnemålskvote;UIB;Suppleringsopptak;184 453;Informasjonsvitenskap, bachelor;Bergen;INFOTEKN;2026;38.9
Ordinær kvote;UIB;Suppleringsopptak;184 453;Informasjonsvitenskap, bachelor;Bergen;INFOTEKN;2026;48.1
Førstegangsvitnemålskvote;UIB;Hovedopptak;184 188;Informatikk;Bergen;INFOTEKN;2026;0
Ordinær kvote;UIB;Hovedopptak;184 188;Informatikk;Bergen;INFOTEKN;2026;0
Førstegangsvitnemålskvote;UIB;Suppleringsopptak;184 188;Informatikk;Bergen;INFOTEKN;2026;-1
Ordinær kvote;UIB;Suppleringsopptak;184 188;Informatikk;Bergen;INFOTEKN;2026;-1
Førstegangsvitnemålskvote;UIO;Hovedopptak;185 187;Informatikk;Oslo;INFOTEKN;2026;0
Ordinær kvote;UIO;Hovedopptak;185 187;Informatikk;Oslo;INFOTEKN;2026;0
Førstegangsvitnemålskvote;UIO;Suppleringsopptak;185 187;Informatikk;Oslo;INFOTEKN;2026;0
Ordinær kvote;UIO;Suppleringsopptak;185 187;Informatikk;Oslo;INFOTEKN;2026;0
Førstegangsvitnemålskvote;NTNU;Hovedopptak;194 395;Informatikk;Trondheim;INFOTEKN;2026;42.1
Ordinær kvote;NTNU;Hovedopptak;194 395;Informatikk;Trondheim;INFOTEKN;2026;45.4
Førstegangsvitnemålskvote;NTNU;Suppleringsopptak;194 395;Informatikk;Trondheim;INFOTEKN;2026;0
Ordinær kvote;NTNU;Suppleringsopptak;194 395;Informatikk;Trondheim;INFOTEKN;2026;0
Førstegangsvitnemålskvote;UIB;Hovedopptak;184 306;Informatikk-matematikk-økonomi;Bergen;REALFAG;2026;44.8
Ordinær kvote;UIB;Hovedopptak;184 306;Informatikk-matematikk-økonomi;Bergen;REALFAG;2026;51.1
Førstegangsvitnemålskvote;UIB;Suppleringsopptak;184 306;Informatikk-matematikk-økonomi;Bergen;REALFAG;2026;44.6
Ordinær kvote;UIB;Suppleringsopptak;184 306;Informatikk-matematikk-økonomi;Bergen;REALFAG;2026;51.1
Førstegangsvitnemålskvote;UIT;Hovedopptak;186 840;Informatikk, Bodø;Bodø;INFOTEKN;2026;0
Ordinær kvote;UIT;Hovedopptak;186 840;Informatikk, Bodø;Bodø;INFOTEKN;2026;0
Førstegangsvitnemålskvote;UIT;Suppleringsopptak;186 840;Informatikk, Bodø;Bodø;INFOTEKN;2026;0
Ordinær kvote;UIT;Suppleringsopptak;186 840;Informatikk, Bodø;Bodø;INFOTEKN;2026;0
Førstegangsvitnemålskvote;UIT;Hovedopptak;186 807;Informatikk, cybersikkerhet;Tromsø;TEKNO - SIVING;2026;0
Ordinær kvote;UIT;Hovedopptak;186 807;Informatikk, cybersikkerhet;Tromsø;TEKNO - SIVING;2026;0
Førstegangsvitnemålskvote;UIT;Suppleringsopptak;186 807;Informatikk, cybersikkerhet;Tromsø;TEKNO - SIVING;2026;0
Ordinær kvote;UIT;Suppleringsopptak;186 807;Informatikk, cybersikkerhet;Tromsø;TEKNO - SIVING;2026;0
Førstegangsvitnemålskvote;UIT;Hovedopptak;186 785;Informatikk, datamaskinsystemer;Tromsø;TEKNO - SIVING;2026;0
Ordinær kvote;UIT;Hovedopptak;186 785;Informatikk, datamaskinsystemer;Tromsø;TEKNO - SIVING;2026;0
Førstegangsvitnemålskvote;UIT;Suppleringsopptak;186 785;Informatikk, datamaskinsystemer;Tromsø;TEKNO - SIVING;2026;0
Ordinær kvote;UIT;Suppleringsopptak;186 785;Informatikk, datamaskinsystemer;Tromsø;TEKNO - SIVING;2026;0
Førstegangsvitnemålskvote;UIT;Hovedopptak;186 395;Informatikk, Tromsø;Tromsø;INFOTEKN;2026;0
Ordinær kvote;UIT;Hovedopptak;186 395;Informatikk, Tromsø;Tromsø;INFOTEKN;2026;0
Førstegangsvitnemålskvote;UIT;Suppleringsopptak;186 395;Informatikk, Tromsø;Tromsø;INFOTEKN;2026;0
Ordinær kvote;UIT;Suppleringsopptak;186 395;Informatikk, Tromsø;Tromsø;INFOTEKN;2026;0
Førstegangsvitnemålskvote;UIB;Hovedopptak;184 395;Informatikk: bioinformatikk;Bergen;INFOTEKN;2026;46.9
Ordinær kvote;UIB;Hovedopptak;184 395;Informatikk: bioinformatikk;Bergen;INFOTEKN;2026;49.9
Førstegangsvitnemålskvote;UIB;Suppleringsopptak;184 395;Informatikk: bioinformatikk;Bergen;INFOTEKN;2026;46.9
Ordinær kvote;UIB;Suppleringsopptak;184 395;Informatikk: bioinformatikk;Bergen;INFOTEKN;2026;49.9
Førstegangsvitnemålskvote;UIB;Hovedopptak;184 940;Informatikk: datasikkerhet;Bergen;INFOTEKN;2026;39.7
Ordinær kvote;UIB;Hovedopptak;184 940;Informatikk: datasikkerhet;Bergen;INFOTEKN;2026;41.4
Førstegangsvitnemålskvote;UIB;Suppleringsopptak;184 940;Informatikk: datasikkerhet;Bergen;INFOTEKN;2026;39.7
Ordinær kvote;UIB;Suppleringsopptak;184 940;Informatikk: datasikkerhet;Bergen;INFOTEKN;2026;41.4
Førstegangsvitnemålskvote;UIB;Hovedopptak;184 829;Informatikk: datateknologi;Bergen;INFOTEKN;2026;0
Ordinær kvote;UIB;Hovedopptak;184 829;Informatikk: datateknologi;Bergen;INFOTEKN;2026;48
Førstegangsvitnemålskvote;UIB;Suppleringsopptak;184 829;Informatikk: datateknologi;Bergen;INFOTEKN;2026;0
Ordinær kvote;UIB;Suppleringsopptak;184 829;Informatikk: datateknologi;Bergen;INFOTEKN;2026;47.4
Førstegangsvitnemålskvote;HIØ;Hovedopptak;224 270;Informatikk: design og utvikling av IT-systemer;Halden;INFOTEKN;2026;0
Ordinær kvote;HIØ;Hovedopptak;224 270;Informatikk: design og utvikling av IT-systemer;Halden;INFOTEKN;2026;0
Førstegangsvitnemålskvote;HIØ;Suppleringsopptak;224 270;Informatikk: design og utvikling av IT-systemer;Halden;INFOTEKN;2026;0
Ordinær kvote;HIØ;Suppleringsopptak;224 270;Informatikk: design og utvikling av IT-systemer;Halden;INFOTEKN;2026;0
Førstegangsvitnemålskvote;UIO;Hovedopptak;185 830;Informatikk: design, bruk og interaksjon;Oslo;INFOTEKN;2026;36.5
Ordinær kvote;UIO;Hovedopptak;185 830;Informatikk: design, bruk og interaksjon;Oslo;INFOTEKN;2026;54.1
Førstegangsvitnemålskvote;UIO;Suppleringsopptak;185 830;Informatikk: design, bruk og interaksjon;Oslo;INFOTEKN;2026;36.5
Ordinær kvote;UIO;Suppleringsopptak;185 830;Informatikk: design, bruk og interaksjon;Oslo;INFOTEKN;2026;54.1
Førstegangsvitnemålskvote;UIO;Hovedopptak;185 370;Informatikk: digital økonomi og ledelse;Oslo;INFOTEKN;2026;45.7
Ordinær kvote;UIO;Hovedopptak;185 370;Informatikk: digital økonomi og ledelse;Oslo;INFOTEKN;2026;54.9
Førstegangsvitnemålskvote;UIO;Suppleringsopptak;185 370;Informatikk: digital økonomi og ledelse;Oslo;INFOTEKN;2026;45.6
Ordinær kvote;UIO;Suppleringsopptak;185 370;Informatikk: digital økonomi og ledelse;Oslo;INFOTEKN;2026;54.9
Førstegangsvitnemålskvote;UIO;Hovedopptak;185 831;Informatikk: maskinlæring og kunstig intelligens;Oslo;INFOTEKN;2026;41.9
Ordinær kvote;UIO;Hovedopptak;185 831;Informatikk: maskinlæring og kunstig intelligens;Oslo;INFOTEKN;2026;58.3
Førstegangsvitnemålskvote;UIO;Suppleringsopptak;185 831;Informatikk: maskinlæring og kunstig intelligens;Oslo;INFOTEKN;2026;41.9
Ordinær kvote;UIO;Suppleringsopptak;185 831;Informatikk: maskinlæring og kunstig intelligens;Oslo;INFOTEKN;2026;58.3
Førstegangsvitnemålskvote;UIO;Hovedopptak;185 829;Informatikk: programmering og systemarkitektur;Oslo;INFOTEKN;2026;0
Ordinær kvote;UIO;Hovedopptak;185 829;Informatikk: programmering og systemarkitektur;Oslo;INFOTEKN;2026;0
Førstegangsvitnemålskvote;UIO;Suppleringsopptak;185 829;Informatikk: programmering og systemarkitektur;Oslo;INFOTEKN;2026;0
Ordinær kvote;UIO;Suppleringsopptak;185 829;Informatikk: programmering og systemarkitektur;Oslo;INFOTEKN;2026;35.2
Førstegangsvitnemålskvote;UIO;Hovedopptak;185 832;Informatikk: robotikk og intelligente systemer;Oslo;INFOTEKN;2026;0
Ordinær kvote;UIO;Hovedopptak;185 832;Informatikk: robotikk og intelligente systemer;Oslo;INFOTEKN;2026;0
Førstegangsvitnemålskvote;UIO;Suppleringsopptak;185 832;Informatikk: robotikk og intelligente systemer;Oslo;INFOTEKN;2026;0
Ordinær kvote;UIO;Suppleringsopptak;185 832;Informatikk: robotikk og intelligente systemer;Oslo;INFOTEKN;2026;0
Førstegangsvitnemålskvote;UIT;Hovedopptak;186 017;Ingeniør, automasjon;Tromsø;TEKNO - INGENIØR;2026;0
Ordinær kvote;UIT;Hovedopptak;186 017;Ingeniør, automasjon;Tromsø;TEKNO - INGENIØR;2026;0
Førstegangsvitnemålskvote;UIT;Suppleringsopptak;186 017;Ingeniør, automasjon;Tromsø;TEKNO - INGENIØR;2026;0
Ordinær kvote;UIT;Suppleringsopptak;186 017;Ingeniør, automasjon;Tromsø;TEKNO - INGENIØR;2026;0
Førstegangsvitnemålskvote;NTNU;Hovedopptak;194 090;Ingeniør, automatisering og intelligente systemer, Ålesund;Ålesund;TEKNO - INGENIØR;2026;46.4
Ordinær kvote;NTNU;Hovedopptak;194 090;Ingeniør, automatisering og intelligente systemer, Ålesund;Ålesund;TEKNO - INGENIØR;2026;43.7
Førstegangsvitnemålskvote;NTNU;Suppleringsopptak;194 090;Ingeniør, automatisering og intelligente systemer, Ålesund;Ålesund;TEKNO - INGENIØR;2026;46.4
Ordinær kvote;NTNU;Suppleringsopptak;194 090;Ingeniør, automatisering og intelligente systemer, Ålesund;Ålesund;TEKNO - INGENIØR;2026;43.7
Førstegangsvitnemålskvote;NTNU;Hovedopptak;194 823;Ingeniør, automatisering og intelligente systemer, Trondheim;Trondheim;TEKNO - INGENIØR;2026;53
Ordinær kvote;NTNU;Hovedopptak;194 823;Ingeniør, automatisering og intelligente systemer, Trondheim;Trondheim;TEKNO - INGENIØR;2026;56.9
Førstegangsvitnemålskvote;NTNU;Suppleringsopptak;194 823;Ingeniør, automatisering og intelligente systemer, Trondheim;Trondheim;TEKNO - INGENIØR;2026;53
Ordinær kvote;NTNU;Suppleringsopptak;194 823;Ingeniør, automatisering og intelligente systemer, Trondheim;Trondheim;TEKNO - INGENIØR;2026;56.9
Førstegangsvitnemålskvote;HVL;Hovedopptak;203 045;Ingeniør, bærekraftig produksjon og sirkulærøkonom;Bergen;TEKNO - INGENIØR;2026;0
Ordinær kvote;HVL;Hovedopptak;203 045;Ingeniør, bærekraftig produksjon og sirkulærøkonom;Bergen;TEKNO - INGENIØR;2026;0
Førstegangsvitnemålskvote;HVL;Suppleringsopptak;203 045;Ingeniør, bærekraftig produksjon og sirkulærøkonom;Bergen;TEKNO - INGENIØR;2026;0
Ordinær kvote;HVL;Suppleringsopptak;203 045;Ingeniør, bærekraftig produksjon og sirkulærøkonom;Bergen;TEKNO - INGENIØR;2026;0
Førstegangsvitnemålskvote;UIT;Hovedopptak;186 002;Ingeniør, bærekraftig teknologi;Tromsø;TEKNO - INGENIØR;2026;0
Ordinær kvote;UIT;Hovedopptak;186 002;Ingeniør, bærekraftig teknologi;Tromsø;TEKNO - INGENIØR;2026;0
Førstegangsvitnemålskvote;UIT;Suppleringsopptak;186 002;Ingeniør, bærekraftig teknologi;Tromsø;TEKNO - INGENIØR;2026;0
Ordinær kvote;UIT;Suppleringsopptak;186 002;Ingeniør, bærekraftig teknologi;Tromsø;TEKNO - INGENIØR;2026;0
Førstegangsvitnemålskvote;OSLOMET;Hovedopptak;215 009;Ingeniør, bioteknologi og kjemi;Oslo;TEKNO - INGENIØR;2026;0
Ordinær kvote;OSLOMET;Hovedopptak;215 009;Ingeniør, bioteknologi og kjemi;Oslo;TEKNO - INGENIØR;2026;0
Førstegangsvitnemålskvote;OSLOMET;Suppleringsopptak;215 009;Ingeniør, bioteknologi og kjemi;Oslo;TEKNO - INGENIØR;2026;0
Ordinær kvote;OSLOMET;Suppleringsopptak;215 009;Ingeniør, bioteknologi og kjemi;Oslo;TEKNO - INGENIØR;2026;0
Førstegangsvitnemålskvote;HVL;Hovedopptak;203 002;Ingeniør, brannsikkerhet;Haugesund;TEKNO - INGENIØR;2026;0
Ordinær kvote;HVL;Hovedopptak;203 002;Ingeniør, brannsikkerhet;Haugesund;TEKNO - INGENIØR;2026;0
Førstegangsvitnemålskvote;HVL;Suppleringsopptak;203 002;Ingeniør, brannsikkerhet;Haugesund;TEKNO - INGENIØR;2026;0
Ordinær kvote;HVL;Suppleringsopptak;203 002;Ingeniør, brannsikkerhet;Haugesund;TEKNO - INGENIØR;2026;0
Førstegangsvitnemålskvote;HVL;Hovedopptak;203 003;Ingeniør, bygg;Bergen;TEKNO - INGENIØR;2026;0
Ordinær kvote;HVL;Hovedopptak;203 003;Ingeniør, bygg;Bergen;TEKNO - INGENIØR;2026;0
Førstegangsvitnemålskvote;HVL;Suppleringsopptak;203 003;Ingeniør, bygg;Bergen;TEKNO - INGENIØR;2026;0
Ordinær kvote;HVL;Suppleringsopptak;203 003;Ingeniør, bygg;Bergen;TEKNO - INGENIØR;2026;0
Førstegangsvitnemålskvote;OSLOMET;Hovedopptak;215 003;Ingeniør, bygg;Oslo;TEKNO - INGENIØR;2026;0
Ordinær kvote;OSLOMET;Hovedopptak;215 003;Ingeniør, bygg;Oslo;TEKNO - INGENIØR;2026;0
Førstegangsvitnemålskvote;OSLOMET;Suppleringsopptak;215 003;Ingeniør, bygg;Oslo;TEKNO - INGENIØR;2026;0
Ordinær kvote;OSLOMET;Suppleringsopptak;215 003;Ingeniør, bygg;Oslo;TEKNO - INGENIØR;2026;0
Førstegangsvitnemålskvote;USN;Hovedopptak;222 003;Ingeniør, bygg - konstruksjon og byggdesign;Porsgrunn;TEKNO - INGENIØR;2026;0
Ordinær kvote;USN;Hovedopptak;222 003;Ingeniør, bygg - konstruksjon og byggdesign;Porsgrunn;TEKNO - INGENIØR;2026;0
Førstegangsvitnemålskvote;USN;Suppleringsopptak;222 003;Ingeniør, bygg - konstruksjon og byggdesign;Porsgrunn;TEKNO - INGENIØR;2026;0
Ordinær kvote;USN;Suppleringsopptak;222 003;Ingeniør, bygg - konstruksjon og byggdesign;Porsgrunn;TEKNO - INGENIØR;2026;0
Førstegangsvitnemålskvote;USN;Hovedopptak;222 033;Ingeniør, bygg - plan og infrastruktur;Porsgrunn;TEKNO - INGENIØR;2026;0
Ordinær kvote;USN;Hovedopptak;222 033;Ingeniør, bygg - plan og infrastruktur;Porsgrunn;TEKNO - INGENIØR;2026;0
Førstegangsvitnemålskvote;USN;Suppleringsopptak;222 033;Ingeniør, bygg - plan og infrastruktur;Porsgrunn;TEKNO - INGENIØR;2026;0
Ordinær kvote;USN;Suppleringsopptak;222 033;Ingeniør, bygg - plan og infrastruktur;Porsgrunn;TEKNO - INGENIØR;2026;0
Førstegangsvitnemålskvote;HIØ;Hovedopptak;224 003;Ingeniør, bygg og miljø;Fredrikstad;TEKNO - INGENIØR;2026;0
Ordinær kvote;HIØ;Hovedopptak;224 003;Ingeniør, bygg og miljø;Fredrikstad;TEKNO - INGENIØR;2026;0
Førstegangsvitnemålskvote;HIØ;Suppleringsopptak;224 003;Ingeniør, bygg og miljø;Fredrikstad;TEKNO - INGENIØR;2026;0
Ordinær kvote;HIØ;Suppleringsopptak;224 003;Ingeniør, bygg og miljø;Fredrikstad;TEKNO - INGENIØR;2026;0
Førstegangsvitnemålskvote;NTNU;Hovedopptak;194 023;Ingeniør, bygg, Ålesund;Ålesund;TEKNO - INGENIØR;2026;0
Ordinær kvote;NTNU;Hovedopptak;194 023;Ingeniør, bygg, Ålesund;Ålesund;TEKNO - INGENIØR;2026;0
Førstegangsvitnemålskvote;NTNU;Suppleringsopptak;194 023;Ingeniør, bygg, Ålesund;Ålesund;TEKNO - INGENIØR;2026;0
Ordinær kvote;NTNU;Suppleringsopptak;194 023;Ingeniør, bygg, Ålesund;Ålesund;TEKNO - INGENIØR;2026;0
Førstegangsvitnemålskvote;UIT;Hovedopptak;186 023;Ingeniør, bygg, Alta;Alta;TEKNO - INGENIØR;2026;0
Ordinær kvote;UIT;Hovedopptak;186 023;Ingeniør, bygg, Alta;Alta;TEKNO - INGENIØR;2026;0
Førstegangsvitnemålskvote;UIT;Suppleringsopptak;186 023;Ingeniør, bygg, Alta;Alta;TEKNO - INGENIØR;2026;0
Ordinær kvote;UIT;Suppleringsopptak;186 023;Ingeniør, bygg, Alta;Alta;TEKNO - INGENIØR;2026;0
Førstegangsvitnemålskvote;UIA;Hovedopptak;201 675;Ingeniør, bygg, fleksibel, deltid;Grimstad;TEKNO - INGENIØR;2026;0
Ordinær kvote;UIA;Hovedopptak;201 675;Ingeniør, bygg, fleksibel, deltid;Grimstad;TEKNO - INGENIØR;2026;0
Førstegangsvitnemålskvote;UIA;Suppleringsopptak;201 675;Ingeniør, bygg, fleksibel, deltid;Grimstad;TEKNO - INGENIØR;2026;0
Ordinær kvote;UIA;Suppleringsopptak;201 675;Ingeniør, bygg, fleksibel, deltid;Grimstad;TEKNO - INGENIØR;2026;0
Førstegangsvitnemålskvote;UIT;Hovedopptak;186 675;Ingeniør, bygg, Narvik;Narvik;TEKNO - INGENIØR;2026;0
Ordinær kvote;UIT;Hovedopptak;186 675;Ingeniør, bygg, Narvik;Narvik;TEKNO - INGENIØR;2026;0
Førstegangsvitnemålskvote;UIT;Suppleringsopptak;186 675;Ingeniør, bygg, Narvik;Narvik;TEKNO - INGENIØR;2026;0
Ordinær kvote;UIT;Suppleringsopptak;186 675;Ingeniør, bygg, Narvik;Narvik;TEKNO - INGENIØR;2026;0
Førstegangsvitnemålskvote;UIT;Hovedopptak;186 075;Ingeniør, bygg, Narvik, nettbasert;Narvik;TEKNO - INGENIØR;2026;0
Ordinær kvote;UIT;Hovedopptak;186 075;Ingeniør, bygg, Narvik, nettbasert;Narvik;TEKNO - INGENIØR;2026;0
Førstegangsvitnemålskvote;UIT;Suppleringsopptak;186 075;Ingeniør, bygg, Narvik, nettbasert;Narvik;TEKNO - INGENIØR;2026;0
Ordinær kvote;UIT;Suppleringsopptak;186 075;Ingeniør, bygg, Narvik, nettbasert;Narvik;TEKNO - INGENIØR;2026;0
Førstegangsvitnemålskvote;UIS;Hovedopptak;217 067;Ingeniør, bygg, studieretning byplanlegging;Stavanger;TEKNO - INGENIØR;2026;0
Ordinær kvote;UIS;Hovedopptak;217 067;Ingeniør, bygg, studieretning byplanlegging;Stavanger;TEKNO - INGENIØR;2026;0
Førstegangsvitnemålskvote;UIS;Suppleringsopptak;217 067;Ingeniør, bygg, studieretning byplanlegging;Stavanger;TEKNO - INGENIØR;2026;0
Ordinær kvote;UIS;Suppleringsopptak;217 067;Ingeniør, bygg, studieretning byplanlegging;Stavanger;TEKNO - INGENIØR;2026;0
Førstegangsvitnemålskvote;UIS;Hovedopptak;217 033;Ingeniør, bygg, studieretning infrastruktur;Stavanger;TEKNO - INGENIØR;2026;0
Ordinær kvote;UIS;Hovedopptak;217 033;Ingeniør, bygg, studieretning infrastruktur;Stavanger;TEKNO - INGENIØR;2026;0
Førstegangsvitnemålskvote;UIS;Suppleringsopptak;217 033;Ingeniør, bygg, studieretning infrastruktur;Stavanger;TEKNO - INGENIØR;2026;0
Ordinær kvote;UIS;Suppleringsopptak;217 033;Ingeniør, bygg, studieretning infrastruktur;Stavanger;TEKNO - INGENIØR;2026;0
Førstegangsvitnemålskvote;UIS;Hovedopptak;217 675;Ingeniør, bygg, studieretning konstruksjonsteknikk;Stavanger;TEKNO - INGENIØR;2026;0
Ordinær kvote;UIS;Hovedopptak;217 675;Ingeniør, bygg, studieretning konstruksjonsteknikk;Stavanger;TEKNO - INGENIØR;2026;0
Førstegangsvitnemålskvote;UIS;Suppleringsopptak;217 675;Ingeniør, bygg, studieretning konstruksjonsteknikk;Stavanger;TEKNO - INGENIØR;2026;0
Ordinær kvote;UIS;Suppleringsopptak;217 675;Ingeniør, bygg, studieretning konstruksjonsteknikk;Stavanger;TEKNO - INGENIØR;2026;0
Førstegangsvitnemålskvote;NTNU;Hovedopptak;194 675;Ingeniør, bygg, Trondheim;Trondheim;TEKNO - INGENIØR;2026;49.3
Ordinær kvote;NTNU;Hovedopptak;194 675;Ingeniør, bygg, Trondheim;Trondheim;TEKNO - INGENIØR;2026;51
Førstegangsvitnemålskvote;NTNU;Suppleringsopptak;194 675;Ingeniør, bygg, Trondheim;Trondheim;TEKNO - INGENIØR;2026;49.3
Ordinær kvote;NTNU;Suppleringsopptak;194 675;Ingeniør, bygg, Trondheim;Trondheim;TEKNO - INGENIØR;2026;51
Førstegangsvitnemålskvote;UIT;Hovedopptak;186 587;Ingeniør, bygg, VVS;Tromsø;TEKNO - INGENIØR;2026;0
Ordinær kvote;UIT;Hovedopptak;186 587;Ingeniør, bygg, VVS;Tromsø;TEKNO - INGENIØR;2026;0
Førstegangsvitnemålskvote;UIT;Suppleringsopptak;186 587;Ingeniør, bygg, VVS;Tromsø;TEKNO - INGENIØR;2026;0
Ordinær kvote;UIT;Suppleringsopptak;186 587;Ingeniør, bygg, VVS;Tromsø;TEKNO - INGENIØR;2026;0
Førstegangsvitnemålskvote;UIA;Hovedopptak;201 003;Ingeniør, byggdesign;Grimstad;TEKNO - INGENIØR;2026;0
Ordinær kvote;UIA;Hovedopptak;201 003;Ingeniør, byggdesign;Grimstad;TEKNO - INGENIØR;2026;0
Førstegangsvitnemålskvote;UIA;Suppleringsopptak;201 003;Ingeniør, byggdesign;Grimstad;TEKNO - INGENIØR;2026;0
Ordinær kvote;UIA;Suppleringsopptak;201 003;Ingeniør, byggdesign;Grimstad;TEKNO - INGENIØR;2026;0
Førstegangsvitnemålskvote;NTNU;Hovedopptak;194 587;Ingeniør, byggkonstruksjoner;Gjøvik;TEKNO - INGENIØR;2026;0
Ordinær kvote;NTNU;Hovedopptak;194 587;Ingeniør, byggkonstruksjoner;Gjøvik;TEKNO - INGENIØR;2026;0
Førstegangsvitnemålskvote;NTNU;Suppleringsopptak;194 587;Ingeniør, byggkonstruksjoner;Gjøvik;TEKNO - INGENIØR;2026;0
Ordinær kvote;NTNU;Suppleringsopptak;194 587;Ingeniør, byggkonstruksjoner;Gjøvik;TEKNO - INGENIØR;2026;0
Førstegangsvitnemålskvote;NTNU;Hovedopptak;194 067;Ingeniør,  byggkonstruksjoner (fleksibel), deltid;Gjøvik;TEKNO - INGENIØR;2026;0
Ordinær kvote;NTNU;Hovedopptak;194 067;Ingeniør,  byggkonstruksjoner (fleksibel), deltid;Gjøvik;TEKNO - INGENIØR;2026;0
Førstegangsvitnemålskvote;NTNU;Suppleringsopptak;194 067;Ingeniør,  byggkonstruksjoner (fleksibel), deltid;Gjøvik;TEKNO - INGENIØR;2026;0
Ordinær kvote;NTNU;Suppleringsopptak;194 067;Ingeniør,  byggkonstruksjoner (fleksibel), deltid;Gjøvik;TEKNO - INGENIØR;2026;0
Førstegangsvitnemålskvote;HVL;Hovedopptak;203 004;Ingeniør, data;Bergen;TEKNO - INGENIØR;2026;0
Ordinær kvote;HVL;Hovedopptak;203 004;Ingeniør, data;Bergen;TEKNO - INGENIØR;2026;0
Førstegangsvitnemålskvote;HVL;Suppleringsopptak;203 004;Ingeniør, data;Bergen;TEKNO - INGENIØR;2026;0
Ordinær kvote;HVL;Suppleringsopptak;203 004;Ingeniør, data;Bergen;TEKNO - INGENIØR;2026;0
Førstegangsvitnemålskvote;UIA;Hovedopptak;201 004;Ingeniør, data;Grimstad;TEKNO - INGENIØR;2026;0
Ordinær kvote;UIA;Hovedopptak;201 004;Ingeniør, data;Grimstad;TEKNO - INGENIØR;2026;0
Førstegangsvitnemålskvote;UIA;Suppleringsopptak;201 004;Ingeniør, data;Grimstad;TEKNO - INGENIØR;2026;0
Ordinær kvote;UIA;Suppleringsopptak;201 004;Ingeniør, data;Grimstad;TEKNO - INGENIØR;2026;0
Førstegangsvitnemålskvote;HIØ;Hovedopptak;224 004;Ingeniør, data;Halden;TEKNO - INGENIØR;2026;0
Ordinær kvote;HIØ;Hovedopptak;224 004;Ingeniør, data;Halden;TEKNO - INGENIØR;2026;0
Førstegangsvitnemålskvote;HIØ;Suppleringsopptak;224 004;Ingeniør, data;Halden;TEKNO - INGENIØR;2026;0
Ordinær kvote;HIØ;Suppleringsopptak;224 004;Ingeniør, data;Halden;TEKNO - INGENIØR;2026;0
Førstegangsvitnemålskvote;OSLOMET;Hovedopptak;215 004;Ingeniør, data;Oslo;TEKNO - INGENIØR;2026;0
Ordinær kvote;OSLOMET;Hovedopptak;215 004;Ingeniør, data;Oslo;TEKNO - INGENIØR;2026;0
Førstegangsvitnemålskvote;OSLOMET;Suppleringsopptak;215 004;Ingeniør, data;Oslo;TEKNO - INGENIØR;2026;0
Ordinær kvote;OSLOMET;Suppleringsopptak;215 004;Ingeniør, data;Oslo;TEKNO - INGENIØR;2026;0
Førstegangsvitnemålskvote;NTNU;Hovedopptak;194 840;Ingeniør, data - applikasjonsutvikling;Ålesund;TEKNO - INGENIØR;2026;0
Ordinær kvote;NTNU;Hovedopptak;194 840;Ingeniør, data - applikasjonsutvikling;Ålesund;TEKNO - INGENIØR;2026;0
Førstegangsvitnemålskvote;NTNU;Suppleringsopptak;194 840;Ingeniør, data - applikasjonsutvikling;Ålesund;TEKNO - INGENIØR;2026;0
Ordinær kvote;NTNU;Suppleringsopptak;194 840;Ingeniør, data - applikasjonsutvikling;Ålesund;TEKNO - INGENIØR;2026;0
Førstegangsvitnemålskvote;USN;Hovedopptak;222 503;Ingeniør, data - cyber physical systems;Kongsberg;TEKNO - INGENIØR;2026;0
Ordinær kvote;USN;Hovedopptak;222 503;Ingeniør, data - cyber physical systems;Kongsberg;TEKNO - INGENIØR;2026;0
Førstegangsvitnemålskvote;USN;Suppleringsopptak;222 503;Ingeniør, data - cyber physical systems;Kongsberg;TEKNO - INGENIØR;2026;0
Ordinær kvote;USN;Suppleringsopptak;222 503;Ingeniør, data - cyber physical systems;Kongsberg;TEKNO - INGENIØR;2026;0
Førstegangsvitnemålskvote;USN;Hovedopptak;222 004;Ingeniør, data - cybersikkerhet;Horten;TEKNO - INGENIØR;2026;0
Ordinær kvote;USN;Hovedopptak;222 004;Ingeniør, data - cybersikkerhet;Horten;TEKNO - INGENIØR;2026;0
Førstegangsvitnemålskvote;USN;Suppleringsopptak;222 004;Ingeniør, data - cybersikkerhet;Horten;TEKNO - INGENIØR;2026;0
Ordinær kvote;USN;Suppleringsopptak;222 004;Ingeniør, data - cybersikkerhet;Horten;TEKNO - INGENIØR;2026;0
Førstegangsvitnemålskvote;NTNU;Hovedopptak;194 004;Ingeniør, data - cybersikkerhet og programmering;Gjøvik;TEKNO - INGENIØR;2026;0
Ordinær kvote;NTNU;Hovedopptak;194 004;Ingeniør, data - cybersikkerhet og programmering;Gjøvik;TEKNO - INGENIØR;2026;0
Førstegangsvitnemålskvote;NTNU;Suppleringsopptak;194 004;Ingeniør, data - cybersikkerhet og programmering;Gjøvik;TEKNO - INGENIØR;2026;0
Ordinær kvote;NTNU;Suppleringsopptak;194 004;Ingeniør, data - cybersikkerhet og programmering;Gjøvik;TEKNO - INGENIØR;2026;0
Førstegangsvitnemålskvote;USN;Hovedopptak;222 956;Ingeniør, data - softwareutvikling;Porsgrunn;TEKNO - INGENIØR;2026;0
Ordinær kvote;USN;Hovedopptak;222 956;Ingeniør, data - softwareutvikling;Porsgrunn;TEKNO - INGENIØR;2026;0
Førstegangsvitnemålskvote;USN;Suppleringsopptak;222 956;Ingeniør, data - softwareutvikling;Porsgrunn;TEKNO - INGENIØR;2026;0
Ordinær kvote;USN;Suppleringsopptak;222 956;Ingeniør, data - softwareutvikling;Porsgrunn;TEKNO - INGENIØR;2026;0
Førstegangsvitnemålskvote;NTNU;Hovedopptak;194 503;Ingeniør, data - systemutvikling;Trondheim;TEKNO - INGENIØR;2026;44.9
Ordinær kvote;NTNU;Hovedopptak;194 503;Ingeniør, data - systemutvikling;Trondheim;TEKNO - INGENIØR;2026;46
Førstegangsvitnemålskvote;NTNU;Suppleringsopptak;194 503;Ingeniør, data - systemutvikling;Trondheim;TEKNO - INGENIØR;2026;44.9
Ordinær kvote;NTNU;Suppleringsopptak;194 503;Ingeniør, data - systemutvikling;Trondheim;TEKNO - INGENIØR;2026;45.3
Førstegangsvitnemålskvote;UIT;Hovedopptak;186 004;Ingeniør, datateknikk, Alta/Narvik;Narvik;TEKNO - INGENIØR;2026;0
Ordinær kvote;UIT;Hovedopptak;186 004;Ingeniør, datateknikk, Alta/Narvik;Narvik;TEKNO - INGENIØR;2026;0
Førstegangsvitnemålskvote;UIT;Suppleringsopptak;186 004;Ingeniør, datateknikk, Alta/Narvik;Narvik;TEKNO - INGENIØR;2026;0
Ordinær kvote;UIT;Suppleringsopptak;186 004;Ingeniør, datateknikk, Alta/Narvik;Narvik;TEKNO - INGENIØR;2026;0
Førstegangsvitnemålskvote;UIT;Hovedopptak;186 078;Ingeniør, datateknikk, Narvik;Narvik;TEKNO - INGENIØR;2026;-1
Ordinær kvote;UIT;Hovedopptak;186 078;Ingeniør, datateknikk, Narvik;Narvik;TEKNO - INGENIØR;2026;0
Førstegangsvitnemålskvote;UIT;Suppleringsopptak;186 078;Ingeniør, datateknikk, Narvik;Narvik;TEKNO - INGENIØR;2026;0
Ordinær kvote;UIT;Suppleringsopptak;186 078;Ingeniør, datateknikk, Narvik;Narvik;TEKNO - INGENIØR;2026;0
Førstegangsvitnemålskvote;UIS;Hovedopptak;217 004;Ingeniør, datateknologi;Stavanger;TEKNO - INGENIØR;2026;0
Ordinær kvote;UIS;Hovedopptak;217 004;Ingeniør, datateknologi;Stavanger;TEKNO - INGENIØR;2026;0
Førstegangsvitnemålskvote;UIS;Suppleringsopptak;217 004;Ingeniør, datateknologi;Stavanger;TEKNO - INGENIØR;2026;0
Ordinær kvote;UIS;Suppleringsopptak;217 004;Ingeniør, datateknologi;Stavanger;TEKNO - INGENIØR;2026;0
Førstegangsvitnemålskvote;UIT;Hovedopptak;186 007;Ingeniør, droneteknologi;Tromsø;TEKNO - INGENIØR;2026;0
Ordinær kvote;UIT;Hovedopptak;186 007;Ingeniør, droneteknologi;Tromsø;TEKNO - INGENIØR;2026;0
Førstegangsvitnemålskvote;UIT;Suppleringsopptak;186 007;Ingeniør, droneteknologi;Tromsø;TEKNO - INGENIØR;2026;0
Ordinær kvote;UIT;Suppleringsopptak;186 007;Ingeniør, droneteknologi;Tromsø;TEKNO - INGENIØR;2026;0
Førstegangsvitnemålskvote;NTNU;Hovedopptak;194 956;Ingeniør, elektrifisering og digitalisering;Trondheim;TEKNO - INGENIØR;2026;46.2
Ordinær kvote;NTNU;Hovedopptak;194 956;Ingeniør, elektrifisering og digitalisering;Trondheim;TEKNO - INGENIØR;2026;46.6
Førstegangsvitnemålskvote;NTNU;Suppleringsopptak;194 956;Ingeniør, elektrifisering og digitalisering;Trondheim;TEKNO - INGENIØR;2026;46
Ordinær kvote;NTNU;Suppleringsopptak;194 956;Ingeniør, elektrifisering og digitalisering;Trondheim;TEKNO - INGENIØR;2026;46.4
Førstegangsvitnemålskvote;NTNU;Hovedopptak;194 005;Ingeniør, elektro;Gjøvik;TEKNO - INGENIØR;2026;45.9
Ordinær kvote;NTNU;Hovedopptak;194 005;Ingeniør, elektro;Gjøvik;TEKNO - INGENIØR;2026;47.2
Førstegangsvitnemålskvote;NTNU;Suppleringsopptak;194 005;Ingeniør, elektro;Gjøvik;TEKNO - INGENIØR;2026;44.8
Ordinær kvote;NTNU;Suppleringsopptak;194 005;Ingeniør, elektro;Gjøvik;TEKNO - INGENIØR;2026;47.2
Førstegangsvitnemålskvote;OSLOMET;Hovedopptak;215 025;Ingeniør, elektro - automatisering og robotikk;Oslo;TEKNO - INGENIØR;2026;0
Ordinær kvote;OSLOMET;Hovedopptak;215 025;Ingeniør, elektro - automatisering og robotikk;Oslo;TEKNO - INGENIØR;2026;0
Førstegangsvitnemålskvote;OSLOMET;Suppleringsopptak;215 025;Ingeniør, elektro - automatisering og robotikk;Oslo;TEKNO - INGENIØR;2026;0
Ordinær kvote;OSLOMET;Suppleringsopptak;215 025;Ingeniør, elektro - automatisering og robotikk;Oslo;TEKNO - INGENIØR;2026;0
Førstegangsvitnemålskvote;USN;Hovedopptak;222 017;Ingeniør, elektro - elektro-automasjon og robotikk;Horten;TEKNO - INGENIØR;2026;0
Ordinær kvote;USN;Hovedopptak;222 017;Ingeniør, elektro - elektro-automasjon og robotikk;Horten;TEKNO - INGENIØR;2026;0
Førstegangsvitnemålskvote;USN;Suppleringsopptak;222 017;Ingeniør, elektro - elektro-automasjon og robotikk;Horten;TEKNO - INGENIØR;2026;0
Ordinær kvote;USN;Suppleringsopptak;222 017;Ingeniør, elektro - elektro-automasjon og robotikk;Horten;TEKNO - INGENIØR;2026;0
Førstegangsvitnemålskvote;OSLOMET;Hovedopptak;215 024;Ingeniør, elektro - elektronikk;Oslo;TEKNO - INGENIØR;2026;0
Ordinær kvote;OSLOMET;Hovedopptak;215 024;Ingeniør, elektro - elektronikk;Oslo;TEKNO - INGENIØR;2026;0
Førstegangsvitnemålskvote;OSLOMET;Suppleringsopptak;215 024;Ingeniør, elektro - elektronikk;Oslo;TEKNO - INGENIØR;2026;0
Ordinær kvote;OSLOMET;Suppleringsopptak;215 024;Ingeniør, elektro - elektronikk;Oslo;TEKNO - INGENIØR;2026;0
Førstegangsvitnemålskvote;USN;Hovedopptak;222 006;Ingeniør, elektro - elkraft og bærekraftig energi;Porsgrunn;TEKNO - INGENIØR;2026;0
Ordinær kvote;USN;Hovedopptak;222 006;Ingeniør, elektro - elkraft og bærekraftig energi;Porsgrunn;TEKNO - INGENIØR;2026;0
Førstegangsvitnemålskvote;USN;Suppleringsopptak;222 006;Ingeniør, elektro - elkraft og bærekraftig energi;Porsgrunn;TEKNO - INGENIØR;2026;0
Ordinær kvote;USN;Suppleringsopptak;222 006;Ingeniør, elektro - elkraft og bærekraftig energi;Porsgrunn;TEKNO - INGENIØR;2026;0
Førstegangsvitnemålskvote;USN;Hovedopptak;222 090;Ingeniør, elektro - informatikk og automatisering;Porsgrunn;TEKNO - INGENIØR;2026;0
Ordinær kvote;USN;Hovedopptak;222 090;Ingeniør, elektro - informatikk og automatisering;Porsgrunn;TEKNO - INGENIØR;2026;0
Førstegangsvitnemålskvote;USN;Suppleringsopptak;222 090;Ingeniør, elektro - informatikk og automatisering;Porsgrunn;TEKNO - INGENIØR;2026;0
Ordinær kvote;USN;Suppleringsopptak;222 090;Ingeniør, elektro - informatikk og automatisering;Porsgrunn;TEKNO - INGENIØR;2026;0
Førstegangsvitnemålskvote;HIØ;Hovedopptak;224 005;Ingeniør, elektro: elektronikk og grønn energi;Fredrikstad;TEKNO - INGENIØR;2026;0
Ordinær kvote;HIØ;Hovedopptak;224 005;Ingeniør, elektro: elektronikk og grønn energi;Fredrikstad;TEKNO - INGENIØR;2026;0
Førstegangsvitnemålskvote;HIØ;Suppleringsopptak;224 005;Ingeniør, elektro: elektronikk og grønn energi;Fredrikstad;TEKNO - INGENIØR;2026;0
Ordinær kvote;HIØ;Suppleringsopptak;224 005;Ingeniør, elektro: elektronikk og grønn energi;Fredrikstad;TEKNO - INGENIØR;2026;0
Førstegangsvitnemålskvote;UIA;Hovedopptak;201 803;Ingeniør, elektronikk;Grimstad;TEKNO - INGENIØR;2026;0
Ordinær kvote;UIA;Hovedopptak;201 803;Ingeniør, elektronikk;Grimstad;TEKNO - INGENIØR;2026;0
Førstegangsvitnemålskvote;UIA;Suppleringsopptak;201 803;Ingeniør, elektronikk;Grimstad;TEKNO - INGENIØR;2026;0
Ordinær kvote;UIA;Suppleringsopptak;201 803;Ingeniør, elektronikk;Grimstad;TEKNO - INGENIØR;2026;0
Førstegangsvitnemålskvote;USN;Hovedopptak;222 068;Ingeniør, elektronikk - kybernetikk;Kongsberg;TEKNO - INGENIØR;2026;0
Ordinær kvote;USN;Hovedopptak;222 068;Ingeniør, elektronikk - kybernetikk;Kongsberg;TEKNO - INGENIØR;2026;0
Førstegangsvitnemålskvote;USN;Suppleringsopptak;222 068;Ingeniør, elektronikk - kybernetikk;Kongsberg;TEKNO - INGENIØR;2026;0
Ordinær kvote;USN;Suppleringsopptak;222 068;Ingeniør, elektronikk - kybernetikk;Kongsberg;TEKNO - INGENIØR;2026;0
Førstegangsvitnemålskvote;USN;Hovedopptak;222 699;Ingeniør, elektronikk-mikroteknologi og datasystem;Horten;TEKNO - INGENIØR;2026;0
Ordinær kvote;USN;Hovedopptak;222 699;Ingeniør, elektronikk-mikroteknologi og datasystem;Horten;TEKNO - INGENIØR;2026;0
Førstegangsvitnemålskvote;USN;Suppleringsopptak;222 699;Ingeniør, elektronikk-mikroteknologi og datasystem;Horten;TEKNO - INGENIØR;2026;0
Ordinær kvote;USN;Suppleringsopptak;222 699;Ingeniør, elektronikk-mikroteknologi og datasystem;Horten;TEKNO - INGENIØR;2026;0
Førstegangsvitnemålskvote;UIT;Hovedopptak;186 024;Ingeniør, elektronikk, Alta/Narvik;Narvik;TEKNO - INGENIØR;2026;0
Ordinær kvote;UIT;Hovedopptak;186 024;Ingeniør, elektronikk, Alta/Narvik;Narvik;TEKNO - INGENIØR;2026;0
Førstegangsvitnemålskvote;UIT;Suppleringsopptak;186 024;Ingeniør, elektronikk, Alta/Narvik;Narvik;TEKNO - INGENIØR;2026;0
Ordinær kvote;UIT;Suppleringsopptak;186 024;Ingeniør, elektronikk, Alta/Narvik;Narvik;TEKNO - INGENIØR;2026;0
Førstegangsvitnemålskvote;UIT;Hovedopptak;186 005;Ingeniør, elektronikk, Narvik;Narvik;TEKNO - INGENIØR;2026;0
Ordinær kvote;UIT;Hovedopptak;186 005;Ingeniør, elektronikk, Narvik;Narvik;TEKNO - INGENIØR;2026;55.9
Førstegangsvitnemålskvote;UIT;Suppleringsopptak;186 005;Ingeniør, elektronikk, Narvik;Narvik;TEKNO - INGENIØR;2026;0
Ordinær kvote;UIT;Suppleringsopptak;186 005;Ingeniør, elektronikk, Narvik;Narvik;TEKNO - INGENIØR;2026;0
Førstegangsvitnemålskvote;NTNU;Hovedopptak;194 024;Ingeniør, elektronisk systemingeniør;Trondheim;TEKNO - INGENIØR;2026;49.4
Ordinær kvote;NTNU;Hovedopptak;194 024;Ingeniør, elektronisk systemingeniør;Trondheim;TEKNO - INGENIØR;2026;52.5
Førstegangsvitnemålskvote;NTNU;Suppleringsopptak;194 024;Ingeniør, elektronisk systemingeniør;Trondheim;TEKNO - INGENIØR;2026;49.4
Ordinær kvote;NTNU;Suppleringsopptak;194 024;Ingeniør, elektronisk systemingeniør;Trondheim;TEKNO - INGENIØR;2026;52.5
Førstegangsvitnemålskvote;UIS;Hovedopptak;217 005;Ingeniør, elektroteknologi;Stavanger;TEKNO - INGENIØR;2026;0
Ordinær kvote;UIS;Hovedopptak;217 005;Ingeniør, elektroteknologi;Stavanger;TEKNO - INGENIØR;2026;0
Førstegangsvitnemålskvote;UIS;Suppleringsopptak;217 005;Ingeniør, elektroteknologi;Stavanger;TEKNO - INGENIØR;2026;0
Ordinær kvote;UIS;Suppleringsopptak;217 005;Ingeniør, elektroteknologi;Stavanger;TEKNO - INGENIØR;2026;0
Førstegangsvitnemålskvote;HVL;Hovedopptak;203 956;Ingeniør, elektroteknologi, Bergen;Bergen;TEKNO - INGENIØR;2026;0
Ordinær kvote;HVL;Hovedopptak;203 956;Ingeniør, elektroteknologi, Bergen;Bergen;TEKNO - INGENIØR;2026;0
Førstegangsvitnemålskvote;HVL;Suppleringsopptak;203 956;Ingeniør, elektroteknologi, Bergen;Bergen;TEKNO - INGENIØR;2026;0
Ordinær kvote;HVL;Suppleringsopptak;203 956;Ingeniør, elektroteknologi, Bergen;Bergen;TEKNO - INGENIØR;2026;0
Førstegangsvitnemålskvote;HVL;Hovedopptak;203 856;Ingeniør, elektroteknologi, deltid;Sunnfjord;TEKNO - INGENIØR;2026;0
Ordinær kvote;HVL;Hovedopptak;203 856;Ingeniør, elektroteknologi, deltid;Sunnfjord;TEKNO - INGENIØR;2026;0
Førstegangsvitnemålskvote;HVL;Suppleringsopptak;203 856;Ingeniør, elektroteknologi, deltid;Sunnfjord;TEKNO - INGENIØR;2026;0
Ordinær kvote;HVL;Suppleringsopptak;203 856;Ingeniør, elektroteknologi, deltid;Sunnfjord;TEKNO - INGENIØR;2026;0
Førstegangsvitnemålskvote;HVL;Hovedopptak;203 068;Ingeniør, elektroteknologi, Førde;Sunnfjord;TEKNO - INGENIØR;2026;0
Ordinær kvote;HVL;Hovedopptak;203 068;Ingeniør, elektroteknologi, Førde;Sunnfjord;TEKNO - INGENIØR;2026;0
Førstegangsvitnemålskvote;HVL;Suppleringsopptak;203 068;Ingeniør, elektroteknologi, Førde;Sunnfjord;TEKNO - INGENIØR;2026;0
Ordinær kvote;HVL;Suppleringsopptak;203 068;Ingeniør, elektroteknologi, Førde;Sunnfjord;TEKNO - INGENIØR;2026;0
Førstegangsvitnemålskvote;HVL;Hovedopptak;203 048;Ingeniør, elektroteknologi, Haugesund;Haugesund;TEKNO - INGENIØR;2026;0
Ordinær kvote;HVL;Hovedopptak;203 048;Ingeniør, elektroteknologi, Haugesund;Haugesund;TEKNO - INGENIØR;2026;0
Førstegangsvitnemålskvote;HVL;Suppleringsopptak;203 048;Ingeniør, elektroteknologi, Haugesund;Haugesund;TEKNO - INGENIØR;2026;0
Ordinær kvote;HVL;Suppleringsopptak;203 048;Ingeniør, elektroteknologi, Haugesund;Haugesund;TEKNO - INGENIØR;2026;0
Førstegangsvitnemålskvote;UIT;Hovedopptak;186 006;Ingeniør, elkraftteknikk;Narvik;TEKNO - INGENIØR;2026;0
Ordinær kvote;UIT;Hovedopptak;186 006;Ingeniør, elkraftteknikk;Narvik;TEKNO - INGENIØR;2026;0
Førstegangsvitnemålskvote;UIT;Suppleringsopptak;186 006;Ingeniør, elkraftteknikk;Narvik;TEKNO - INGENIØR;2026;0
Ordinær kvote;UIT;Suppleringsopptak;186 006;Ingeniør, elkraftteknikk;Narvik;TEKNO - INGENIØR;2026;0
Førstegangsvitnemålskvote;OSLOMET;Hovedopptak;215 822;Ingeniør, energi og miljø i bygg;Oslo;TEKNO - INGENIØR;2026;0
Ordinær kvote;OSLOMET;Hovedopptak;215 822;Ingeniør, energi og miljø i bygg;Oslo;TEKNO - INGENIØR;2026;0
Førstegangsvitnemålskvote;OSLOMET;Suppleringsopptak;215 822;Ingeniør, energi og miljø i bygg;Oslo;TEKNO - INGENIØR;2026;0
Ordinær kvote;OSLOMET;Suppleringsopptak;215 822;Ingeniør, energi og miljø i bygg;Oslo;TEKNO - INGENIØR;2026;0
Førstegangsvitnemålskvote;UIS;Hovedopptak;217 015;Ingeniør, energi- og petroleumsteknologi;Stavanger;TEKNO - INGENIØR;2026;0
Ordinær kvote;UIS;Hovedopptak;217 015;Ingeniør, energi- og petroleumsteknologi;Stavanger;TEKNO - INGENIØR;2026;0
Førstegangsvitnemålskvote;UIS;Suppleringsopptak;217 015;Ingeniør, energi- og petroleumsteknologi;Stavanger;TEKNO - INGENIØR;2026;-1
Ordinær kvote;UIS;Suppleringsopptak;217 015;Ingeniør, energi- og petroleumsteknologi;Stavanger;TEKNO - INGENIØR;2026;-1
Førstegangsvitnemålskvote;HVL;Hovedopptak;203 822;Ingeniør, energiteknologi;Bergen;TEKNO - INGENIØR;2026;0
Ordinær kvote;HVL;Hovedopptak;203 822;Ingeniør, energiteknologi;Bergen;TEKNO - INGENIØR;2026;0
Førstegangsvitnemålskvote;HVL;Suppleringsopptak;203 822;Ingeniør, energiteknologi;Bergen;TEKNO - INGENIØR;2026;0
Ordinær kvote;HVL;Suppleringsopptak;203 822;Ingeniør, energiteknologi;Bergen;TEKNO - INGENIØR;2026;0
Førstegangsvitnemålskvote;NTNU;Hovedopptak;194 007;Ingeniør, flyingeniør;Trondheim;TEKNO - INGENIØR;2026;55.2
Ordinær kvote;NTNU;Hovedopptak;194 007;Ingeniør, flyingeniør;Trondheim;TEKNO - INGENIØR;2026;59
Førstegangsvitnemålskvote;NTNU;Suppleringsopptak;194 007;Ingeniør, flyingeniør;Trondheim;TEKNO - INGENIØR;2026;55.2
Ordinær kvote;NTNU;Suppleringsopptak;194 007;Ingeniør, flyingeniør;Trondheim;TEKNO - INGENIØR;2026;59
Førstegangsvitnemålskvote;UIA;Hovedopptak;201 006;Ingeniør, fornybar energi;Grimstad;TEKNO - INGENIØR;2026;0
Ordinær kvote;UIA;Hovedopptak;201 006;Ingeniør, fornybar energi;Grimstad;TEKNO - INGENIØR;2026;0
Førstegangsvitnemålskvote;UIA;Suppleringsopptak;201 006;Ingeniør, fornybar energi;Grimstad;TEKNO - INGENIØR;2026;0
Ordinær kvote;UIA;Suppleringsopptak;201 006;Ingeniør, fornybar energi;Grimstad;TEKNO - INGENIØR;2026;0
Førstegangsvitnemålskvote;NTNU;Hovedopptak;194 072;Ingeniør, fornybar energi, Ålesund;Ålesund;TEKNO - INGENIØR;2026;0
Ordinær kvote;NTNU;Hovedopptak;194 072;Ingeniør, fornybar energi, Ålesund;Ålesund;TEKNO - INGENIØR;2026;0
Førstegangsvitnemålskvote;NTNU;Suppleringsopptak;194 072;Ingeniør, fornybar energi, Ålesund;Ålesund;TEKNO - INGENIØR;2026;0
Ordinær kvote;NTNU;Suppleringsopptak;194 072;Ingeniør, fornybar energi, Ålesund;Ålesund;TEKNO - INGENIØR;2026;0
Førstegangsvitnemålskvote;NTNU;Hovedopptak;194 835;Ingeniør, fornybar energi, Gjøvik;Gjøvik;TEKNO - INGENIØR;2026;39.9
Ordinær kvote;NTNU;Hovedopptak;194 835;Ingeniør, fornybar energi, Gjøvik;Gjøvik;TEKNO - INGENIØR;2026;39
Førstegangsvitnemålskvote;NTNU;Suppleringsopptak;194 835;Ingeniør, fornybar energi, Gjøvik;Gjøvik;TEKNO - INGENIØR;2026;0
Ordinær kvote;NTNU;Suppleringsopptak;194 835;Ingeniør, fornybar energi, Gjøvik;Gjøvik;TEKNO - INGENIØR;2026;0
Førstegangsvitnemålskvote;NTNU;Hovedopptak;194 822;Ingeniør, fornybar energi, Trondheim;Trondheim;TEKNO - INGENIØR;2026;49.1
Ordinær kvote;NTNU;Hovedopptak;194 822;Ingeniør, fornybar energi, Trondheim;Trondheim;TEKNO - INGENIØR;2026;49.8
Førstegangsvitnemålskvote;NTNU;Suppleringsopptak;194 822;Ingeniør, fornybar energi, Trondheim;Trondheim;TEKNO - INGENIØR;2026;48.9
Ordinær kvote;NTNU;Suppleringsopptak;194 822;Ingeniør, fornybar energi, Trondheim;Trondheim;TEKNO - INGENIØR;2026;49.8
Førstegangsvitnemålskvote;NTNU;Hovedopptak;194 021;Ingeniør, havbruk;Trondheim;TEKNO - INGENIØR;2026;46.9
Ordinær kvote;NTNU;Hovedopptak;194 021;Ingeniør, havbruk;Trondheim;TEKNO - INGENIØR;2026;50.5
Førstegangsvitnemålskvote;NTNU;Suppleringsopptak;194 021;Ingeniør, havbruk;Trondheim;TEKNO - INGENIØR;2026;46.9
Ordinær kvote;NTNU;Suppleringsopptak;194 021;Ingeniør, havbruk;Trondheim;TEKNO - INGENIØR;2026;50.5
Førstegangsvitnemålskvote;HVL;Hovedopptak;203 096;Ingeniør, havteknologi;Bergen;TEKNO - INGENIØR;2026;0
Ordinær kvote;HVL;Hovedopptak;203 096;Ingeniør, havteknologi;Bergen;TEKNO - INGENIØR;2026;0
Førstegangsvitnemålskvote;HVL;Suppleringsopptak;203 096;Ingeniør, havteknologi;Bergen;TEKNO - INGENIØR;2026;-1
Ordinær kvote;HVL;Suppleringsopptak;203 096;Ingeniør, havteknologi;Bergen;TEKNO - INGENIØR;2026;-1
Førstegangsvitnemålskvote;UIT;Hovedopptak;186 021;Ingeniør, havteknologi;Tromsø;TEKNO - INGENIØR;2026;0
Ordinær kvote;UIT;Hovedopptak;186 021;Ingeniør, havteknologi;Tromsø;TEKNO - INGENIØR;2026;0
Førstegangsvitnemålskvote;UIT;Suppleringsopptak;186 021;Ingeniør, havteknologi;Tromsø;TEKNO - INGENIØR;2026;0
Ordinær kvote;UIT;Suppleringsopptak;186 021;Ingeniør, havteknologi;Tromsø;TEKNO - INGENIØR;2026;0
Førstegangsvitnemålskvote;HVL;Hovedopptak;203 009;Ingeniør, kjemi;Bergen;TEKNO - INGENIØR;2026;0
Ordinær kvote;HVL;Hovedopptak;203 009;Ingeniør, kjemi;Bergen;TEKNO - INGENIØR;2026;0
Førstegangsvitnemålskvote;HVL;Suppleringsopptak;203 009;Ingeniør, kjemi;Bergen;TEKNO - INGENIØR;2026;0
Ordinær kvote;HVL;Suppleringsopptak;203 009;Ingeniør, kjemi;Bergen;TEKNO - INGENIØR;2026;0
Førstegangsvitnemålskvote;USN;Hovedopptak;222 688;Ingeniør, kjemi - ren energi- og prosessteknologi;Porsgrunn;TEKNO - INGENIØR;2026;0
Ordinær kvote;USN;Hovedopptak;222 688;Ingeniør, kjemi - ren energi- og prosessteknologi;Porsgrunn;TEKNO - INGENIØR;2026;0
Førstegangsvitnemålskvote;USN;Suppleringsopptak;222 688;Ingeniør, kjemi - ren energi- og prosessteknologi;Porsgrunn;TEKNO - INGENIØR;2026;0
Ordinær kvote;USN;Suppleringsopptak;222 688;Ingeniør, kjemi - ren energi- og prosessteknologi;Porsgrunn;TEKNO - INGENIØR;2026;0
Førstegangsvitnemålskvote;NTNU;Hovedopptak;194 688;Ingeniør, kjemi og materialteknologi;Trondheim;TEKNO - INGENIØR;2026;46.9
Ordinær kvote;NTNU;Hovedopptak;194 688;Ingeniør, kjemi og materialteknologi;Trondheim;TEKNO - INGENIØR;2026;44.3
Førstegangsvitnemålskvote;NTNU;Suppleringsopptak;194 688;Ingeniør, kjemi og materialteknologi;Trondheim;TEKNO - INGENIØR;2026;46.9
Ordinær kvote;NTNU;Suppleringsopptak;194 688;Ingeniør, kjemi og materialteknologi;Trondheim;TEKNO - INGENIØR;2026;44.3
Førstegangsvitnemålskvote;NTNU;Hovedopptak;194 016;Ingeniør, logistikk;Trondheim;TEKNO - INGENIØR;2026;46.9
Ordinær kvote;NTNU;Hovedopptak;194 016;Ingeniør, logistikk;Trondheim;TEKNO - INGENIØR;2026;50.4
Førstegangsvitnemålskvote;NTNU;Suppleringsopptak;194 016;Ingeniør, logistikk;Trondheim;TEKNO - INGENIØR;2026;46.2
Ordinær kvote;NTNU;Suppleringsopptak;194 016;Ingeniør, logistikk;Trondheim;TEKNO - INGENIØR;2026;50.4
Førstegangsvitnemålskvote;HVL;Hovedopptak;203 011;Ingeniør, marinteknikk;Bergen;TEKNO - INGENIØR;2026;0
Ordinær kvote;HVL;Hovedopptak;203 011;Ingeniør, marinteknikk;Bergen;TEKNO - INGENIØR;2026;0
Førstegangsvitnemålskvote;HVL;Suppleringsopptak;203 011;Ingeniør, marinteknikk;Bergen;TEKNO - INGENIØR;2026;0
Ordinær kvote;HVL;Suppleringsopptak;203 011;Ingeniør, marinteknikk;Bergen;TEKNO - INGENIØR;2026;0
Førstegangsvitnemålskvote;OSLOMET;Hovedopptak;215 012;Ingeniør, maskin;Oslo;TEKNO - INGENIØR;2026;41
Ordinær kvote;OSLOMET;Hovedopptak;215 012;Ingeniør, maskin;Oslo;TEKNO - INGENIØR;2026;41.9
Førstegangsvitnemålskvote;OSLOMET;Suppleringsopptak;215 012;Ingeniør, maskin;Oslo;TEKNO - INGENIØR;2026;39.3
Ordinær kvote;OSLOMET;Suppleringsopptak;215 012;Ingeniør, maskin;Oslo;TEKNO - INGENIØR;2026;40.4
Førstegangsvitnemålskvote;UIS;Hovedopptak;217 012;Ingeniør, maskin;Stavanger;TEKNO - INGENIØR;2026;43.8
Ordinær kvote;UIS;Hovedopptak;217 012;Ingeniør, maskin;Stavanger;TEKNO - INGENIØR;2026;45.3
Førstegangsvitnemålskvote;UIS;Suppleringsopptak;217 012;Ingeniør, maskin;Stavanger;TEKNO - INGENIØR;2026;43.8
Ordinær kvote;UIS;Suppleringsopptak;217 012;Ingeniør, maskin;Stavanger;TEKNO - INGENIØR;2026;45.3
Førstegangsvitnemålskvote;NTNU;Hovedopptak;194 034;Ingeniør, maskin;Trondheim;TEKNO - INGENIØR;2026;54.1
Ordinær kvote;NTNU;Hovedopptak;194 034;Ingeniør, maskin;Trondheim;TEKNO - INGENIØR;2026;56.9
Førstegangsvitnemålskvote;NTNU;Suppleringsopptak;194 034;Ingeniør, maskin;Trondheim;TEKNO - INGENIØR;2026;54.1
Ordinær kvote;NTNU;Suppleringsopptak;194 034;Ingeniør, maskin;Trondheim;TEKNO - INGENIØR;2026;56.9
Førstegangsvitnemålskvote;USN;Hovedopptak;222 824;Ingeniør, maskin - konstruksjonsteknikk;Porsgrunn;TEKNO - INGENIØR;2026;0
Ordinær kvote;USN;Hovedopptak;222 824;Ingeniør, maskin - konstruksjonsteknikk;Porsgrunn;TEKNO - INGENIØR;2026;0
Førstegangsvitnemålskvote;USN;Suppleringsopptak;222 824;Ingeniør, maskin - konstruksjonsteknikk;Porsgrunn;TEKNO - INGENIØR;2026;0
Ordinær kvote;USN;Suppleringsopptak;222 824;Ingeniør, maskin - konstruksjonsteknikk;Porsgrunn;TEKNO - INGENIØR;2026;0
Førstegangsvitnemålskvote;USN;Hovedopptak;222 012;Ingeniør, maskin - produktdesign;Horten;TEKNO - INGENIØR;2026;0
Ordinær kvote;USN;Hovedopptak;222 012;Ingeniør, maskin - produktdesign;Horten;TEKNO - INGENIØR;2026;0
Førstegangsvitnemålskvote;USN;Suppleringsopptak;222 012;Ingeniør, maskin - produktdesign;Horten;TEKNO - INGENIØR;2026;0
Ordinær kvote;USN;Suppleringsopptak;222 012;Ingeniør, maskin - produktdesign;Horten;TEKNO - INGENIØR;2026;0
Førstegangsvitnemålskvote;USN;Hovedopptak;222 069;Ingeniør, maskin - produktutvikling;Kongsberg;TEKNO - INGENIØR;2026;0
Ordinær kvote;USN;Hovedopptak;222 069;Ingeniør, maskin - produktutvikling;Kongsberg;TEKNO - INGENIØR;2026;0
Førstegangsvitnemålskvote;USN;Suppleringsopptak;222 069;Ingeniør, maskin - produktutvikling;Kongsberg;TEKNO - INGENIØR;2026;0
Ordinær kvote;USN;Suppleringsopptak;222 069;Ingeniør, maskin - produktutvikling;Kongsberg;TEKNO - INGENIØR;2026;0
Førstegangsvitnemålskvote;UIT;Hovedopptak;186 069;Ingeniør, maskin, Alta/Narvik;Narvik;TEKNO - INGENIØR;2026;0
Ordinær kvote;UIT;Hovedopptak;186 069;Ingeniør, maskin, Alta/Narvik;Narvik;TEKNO - INGENIØR;2026;0
Førstegangsvitnemålskvote;UIT;Suppleringsopptak;186 069;Ingeniør, maskin, Alta/Narvik;Narvik;TEKNO - INGENIØR;2026;0
Ordinær kvote;UIT;Suppleringsopptak;186 069;Ingeniør, maskin, Alta/Narvik;Narvik;TEKNO - INGENIØR;2026;0
Førstegangsvitnemålskvote;HVL;Hovedopptak;203 012;Ingeniør, maskin, Bergen;Bergen;TEKNO - INGENIØR;2026;49.3
Ordinær kvote;HVL;Hovedopptak;203 012;Ingeniør, maskin, Bergen;Bergen;TEKNO - INGENIØR;2026;51.5
Førstegangsvitnemålskvote;HVL;Suppleringsopptak;203 012;Ingeniør, maskin, Bergen;Bergen;TEKNO - INGENIØR;2026;49.3
Ordinær kvote;HVL;Suppleringsopptak;203 012;Ingeniør, maskin, Bergen;Bergen;TEKNO - INGENIØR;2026;51.5
Førstegangsvitnemålskvote;HVL;Hovedopptak;203 034;Ingeniør, maskin, Haugesund;Haugesund;TEKNO - INGENIØR;2026;0
Ordinær kvote;HVL;Hovedopptak;203 034;Ingeniør, maskin, Haugesund;Haugesund;TEKNO - INGENIØR;2026;0
Førstegangsvitnemålskvote;HVL;Suppleringsopptak;203 034;Ingeniør, maskin, Haugesund;Haugesund;TEKNO - INGENIØR;2026;0
Ordinær kvote;HVL;Suppleringsopptak;203 034;Ingeniør, maskin, Haugesund;Haugesund;TEKNO - INGENIØR;2026;0
Førstegangsvitnemålskvote;UIT;Hovedopptak;186 012;Ingeniør, maskin, Narvik;Narvik;TEKNO - INGENIØR;2026;0
Ordinær kvote;UIT;Hovedopptak;186 012;Ingeniør, maskin, Narvik;Narvik;TEKNO - INGENIØR;2026;0
Førstegangsvitnemålskvote;UIT;Suppleringsopptak;186 012;Ingeniør, maskin, Narvik;Narvik;TEKNO - INGENIØR;2026;0
Ordinær kvote;UIT;Suppleringsopptak;186 012;Ingeniør, maskin, Narvik;Narvik;TEKNO - INGENIØR;2026;0
Førstegangsvitnemålskvote;HIØ;Hovedopptak;224 012;Ingeniør, maskin: industriell produktutvikling;Fredrikstad;TEKNO - INGENIØR;2026;0
Ordinær kvote;HIØ;Hovedopptak;224 012;Ingeniør, maskin: industriell produktutvikling;Fredrikstad;TEKNO - INGENIØR;2026;0
Førstegangsvitnemålskvote;HIØ;Suppleringsopptak;224 012;Ingeniør, maskin: industriell produktutvikling;Fredrikstad;TEKNO - INGENIØR;2026;0
Ordinær kvote;HIØ;Suppleringsopptak;224 012;Ingeniør, maskin: industriell produktutvikling;Fredrikstad;TEKNO - INGENIØR;2026;0
Førstegangsvitnemålskvote;OSLOMET;Hovedopptak;215 503;Ingeniør, matematisk modellering og datavitenskap;Oslo;TEKNO - INGENIØR;2026;0
Ordinær kvote;OSLOMET;Hovedopptak;215 503;Ingeniør, matematisk modellering og datavitenskap;Oslo;TEKNO - INGENIØR;2026;0
Førstegangsvitnemålskvote;OSLOMET;Suppleringsopptak;215 503;Ingeniør, matematisk modellering og datavitenskap;Oslo;TEKNO - INGENIØR;2026;0
Ordinær kvote;OSLOMET;Suppleringsopptak;215 503;Ingeniør, matematisk modellering og datavitenskap;Oslo;TEKNO - INGENIØR;2026;0
Førstegangsvitnemålskvote;UIS;Hovedopptak;217 956;Ingeniør, medisinsk teknologi;Stavanger;TEKNO - INGENIØR;2026;0
Ordinær kvote;UIS;Hovedopptak;217 956;Ingeniør, medisinsk teknologi;Stavanger;TEKNO - INGENIØR;2026;0
Førstegangsvitnemålskvote;UIS;Suppleringsopptak;217 956;Ingeniør, medisinsk teknologi;Stavanger;TEKNO - INGENIØR;2026;0
Ordinær kvote;UIS;Suppleringsopptak;217 956;Ingeniør, medisinsk teknologi;Stavanger;TEKNO - INGENIØR;2026;0
Førstegangsvitnemålskvote;UIA;Hovedopptak;201 012;Ingeniør, mekatronikk;Grimstad;TEKNO - INGENIØR;2026;0
Ordinær kvote;UIA;Hovedopptak;201 012;Ingeniør, mekatronikk;Grimstad;TEKNO - INGENIØR;2026;0
Førstegangsvitnemålskvote;UIA;Suppleringsopptak;201 012;Ingeniør, mekatronikk;Grimstad;TEKNO - INGENIØR;2026;0
Ordinær kvote;UIA;Suppleringsopptak;201 012;Ingeniør, mekatronikk;Grimstad;TEKNO - INGENIØR;2026;0
Førstegangsvitnemålskvote;NTNU;Hovedopptak;194 025;Ingeniør, mekatronikk og produktdesign;Ålesund;TEKNO - INGENIØR;2026;45.7
Ordinær kvote;NTNU;Hovedopptak;194 025;Ingeniør, mekatronikk og produktdesign;Ålesund;TEKNO - INGENIØR;2026;40.7
Førstegangsvitnemålskvote;NTNU;Suppleringsopptak;194 025;Ingeniør, mekatronikk og produktdesign;Ålesund;TEKNO - INGENIØR;2026;45.7
Ordinær kvote;NTNU;Suppleringsopptak;194 025;Ingeniør, mekatronikk og produktdesign;Ålesund;TEKNO - INGENIØR;2026;40.7
Førstegangsvitnemålskvote;NTNU;Hovedopptak;194 586;Ingeniør, produksjon og produktutvikling;Gjøvik;TEKNO - INGENIØR;2026;0
Ordinær kvote;NTNU;Hovedopptak;194 586;Ingeniør, produksjon og produktutvikling;Gjøvik;TEKNO - INGENIØR;2026;36.9
Førstegangsvitnemålskvote;NTNU;Suppleringsopptak;194 586;Ingeniør, produksjon og produktutvikling;Gjøvik;TEKNO - INGENIØR;2026;0
Ordinær kvote;NTNU;Suppleringsopptak;194 586;Ingeniør, produksjon og produktutvikling;Gjøvik;TEKNO - INGENIØR;2026;0
Førstegangsvitnemålskvote;NTNU;Hovedopptak;194 069;Ingeniør, produksjon og produktutvikling,fleksibel, deltid;Gjøvik;TEKNO - INGENIØR;2026;0
Ordinær kvote;NTNU;Hovedopptak;194 069;Ingeniør, produksjon og produktutvikling,fleksibel, deltid;Gjøvik;TEKNO - INGENIØR;2026;42.3
Førstegangsvitnemålskvote;NTNU;Suppleringsopptak;194 069;Ingeniør, produksjon og produktutvikling,fleksibel, deltid;Gjøvik;TEKNO - INGENIØR;2026;0
Ordinær kvote;NTNU;Suppleringsopptak;194 069;Ingeniør, produksjon og produktutvikling,fleksibel, deltid;Gjøvik;TEKNO - INGENIØR;2026;0
Førstegangsvitnemålskvote;UIT;Hovedopptak;186 917;Ingeniør, prosessteknologi, Alta/Narvik;Narvik;TEKNO - INGENIØR;2026;0
Ordinær kvote;UIT;Hovedopptak;186 917;Ingeniør, prosessteknologi, Alta/Narvik;Narvik;TEKNO - INGENIØR;2026;0
Førstegangsvitnemålskvote;UIT;Suppleringsopptak;186 917;Ingeniør, prosessteknologi, Alta/Narvik;Narvik;TEKNO - INGENIØR;2026;0
Ordinær kvote;UIT;Suppleringsopptak;186 917;Ingeniør, prosessteknologi, Alta/Narvik;Narvik;TEKNO - INGENIØR;2026;0
Førstegangsvitnemålskvote;UIT;Hovedopptak;186 077;Ingeniør, prosessteknologi, Narvik;Narvik;TEKNO - INGENIØR;2026;0
Ordinær kvote;UIT;Hovedopptak;186 077;Ingeniør, prosessteknologi, Narvik;Narvik;TEKNO - INGENIØR;2026;0
Førstegangsvitnemålskvote;UIT;Suppleringsopptak;186 077;Ingeniør, prosessteknologi, Narvik;Narvik;TEKNO - INGENIØR;2026;0
Ordinær kvote;UIT;Suppleringsopptak;186 077;Ingeniør, prosessteknologi, Narvik;Narvik;TEKNO - INGENIØR;2026;0
Førstegangsvitnemålskvote;UIT;Hovedopptak;186 586;Ingeniør, prosessteknologi, Tromsø;Tromsø;TEKNO - INGENIØR;2026;0
Ordinær kvote;UIT;Hovedopptak;186 586;Ingeniør, prosessteknologi, Tromsø;Tromsø;TEKNO - INGENIØR;2026;0
Førstegangsvitnemålskvote;UIT;Suppleringsopptak;186 586;Ingeniør, prosessteknologi, Tromsø;Tromsø;TEKNO - INGENIØR;2026;0
Ordinær kvote;UIT;Suppleringsopptak;186 586;Ingeniør, prosessteknologi, Tromsø;Tromsø;TEKNO - INGENIØR;2026;0
Førstegangsvitnemålskvote;UIT;Hovedopptak;186 956;Ingeniør, satelitteknologi, Alta/Narvik;Narvik;TEKNO - INGENIØR;2026;0
Ordinær kvote;UIT;Hovedopptak;186 956;Ingeniør, satelitteknologi, Alta/Narvik;Narvik;TEKNO - INGENIØR;2026;0
Førstegangsvitnemålskvote;UIT;Suppleringsopptak;186 956;Ingeniør, satelitteknologi, Alta/Narvik;Narvik;TEKNO - INGENIØR;2026;0
Ordinær kvote;UIT;Suppleringsopptak;186 956;Ingeniør, satelitteknologi, Alta/Narvik;Narvik;TEKNO - INGENIØR;2026;0
Førstegangsvitnemålskvote;UIT;Hovedopptak;186 027;Ingeniør, satelitteknologi, Narvik;Narvik;TEKNO - INGENIØR;2026;0
Ordinær kvote;UIT;Hovedopptak;186 027;Ingeniør, satelitteknologi, Narvik;Narvik;TEKNO - INGENIØR;2026;0
Førstegangsvitnemålskvote;UIT;Suppleringsopptak;186 027;Ingeniør, satelitteknologi, Narvik;Narvik;TEKNO - INGENIØR;2026;0
Ordinær kvote;UIT;Suppleringsopptak;186 027;Ingeniør, satelitteknologi, Narvik;Narvik;TEKNO - INGENIØR;2026;0
Førstegangsvitnemålskvote;NTNU;Hovedopptak;194 699;Ingeniør, skipsingeniør;Ålesund;TEKNO - INGENIØR;2026;42.8
Ordinær kvote;NTNU;Hovedopptak;194 699;Ingeniør, skipsingeniør;Ålesund;TEKNO - INGENIØR;2026;40.3
Førstegangsvitnemålskvote;NTNU;Suppleringsopptak;194 699;Ingeniør, skipsingeniør;Ålesund;TEKNO - INGENIØR;2026;42.8
Ordinær kvote;NTNU;Suppleringsopptak;194 699;Ingeniør, skipsingeniør;Ålesund;TEKNO - INGENIØR;2026;40.3
Førstegangsvitnemålskvote;NTNU;Hovedopptak;194 819;Ingeniørgeologi;Trondheim;TEKNO - SIVING;2026;53.8
Ordinær kvote;NTNU;Hovedopptak;194 819;Ingeniørgeologi;Trondheim;TEKNO - SIVING;2026;56.2
Førstegangsvitnemålskvote;NTNU;Suppleringsopptak;194 819;Ingeniørgeologi;Trondheim;TEKNO - SIVING;2026;53.8
Ordinær kvote;NTNU;Suppleringsopptak;194 819;Ingeniørgeologi;Trondheim;TEKNO - SIVING;2026;56.2
Førstegangsvitnemålskvote;NTNU;Hovedopptak;194 905;Ingeniørvitenskap og IKT;Trondheim;TEKNO - SIVING;2026;51.1
Ordinær kvote;NTNU;Hovedopptak;194 905;Ingeniørvitenskap og IKT;Trondheim;TEKNO - SIVING;2026;50.3
Førstegangsvitnemålskvote;NTNU;Suppleringsopptak;194 905;Ingeniørvitenskap og IKT;Trondheim;TEKNO - SIVING;2026;51.1
Ordinær kvote;NTNU;Suppleringsopptak;194 905;Ingeniørvitenskap og IKT;Trondheim;TEKNO - SIVING;2026;50.3
Førstegangsvitnemålskvote;NLA;Hovedopptak;254 136;Innholdsproduksjon og medieinnovasjon, årsstudium;Kristiansand;MEDIEFAG;2026;0
Ordinær kvote;NLA;Hovedopptak;254 136;Innholdsproduksjon og medieinnovasjon, årsstudium;Kristiansand;MEDIEFAG;2026;0
Førstegangsvitnemålskvote;NLA;Suppleringsopptak;254 136;Innholdsproduksjon og medieinnovasjon, årsstudium;Kristiansand;MEDIEFAG;2026;0
Ordinær kvote;NLA;Suppleringsopptak;254 136;Innholdsproduksjon og medieinnovasjon, årsstudium;Kristiansand;MEDIEFAG;2026;0
Førstegangsvitnemålskvote;NLA;Hovedopptak;254 838;Innholdsproduksjon og medieinnovasjon, bachelor;Kristiansand;MEDIEFAG;2026;0
Ordinær kvote;NLA;Hovedopptak;254 838;Innholdsproduksjon og medieinnovasjon, bachelor;Kristiansand;MEDIEFAG;2026;0
Førstegangsvitnemålskvote;NLA;Suppleringsopptak;254 838;Innholdsproduksjon og medieinnovasjon, bachelor;Kristiansand;MEDIEFAG;2026;0
Ordinær kvote;NLA;Suppleringsopptak;254 838;Innholdsproduksjon og medieinnovasjon, bachelor;Kristiansand;MEDIEFAG;2026;0
Førstegangsvitnemålskvote;HIØ;Hovedopptak;224 895;Innovasjon og prosjektledelse;Fredrikstad;TEKNO - ANNET;2026;0
Ordinær kvote;HIØ;Hovedopptak;224 895;Innovasjon og prosjektledelse;Fredrikstad;TEKNO - ANNET;2026;33.7
Førstegangsvitnemålskvote;HIØ;Suppleringsopptak;224 895;Innovasjon og prosjektledelse;Fredrikstad;TEKNO - ANNET;2026;0
Ordinær kvote;HIØ;Suppleringsopptak;224 895;Innovasjon og prosjektledelse;Fredrikstad;TEKNO - ANNET;2026;33.7
Førstegangsvitnemålskvote;NLA;Hovedopptak;254 359;Innovasjon, markedsføring og ledelse, Bergen;Bergen;ØKADM;2026;44
Ordinær kvote;NLA;Hovedopptak;254 359;Innovasjon, markedsføring og ledelse, Bergen;Bergen;ØKADM;2026;44.1
Førstegangsvitnemålskvote;NLA;Suppleringsopptak;254 359;Innovasjon, markedsføring og ledelse, Bergen;Bergen;ØKADM;2026;39.5
Ordinær kvote;NLA;Suppleringsopptak;254 359;Innovasjon, markedsføring og ledelse, Bergen;Bergen;ØKADM;2026;39.8
Førstegangsvitnemålskvote;NLA;Hovedopptak;254 525;Innovasjon, markedsføring og ledelse, Kristiansand;Kristiansand;ØKADM;2026;37.4
Ordinær kvote;NLA;Hovedopptak;254 525;Innovasjon, markedsføring og ledelse, Kristiansand;Kristiansand;ØKADM;2026;33.4
Førstegangsvitnemålskvote;NLA;Suppleringsopptak;254 525;Innovasjon, markedsføring og ledelse, Kristiansand;Kristiansand;ØKADM;2026;0
Ordinær kvote;NLA;Suppleringsopptak;254 525;Innovasjon, markedsføring og ledelse, Kristiansand;Kristiansand;ØKADM;2026;0
Førstegangsvitnemålskvote;NLA;Hovedopptak;254 895;Innovasjon, markedsføring og ledelse, Oslo;Oslo;ØKADM;2026;36.3
Ordinær kvote;NLA;Hovedopptak;254 895;Innovasjon, markedsføring og ledelse, Oslo;Oslo;ØKADM;2026;35.8
Førstegangsvitnemålskvote;NLA;Suppleringsopptak;254 895;Innovasjon, markedsføring og ledelse, Oslo;Oslo;ØKADM;2026;0
Ordinær kvote;NLA;Suppleringsopptak;254 895;Innovasjon, markedsføring og ledelse, Oslo;Oslo;ØKADM;2026;0
Førstegangsvitnemålskvote;NLA;Hovedopptak;254 591;Innovasjon, markedsføring og ledelse, Stavanger;Stavanger;ØKADM;2026;0
Ordinær kvote;NLA;Hovedopptak;254 591;Innovasjon, markedsføring og ledelse, Stavanger;Stavanger;ØKADM;2026;0
Førstegangsvitnemålskvote;NLA;Suppleringsopptak;254 591;Innovasjon, markedsføring og ledelse, Stavanger;Stavanger;ØKADM;2026;0
Ordinær kvote;NLA;Suppleringsopptak;254 591;Innovasjon, markedsføring og ledelse, Stavanger;Stavanger;ØKADM;2026;0
Førstegangsvitnemålskvote;NTNU;Hovedopptak;194 264;Interaksjonsdesign;Gjøvik;MEDIEFAG;2026;0
Ordinær kvote;NTNU;Hovedopptak;194 264;Interaksjonsdesign;Gjøvik;MEDIEFAG;2026;0
Førstegangsvitnemålskvote;NTNU;Suppleringsopptak;194 264;Interaksjonsdesign;Gjøvik;MEDIEFAG;2026;0
Ordinær kvote;NTNU;Suppleringsopptak;194 264;Interaksjonsdesign;Gjøvik;MEDIEFAG;2026;0
Førstegangsvitnemålskvote;NLA;Hovedopptak;254 367;Interkulturell kompetanse, Bergen, årsstudium;Bergen;SAMFUNN;2026;0
Ordinær kvote;NLA;Hovedopptak;254 367;Interkulturell kompetanse, Bergen, årsstudium;Bergen;SAMFUNN;2026;0
Førstegangsvitnemålskvote;NLA;Suppleringsopptak;254 367;Interkulturell kompetanse, Bergen, årsstudium;Bergen;SAMFUNN;2026;0
Ordinær kvote;NLA;Suppleringsopptak;254 367;Interkulturell kompetanse, Bergen, årsstudium;Bergen;SAMFUNN;2026;0
Førstegangsvitnemålskvote;NLA;Hovedopptak;254 879;Interkulturell kompetanse, Bergen, bachelor;Bergen;SAMFUNN;2026;0
Ordinær kvote;NLA;Hovedopptak;254 879;Interkulturell kompetanse, Bergen, bachelor;Bergen;SAMFUNN;2026;0
Førstegangsvitnemålskvote;NLA;Suppleringsopptak;254 879;Interkulturell kompetanse, Bergen, bachelor;Bergen;SAMFUNN;2026;0
Ordinær kvote;NLA;Suppleringsopptak;254 879;Interkulturell kompetanse, Bergen, bachelor;Bergen;SAMFUNN;2026;0
Førstegangsvitnemålskvote;NLA;Hovedopptak;254 654;Interkulturell kompetanse, Kristiansand, årsstudium, nettbasert;Kristiansand;SAMFUNN;2026;0
Ordinær kvote;NLA;Hovedopptak;254 654;Interkulturell kompetanse, Kristiansand, årsstudium, nettbasert;Kristiansand;SAMFUNN;2026;0
Førstegangsvitnemålskvote;NLA;Suppleringsopptak;254 654;Interkulturell kompetanse, Kristiansand, årsstudium, nettbasert;Kristiansand;SAMFUNN;2026;0
Ordinær kvote;NLA;Suppleringsopptak;254 654;Interkulturell kompetanse, Kristiansand, årsstudium, nettbasert;Kristiansand;SAMFUNN;2026;0
Førstegangsvitnemålskvote;NLA;Hovedopptak;254 877;Interkulturell kompetanse, Kristiansand, bachelor, nettbasert;Kristiansand;SAMFUNN;2026;0
Ordinær kvote;NLA;Hovedopptak;254 877;Interkulturell kompetanse, Kristiansand, bachelor, nettbasert;Kristiansand;SAMFUNN;2026;0
Førstegangsvitnemålskvote;NLA;Suppleringsopptak;254 877;Interkulturell kompetanse, Kristiansand, bachelor, nettbasert;Kristiansand;SAMFUNN;2026;0
Ordinær kvote;NLA;Suppleringsopptak;254 877;Interkulturell kompetanse, Kristiansand, bachelor, nettbasert;Kristiansand;SAMFUNN;2026;0
Førstegangsvitnemålskvote;UIT;Hovedopptak;186 530;Internasjonal beredskap;Harstad;SAMFUNN;2026;0
Ordinær kvote;UIT;Hovedopptak;186 530;Internasjonal beredskap;Harstad;SAMFUNN;2026;51.4
Førstegangsvitnemålskvote;UIT;Suppleringsopptak;186 530;Internasjonal beredskap;Harstad;SAMFUNN;2026;0
Ordinær kvote;UIT;Suppleringsopptak;186 530;Internasjonal beredskap;Harstad;SAMFUNN;2026;51.4
Førstegangsvitnemålskvote;USN;Hovedopptak;222 717;Internasjonal forståelse og samarbeid;Horten;SAMFUNN;2026;0
Ordinær kvote;USN;Hovedopptak;222 717;Internasjonal forståelse og samarbeid;Horten;SAMFUNN;2026;0
Førstegangsvitnemålskvote;USN;Suppleringsopptak;222 717;Internasjonal forståelse og samarbeid;Horten;SAMFUNN;2026;0
Ordinær kvote;USN;Suppleringsopptak;222 717;Internasjonal forståelse og samarbeid;Horten;SAMFUNN;2026;0
Førstegangsvitnemålskvote;NMBU;Hovedopptak;192 484;Internasjonale miljø- og utviklingsstudier;Ås;SAMFUNN;2026;0
Ordinær kvote;NMBU;Hovedopptak;192 484;Internasjonale miljø- og utviklingsstudier;Ås;SAMFUNN;2026;0
Førstegangsvitnemålskvote;NMBU;Suppleringsopptak;192 484;Internasjonale miljø- og utviklingsstudier;Ås;SAMFUNN;2026;0
Ordinær kvote;NMBU;Suppleringsopptak;192 484;Internasjonale miljø- og utviklingsstudier;Ås;SAMFUNN;2026;0
Førstegangsvitnemålskvote;NORD;Hovedopptak;204 717;Internasjonale relasjoner, årsstudium;Bodø;SAMFUNN;2026;0
Ordinær kvote;NORD;Hovedopptak;204 717;Internasjonale relasjoner, årsstudium;Bodø;SAMFUNN;2026;0
Førstegangsvitnemålskvote;NORD;Suppleringsopptak;204 717;Internasjonale relasjoner, årsstudium;Bodø;SAMFUNN;2026;0
Ordinær kvote;NORD;Suppleringsopptak;204 717;Internasjonale relasjoner, årsstudium;Bodø;SAMFUNN;2026;0
Førstegangsvitnemålskvote;NORD;Hovedopptak;204 872;Internasjonale relasjoner, bachelor;Bodø;SAMFUNN;2026;0
Ordinær kvote;NORD;Hovedopptak;204 872;Internasjonale relasjoner, bachelor;Bodø;SAMFUNN;2026;0
Førstegangsvitnemålskvote;NORD;Suppleringsopptak;204 872;Internasjonale relasjoner, bachelor;Bodø;SAMFUNN;2026;0
Ordinær kvote;NORD;Suppleringsopptak;204 872;Internasjonale relasjoner, bachelor;Bodø;SAMFUNN;2026;0
Førstegangsvitnemålskvote;UIO;Hovedopptak;185 872;Internasjonale studier;Oslo;SAMFUNN;2026;54.1
Ordinær kvote;UIO;Hovedopptak;185 872;Internasjonale studier;Oslo;SAMFUNN;2026;60
Førstegangsvitnemålskvote;UIO;Suppleringsopptak;185 872;Internasjonale studier;Oslo;SAMFUNN;2026;54.1
Ordinær kvote;UIO;Suppleringsopptak;185 872;Internasjonale studier;Oslo;SAMFUNN;2026;60
Førstegangsvitnemålskvote;INN;Hovedopptak;209 288;Internasjonale studier , årsstudium;Lillehammer;SAMFUNN;2026;0
Ordinær kvote;INN;Hovedopptak;209 288;Internasjonale studier , årsstudium;Lillehammer;SAMFUNN;2026;0
Førstegangsvitnemålskvote;INN;Suppleringsopptak;209 288;Internasjonale studier , årsstudium;Lillehammer;SAMFUNN;2026;0
Ordinær kvote;INN;Suppleringsopptak;209 288;Internasjonale studier , årsstudium;Lillehammer;SAMFUNN;2026;0
Førstegangsvitnemålskvote;INN;Hovedopptak;209 872;Internasjonale studier , bachelor;Lillehammer;SAMFUNN;2026;0
Ordinær kvote;INN;Hovedopptak;209 872;Internasjonale studier , bachelor;Lillehammer;SAMFUNN;2026;0
Førstegangsvitnemålskvote;INN;Suppleringsopptak;209 872;Internasjonale studier , bachelor;Lillehammer;SAMFUNN;2026;0
Ordinær kvote;INN;Suppleringsopptak;209 872;Internasjonale studier , bachelor;Lillehammer;SAMFUNN;2026;0
Førstegangsvitnemålskvote;HIM;Hovedopptak;211 189;IT;Molde;INFOTEKN;2026;0
Ordinær kvote;HIM;Hovedopptak;211 189;IT;Molde;INFOTEKN;2026;0
Førstegangsvitnemålskvote;HIM;Suppleringsopptak;211 189;IT;Molde;INFOTEKN;2026;0
Ordinær kvote;HIM;Suppleringsopptak;211 189;IT;Molde;INFOTEKN;2026;0
Førstegangsvitnemålskvote;HIM;Hovedopptak;211 449;IT og digitalisering;Molde;INFOTEKN;2026;0
Ordinær kvote;HIM;Hovedopptak;211 449;IT og digitalisering;Molde;INFOTEKN;2026;0
Førstegangsvitnemålskvote;HIM;Suppleringsopptak;211 449;IT og digitalisering;Molde;INFOTEKN;2026;0
Ordinær kvote;HIM;Suppleringsopptak;211 449;IT og digitalisering;Molde;INFOTEKN;2026;0
Førstegangsvitnemålskvote;UIA;Hovedopptak;201 189;IT og informasjonssystemer, årsstudium;Kristiansand;INFOTEKN;2026;0
Ordinær kvote;UIA;Hovedopptak;201 189;IT og informasjonssystemer, årsstudium;Kristiansand;INFOTEKN;2026;0
Førstegangsvitnemålskvote;UIA;Suppleringsopptak;201 189;IT og informasjonssystemer, årsstudium;Kristiansand;INFOTEKN;2026;0
Ordinær kvote;UIA;Suppleringsopptak;201 189;IT og informasjonssystemer, årsstudium;Kristiansand;INFOTEKN;2026;0
Førstegangsvitnemålskvote;UIA;Hovedopptak;201 260;IT og informasjonssystemer, bachelor;Kristiansand;INFOTEKN;2026;33.8
Ordinær kvote;UIA;Hovedopptak;201 260;IT og informasjonssystemer, bachelor;Kristiansand;INFOTEKN;2026;41.2
Førstegangsvitnemålskvote;UIA;Suppleringsopptak;201 260;IT og informasjonssystemer, bachelor;Kristiansand;INFOTEKN;2026;33.8
Ordinær kvote;UIA;Suppleringsopptak;201 260;IT og informasjonssystemer, bachelor;Kristiansand;INFOTEKN;2026;41.2
Førstegangsvitnemålskvote;USN;Hovedopptak;222 449;IT og informasjonssystemer, Bø;Midt-Telemark;INFOTEKN;2026;0
Ordinær kvote;USN;Hovedopptak;222 449;IT og informasjonssystemer, Bø;Midt-Telemark;INFOTEKN;2026;0
Førstegangsvitnemålskvote;USN;Suppleringsopptak;222 449;IT og informasjonssystemer, Bø;Midt-Telemark;INFOTEKN;2026;0
Ordinær kvote;USN;Suppleringsopptak;222 449;IT og informasjonssystemer, Bø;Midt-Telemark;INFOTEKN;2026;0
Førstegangsvitnemålskvote;USN;Hovedopptak;222 189;IT og informasjonssystemer, Hallingdal;Gol;INFOTEKN;2026;0
Ordinær kvote;USN;Hovedopptak;222 189;IT og informasjonssystemer, Hallingdal;Gol;INFOTEKN;2026;0
Førstegangsvitnemålskvote;USN;Suppleringsopptak;222 189;IT og informasjonssystemer, Hallingdal;Gol;INFOTEKN;2026;0
Ordinær kvote;USN;Suppleringsopptak;222 189;IT og informasjonssystemer, Hallingdal;Gol;INFOTEKN;2026;0
Førstegangsvitnemålskvote;USN;Hovedopptak;222 395;IT og informasjonssystemer, Hønefoss;Hønefoss;INFOTEKN;2026;0
Ordinær kvote;USN;Hovedopptak;222 395;IT og informasjonssystemer, Hønefoss;Hønefoss;INFOTEKN;2026;0
Førstegangsvitnemålskvote;USN;Suppleringsopptak;222 395;IT og informasjonssystemer, Hønefoss;Hønefoss;INFOTEKN;2026;0
Ordinær kvote;USN;Suppleringsopptak;222 395;IT og informasjonssystemer, Hønefoss;Hønefoss;INFOTEKN;2026;0
Førstegangsvitnemålskvote;USN;Hovedopptak;222 955;IT og ledelse;Horten;INFOTEKN;2026;0
Ordinær kvote;USN;Hovedopptak;222 955;IT og ledelse;Horten;INFOTEKN;2026;38
Førstegangsvitnemålskvote;USN;Suppleringsopptak;222 955;IT og ledelse;Horten;INFOTEKN;2026;0
Ordinær kvote;USN;Suppleringsopptak;222 955;IT og ledelse;Horten;INFOTEKN;2026;38
Førstegangsvitnemålskvote;HIM;Hovedopptak;211 187;IT, nettbasert;Molde;INFOTEKN;2026;0
Ordinær kvote;HIM;Hovedopptak;211 187;IT, nettbasert;Molde;INFOTEKN;2026;0
Førstegangsvitnemålskvote;HIM;Suppleringsopptak;211 187;IT, nettbasert;Molde;INFOTEKN;2026;0
Ordinær kvote;HIM;Suppleringsopptak;211 187;IT, nettbasert;Molde;INFOTEKN;2026;0
Førstegangsvitnemålskvote;UIB;Hovedopptak;184 565;Italiensk;Bergen;SPRÅK;2026;0
Ordinær kvote;UIB;Hovedopptak;184 565;Italiensk;Bergen;SPRÅK;2026;0
Førstegangsvitnemålskvote;UIB;Suppleringsopptak;184 565;Italiensk;Bergen;SPRÅK;2026;0
Ordinær kvote;UIB;Suppleringsopptak;184 565;Italiensk;Bergen;SPRÅK;2026;0
Førstegangsvitnemålskvote;UIO;Hovedopptak;185 950;Italiensk, årsstudium;Oslo;SPRÅK;2026;0
Ordinær kvote;UIO;Hovedopptak;185 950;Italiensk, årsstudium;Oslo;SPRÅK;2026;56.5
Førstegangsvitnemålskvote;UIO;Suppleringsopptak;185 950;Italiensk, årsstudium;Oslo;SPRÅK;2026;0
Ordinær kvote;UIO;Suppleringsopptak;185 950;Italiensk, årsstudium;Oslo;SPRÅK;2026;56.5
Førstegangsvitnemålskvote;UIO;Hovedopptak;185 565;Italiensk, bachelor;Oslo;SPRÅK;2026;0
Ordinær kvote;UIO;Hovedopptak;185 565;Italiensk, bachelor;Oslo;SPRÅK;2026;45.8
Førstegangsvitnemålskvote;UIO;Suppleringsopptak;185 565;Italiensk, bachelor;Oslo;SPRÅK;2026;0
Ordinær kvote;UIO;Suppleringsopptak;185 565;Italiensk, bachelor;Oslo;SPRÅK;2026;45.8
Førstegangsvitnemålskvote;INN;Hovedopptak;209 172;Jakt, fiske og naturveiledning;Stor-Elvdal;LANDOGHAVBRUK;2026;0
Ordinær kvote;INN;Hovedopptak;209 172;Jakt, fiske og naturveiledning;Stor-Elvdal;LANDOGHAVBRUK;2026;0
Førstegangsvitnemålskvote;INN;Suppleringsopptak;209 172;Jakt, fiske og naturveiledning;Stor-Elvdal;LANDOGHAVBRUK;2026;0
Ordinær kvote;INN;Suppleringsopptak;209 172;Jakt, fiske og naturveiledning;Stor-Elvdal;LANDOGHAVBRUK;2026;0
Førstegangsvitnemålskvote;UIO;Hovedopptak;185 582;Japan-studier med japansk;Oslo;SPRÅK;2026;0
Ordinær kvote;UIO;Hovedopptak;185 582;Japan-studier med japansk;Oslo;SPRÅK;2026;42.9
Førstegangsvitnemålskvote;UIO;Suppleringsopptak;185 582;Japan-studier med japansk;Oslo;SPRÅK;2026;0
Ordinær kvote;UIO;Suppleringsopptak;185 582;Japan-studier med japansk;Oslo;SPRÅK;2026;42
Førstegangsvitnemålskvote;UIB;Hovedopptak;184 582;Japansk;Bergen;SPRÅK;2026;0
Ordinær kvote;UIB;Hovedopptak;184 582;Japansk;Bergen;SPRÅK;2026;0
Førstegangsvitnemålskvote;UIB;Suppleringsopptak;184 582;Japansk;Bergen;SPRÅK;2026;0
Ordinær kvote;UIB;Suppleringsopptak;184 582;Japansk;Bergen;SPRÅK;2026;0
Førstegangsvitnemålskvote;INN;Hovedopptak;209 730;Jordbruk;Hamar;LANDOGHAVBRUK;2026;0
Ordinær kvote;INN;Hovedopptak;209 730;Jordbruk;Hamar;LANDOGHAVBRUK;2026;0
Førstegangsvitnemålskvote;INN;Suppleringsopptak;209 730;Jordbruk;Hamar;LANDOGHAVBRUK;2026;0
Ordinær kvote;INN;Suppleringsopptak;209 730;Jordbruk;Hamar;LANDOGHAVBRUK;2026;0
Førstegangsvitnemålskvote;INN;Hovedopptak;209 733;Jordbruk, deltid;Hamar;LANDOGHAVBRUK;2026;0
Ordinær kvote;INN;Hovedopptak;209 733;Jordbruk, deltid;Hamar;LANDOGHAVBRUK;2026;0
Førstegangsvitnemålskvote;INN;Suppleringsopptak;209 733;Jordbruk, deltid;Hamar;LANDOGHAVBRUK;2026;0
Ordinær kvote;INN;Suppleringsopptak;209 733;Jordbruk, deltid;Hamar;LANDOGHAVBRUK;2026;0
Førstegangsvitnemålskvote;UIB;Hovedopptak;184 454;Journalistikk;Bergen;MEDIEFAG;2026;52.7
Ordinær kvote;UIB;Hovedopptak;184 454;Journalistikk;Bergen;MEDIEFAG;2026;57.3
Førstegangsvitnemålskvote;UIB;Suppleringsopptak;184 454;Journalistikk;Bergen;MEDIEFAG;2026;52.2
Ordinær kvote;UIB;Suppleringsopptak;184 454;Journalistikk;Bergen;MEDIEFAG;2026;57.3
Førstegangsvitnemålskvote;NORD;Hovedopptak;204 454;Journalistikk;Bodø;MEDIEFAG;2026;0
Ordinær kvote;NORD;Hovedopptak;204 454;Journalistikk;Bodø;MEDIEFAG;2026;0
Førstegangsvitnemålskvote;NORD;Suppleringsopptak;204 454;Journalistikk;Bodø;MEDIEFAG;2026;0
Ordinær kvote;NORD;Suppleringsopptak;204 454;Journalistikk;Bodø;MEDIEFAG;2026;0
Førstegangsvitnemålskvote;OSLOMET;Hovedopptak;215 454;Journalistikk;Oslo;MEDIEFAG;2026;46.1
Ordinær kvote;OSLOMET;Hovedopptak;215 454;Journalistikk;Oslo;MEDIEFAG;2026;55.1
Førstegangsvitnemålskvote;OSLOMET;Suppleringsopptak;215 454;Journalistikk;Oslo;MEDIEFAG;2026;46
Ordinær kvote;OSLOMET;Suppleringsopptak;215 454;Journalistikk;Oslo;MEDIEFAG;2026;54.7
Førstegangsvitnemålskvote;UIS;Hovedopptak;217 454;Journalistikk;Stavanger;MEDIEFAG;2026;44.4
Ordinær kvote;UIS;Hovedopptak;217 454;Journalistikk;Stavanger;MEDIEFAG;2026;45.5
Førstegangsvitnemålskvote;UIS;Suppleringsopptak;217 454;Journalistikk;Stavanger;MEDIEFAG;2026;44.4
Ordinær kvote;UIS;Suppleringsopptak;217 454;Journalistikk;Stavanger;MEDIEFAG;2026;45.1
Førstegangsvitnemålskvote;HVO;Hovedopptak;223 454;Journalistikk;Volda;MEDIEFAG;2026;44.6
Ordinær kvote;HVO;Hovedopptak;223 454;Journalistikk;Volda;MEDIEFAG;2026;47.8
Førstegangsvitnemålskvote;HVO;Suppleringsopptak;223 454;Journalistikk;Volda;MEDIEFAG;2026;44.4
Ordinær kvote;HVO;Suppleringsopptak;223 454;Journalistikk;Volda;MEDIEFAG;2026;47.8
Førstegangsvitnemålskvote;NLA;Hovedopptak;254 604;Journalistikk, årsstudium;Kristiansand;MEDIEFAG;2026;0
Ordinær kvote;NLA;Hovedopptak;254 604;Journalistikk, årsstudium;Kristiansand;MEDIEFAG;2026;0
Førstegangsvitnemålskvote;NLA;Suppleringsopptak;254 604;Journalistikk, årsstudium;Kristiansand;MEDIEFAG;2026;0
Ordinær kvote;NLA;Suppleringsopptak;254 604;Journalistikk, årsstudium;Kristiansand;MEDIEFAG;2026;0
Førstegangsvitnemålskvote;NLA;Hovedopptak;254 454;Journalistikk, bachelor;Kristiansand;MEDIEFAG;2026;0
Ordinær kvote;NLA;Hovedopptak;254 454;Journalistikk, bachelor;Kristiansand;MEDIEFAG;2026;0
Førstegangsvitnemålskvote;NLA;Suppleringsopptak;254 454;Journalistikk, bachelor;Kristiansand;MEDIEFAG;2026;0
Ordinær kvote;NLA;Suppleringsopptak;254 454;Journalistikk, bachelor;Kristiansand;MEDIEFAG;2026;0
Førstegangsvitnemålskvote;USN;Hovedopptak;222 526;Jus;Hønefoss;JUS;2026;49.6
Ordinær kvote;USN;Hovedopptak;222 526;Jus;Hønefoss;JUS;2026;55.5
Førstegangsvitnemålskvote;USN;Suppleringsopptak;222 526;Jus;Hønefoss;JUS;2026;49.6
Ordinær kvote;USN;Suppleringsopptak;222 526;Jus;Hønefoss;JUS;2026;55.5
Førstegangsvitnemålskvote;HVL;Hovedopptak;203 246;Jus;Sogndal;JUS;2026;0
Ordinær kvote;HVL;Hovedopptak;203 246;Jus;Sogndal;JUS;2026;0
Førstegangsvitnemålskvote;HVL;Suppleringsopptak;203 246;Jus;Sogndal;JUS;2026;0
Ordinær kvote;HVL;Suppleringsopptak;203 246;Jus;Sogndal;JUS;2026;0
Førstegangsvitnemålskvote;HIM;Hovedopptak;211 218;Juss og økonomi;Kristiansund;ØKADM;2026;0
Ordinær kvote;HIM;Hovedopptak;211 218;Juss og økonomi;Kristiansund;ØKADM;2026;0
Førstegangsvitnemålskvote;HIM;Suppleringsopptak;211 218;Juss og økonomi;Kristiansund;ØKADM;2026;0
Ordinær kvote;HIM;Suppleringsopptak;211 218;Juss og økonomi;Kristiansund;ØKADM;2026;0
Førstegangsvitnemålskvote;UIO;Hovedopptak;185 592;Kina-studier med kinesisk;Oslo;SPRÅK;2026;0
Ordinær kvote;UIO;Hovedopptak;185 592;Kina-studier med kinesisk;Oslo;SPRÅK;2026;0
Førstegangsvitnemålskvote;UIO;Suppleringsopptak;185 592;Kina-studier med kinesisk;Oslo;SPRÅK;2026;0
Ordinær kvote;UIO;Suppleringsopptak;185 592;Kina-studier med kinesisk;Oslo;SPRÅK;2026;0
Førstegangsvitnemålskvote;UIB;Hovedopptak;184 592;Kinesisk;Bergen;SPRÅK;2026;0
Ordinær kvote;UIB;Hovedopptak;184 592;Kinesisk;Bergen;SPRÅK;2026;0
Førstegangsvitnemålskvote;UIB;Suppleringsopptak;184 592;Kinesisk;Bergen;SPRÅK;2026;0
Ordinær kvote;UIB;Suppleringsopptak;184 592;Kinesisk;Bergen;SPRÅK;2026;0
Førstegangsvitnemålskvote;NMBU;Hovedopptak;192 332;Kjemi;Ås;REALFAG;2026;0
Ordinær kvote;NMBU;Hovedopptak;192 332;Kjemi;Ås;REALFAG;2026;0
Førstegangsvitnemålskvote;NMBU;Suppleringsopptak;192 332;Kjemi;Ås;REALFAG;2026;0
Ordinær kvote;NMBU;Suppleringsopptak;192 332;Kjemi;Ås;REALFAG;2026;0
Førstegangsvitnemålskvote;UIB;Hovedopptak;184 860;Kjemi;Bergen;REALFAG;2026;0
Ordinær kvote;UIB;Hovedopptak;184 860;Kjemi;Bergen;REALFAG;2026;0
Førstegangsvitnemålskvote;UIB;Suppleringsopptak;184 860;Kjemi;Bergen;REALFAG;2026;0
Ordinær kvote;UIB;Suppleringsopptak;184 860;Kjemi;Bergen;REALFAG;2026;0
Førstegangsvitnemålskvote;NTNU;Hovedopptak;194 860;Kjemi;Trondheim;REALFAG;2026;0
Ordinær kvote;NTNU;Hovedopptak;194 860;Kjemi;Trondheim;REALFAG;2026;0
Førstegangsvitnemålskvote;NTNU;Suppleringsopptak;194 860;Kjemi;Trondheim;REALFAG;2026;0
Ordinær kvote;NTNU;Suppleringsopptak;194 860;Kjemi;Trondheim;REALFAG;2026;0
Førstegangsvitnemålskvote;UIO;Hovedopptak;185 860;Kjemi og biokjemi;Oslo;REALFAG;2026;0
Ordinær kvote;UIO;Hovedopptak;185 860;Kjemi og biokjemi;Oslo;REALFAG;2026;0
Førstegangsvitnemålskvote;UIO;Suppleringsopptak;185 860;Kjemi og biokjemi;Oslo;REALFAG;2026;0
Ordinær kvote;UIO;Suppleringsopptak;185 860;Kjemi og biokjemi;Oslo;REALFAG;2026;0
Førstegangsvitnemålskvote;NMBU;Hovedopptak;192 783;Kjemi og bioteknologi;Ås;TEKNO - SIVING;2026;49
Ordinær kvote;NMBU;Hovedopptak;192 783;Kjemi og bioteknologi;Ås;TEKNO - SIVING;2026;55.9
Førstegangsvitnemålskvote;NMBU;Suppleringsopptak;192 783;Kjemi og bioteknologi;Ås;TEKNO - SIVING;2026;49
Ordinær kvote;NMBU;Suppleringsopptak;192 783;Kjemi og bioteknologi;Ås;TEKNO - SIVING;2026;55.9
Førstegangsvitnemålskvote;UIO;Hovedopptak;185 121;Kjernefysikk og nukleærteknologi;Oslo;REALFAG;2026;50.2
Ordinær kvote;UIO;Hovedopptak;185 121;Kjernefysikk og nukleærteknologi;Oslo;REALFAG;2026;53
Førstegangsvitnemålskvote;UIO;Suppleringsopptak;185 121;Kjernefysikk og nukleærteknologi;Oslo;REALFAG;2026;50.2
Ordinær kvote;UIO;Suppleringsopptak;185 121;Kjernefysikk og nukleærteknologi;Oslo;REALFAG;2026;53
Førstegangsvitnemålskvote;UIB;Hovedopptak;184 222;Kjønn, seksualitet og mangfold, årsstudium;Bergen;HISTORIE;2026;0
Ordinær kvote;UIB;Hovedopptak;184 222;Kjønn, seksualitet og mangfold, årsstudium;Bergen;HISTORIE;2026;0
Førstegangsvitnemålskvote;UIB;Suppleringsopptak;184 222;Kjønn, seksualitet og mangfold, årsstudium;Bergen;HISTORIE;2026;0
Ordinær kvote;UIB;Suppleringsopptak;184 222;Kjønn, seksualitet og mangfold, årsstudium;Bergen;HISTORIE;2026;0
Førstegangsvitnemålskvote;UIB;Hovedopptak;184 873;Kjønn, seksualitet og mangfold, bachelor;Bergen;HISTORIE;2026;0
Ordinær kvote;UIB;Hovedopptak;184 873;Kjønn, seksualitet og mangfold, bachelor;Bergen;HISTORIE;2026;0
Førstegangsvitnemålskvote;UIB;Suppleringsopptak;184 873;Kjønn, seksualitet og mangfold, bachelor;Bergen;HISTORIE;2026;0
Ordinær kvote;UIB;Suppleringsopptak;184 873;Kjønn, seksualitet og mangfold, bachelor;Bergen;HISTORIE;2026;0
Førstegangsvitnemålskvote;UIB;Hovedopptak;184 455;Klassisk filologi;Bergen;SPRÅK;2026;0
Ordinær kvote;UIB;Hovedopptak;184 455;Klassisk filologi;Bergen;SPRÅK;2026;0
Førstegangsvitnemålskvote;UIB;Suppleringsopptak;184 455;Klassisk filologi;Bergen;SPRÅK;2026;0
Ordinær kvote;UIB;Suppleringsopptak;184 455;Klassisk filologi;Bergen;SPRÅK;2026;0
Førstegangsvitnemålskvote;UIO;Hovedopptak;185 459;Klassiske språk;Oslo;SPRÅK;2026;0
Ordinær kvote;UIO;Hovedopptak;185 459;Klassiske språk;Oslo;SPRÅK;2026;47.1
Førstegangsvitnemålskvote;UIO;Suppleringsopptak;185 459;Klassiske språk;Oslo;SPRÅK;2026;0
Ordinær kvote;UIO;Suppleringsopptak;185 459;Klassiske språk;Oslo;SPRÅK;2026;47.1
Førstegangsvitnemålskvote;UIO;Hovedopptak;185 314;Klima, miljø og menneske;Oslo;SAMFUNN;2026;31.6
Ordinær kvote;UIO;Hovedopptak;185 314;Klima, miljø og menneske;Oslo;SAMFUNN;2026;49.1
Førstegangsvitnemålskvote;UIO;Suppleringsopptak;185 314;Klima, miljø og menneske;Oslo;SAMFUNN;2026;0
Ordinær kvote;UIO;Suppleringsopptak;185 314;Klima, miljø og menneske;Oslo;SAMFUNN;2026;46.8
Førstegangsvitnemålskvote;UIO;Hovedopptak;185 713;Klinisk ernæring;Oslo;HELSEFAG - ERNÆRING;2026;0
Ordinær kvote;UIO;Hovedopptak;185 713;Klinisk ernæring;Oslo;HELSEFAG - ERNÆRING;2026;56.2
Førstegangsvitnemålskvote;UIO;Suppleringsopptak;185 713;Klinisk ernæring;Oslo;HELSEFAG - ERNÆRING;2026;0
Ordinær kvote;UIO;Suppleringsopptak;185 713;Klinisk ernæring;Oslo;HELSEFAG - ERNÆRING;2026;56.2
Førstegangsvitnemålskvote;UIB;Hovedopptak;184 837;Kognitiv vitenskap;Bergen;INFOTEKN;2026;48.1
Ordinær kvote;UIB;Hovedopptak;184 837;Kognitiv vitenskap;Bergen;INFOTEKN;2026;52.3
Førstegangsvitnemålskvote;UIB;Suppleringsopptak;184 837;Kognitiv vitenskap;Bergen;INFOTEKN;2026;48.1
Ordinær kvote;UIB;Suppleringsopptak;184 837;Kognitiv vitenskap;Bergen;INFOTEKN;2026;52
Førstegangsvitnemålskvote;UIS;Hovedopptak;217 177;Kommunikasjon;Stavanger;MEDIEFAG;2026;0
Ordinær kvote;UIS;Hovedopptak;217 177;Kommunikasjon;Stavanger;MEDIEFAG;2026;44.3
Førstegangsvitnemålskvote;UIS;Suppleringsopptak;217 177;Kommunikasjon;Stavanger;MEDIEFAG;2026;0
Ordinær kvote;UIS;Suppleringsopptak;217 177;Kommunikasjon;Stavanger;MEDIEFAG;2026;0
Førstegangsvitnemålskvote;HIØ;Hovedopptak;224 088;Kommunikasjon, årsstudium;Halden;MEDIEFAG;2026;0
Ordinær kvote;HIØ;Hovedopptak;224 088;Kommunikasjon, årsstudium;Halden;MEDIEFAG;2026;0
Førstegangsvitnemålskvote;HIØ;Suppleringsopptak;224 088;Kommunikasjon, årsstudium;Halden;MEDIEFAG;2026;0
Ordinær kvote;HIØ;Suppleringsopptak;224 088;Kommunikasjon, årsstudium;Halden;MEDIEFAG;2026;0
Førstegangsvitnemålskvote;HIØ;Hovedopptak;224 455;Kommunikasjon, bachelor;Halden;MEDIEFAG;2026;0
Ordinær kvote;HIØ;Hovedopptak;224 455;Kommunikasjon, bachelor;Halden;MEDIEFAG;2026;0
Førstegangsvitnemålskvote;HIØ;Suppleringsopptak;224 455;Kommunikasjon, bachelor;Halden;MEDIEFAG;2026;0
Ordinær kvote;HIØ;Suppleringsopptak;224 455;Kommunikasjon, bachelor;Halden;MEDIEFAG;2026;0
Førstegangsvitnemålskvote;UIA;Hovedopptak;201 794;Kommunikasjon, kommunikasjon og medier, årsstudium;Kristiansand;MEDIEFAG;2026;0
Ordinær kvote;UIA;Hovedopptak;201 794;Kommunikasjon, kommunikasjon og medier, årsstudium;Kristiansand;MEDIEFAG;2026;0
Førstegangsvitnemålskvote;UIA;Suppleringsopptak;201 794;Kommunikasjon, kommunikasjon og medier, årsstudium;Kristiansand;MEDIEFAG;2026;0
Ordinær kvote;UIA;Suppleringsopptak;201 794;Kommunikasjon, kommunikasjon og medier, årsstudium;Kristiansand;MEDIEFAG;2026;0
Førstegangsvitnemålskvote;UIA;Hovedopptak;201 850;Kommunikasjon, kommunikasjon og medier, bachelor;Kristiansand;MEDIEFAG;2026;38.8
Ordinær kvote;UIA;Hovedopptak;201 850;Kommunikasjon, kommunikasjon og medier, bachelor;Kristiansand;MEDIEFAG;2026;35.5
Førstegangsvitnemålskvote;UIA;Suppleringsopptak;201 850;Kommunikasjon, kommunikasjon og medier, bachelor;Kristiansand;MEDIEFAG;2026;38.8
Ordinær kvote;UIA;Suppleringsopptak;201 850;Kommunikasjon, kommunikasjon og medier, bachelor;Kristiansand;MEDIEFAG;2026;35.5
Førstegangsvitnemålskvote;NLA;Hovedopptak;254 088;Kommunikasjon, livssyn, kristen apologetikk;Kristiansand;HISTORIE;2026;0
Ordinær kvote;NLA;Hovedopptak;254 088;Kommunikasjon, livssyn, kristen apologetikk;Kristiansand;HISTORIE;2026;0
Førstegangsvitnemålskvote;NLA;Suppleringsopptak;254 088;Kommunikasjon, livssyn, kristen apologetikk;Kristiansand;HISTORIE;2026;0
Ordinær kvote;NLA;Suppleringsopptak;254 088;Kommunikasjon, livssyn, kristen apologetikk;Kristiansand;HISTORIE;2026;0
Førstegangsvitnemålskvote;UIA;Hovedopptak;201 663;Kommunikasjon, medieproduksjon, årsstudium;Kristiansand;MEDIEFAG;2026;0
Ordinær kvote;UIA;Hovedopptak;201 663;Kommunikasjon, medieproduksjon, årsstudium;Kristiansand;MEDIEFAG;2026;50
Førstegangsvitnemålskvote;UIA;Suppleringsopptak;201 663;Kommunikasjon, medieproduksjon, årsstudium;Kristiansand;MEDIEFAG;2026;0
Ordinær kvote;UIA;Suppleringsopptak;201 663;Kommunikasjon, medieproduksjon, årsstudium;Kristiansand;MEDIEFAG;2026;50
Førstegangsvitnemålskvote;UIA;Hovedopptak;201 851;Kommunikasjon, medieproduksjon, bachelor;Kristiansand;MEDIEFAG;2026;42.1
Ordinær kvote;UIA;Hovedopptak;201 851;Kommunikasjon, medieproduksjon, bachelor;Kristiansand;MEDIEFAG;2026;44.3
Førstegangsvitnemålskvote;UIA;Suppleringsopptak;201 851;Kommunikasjon, medieproduksjon, bachelor;Kristiansand;MEDIEFAG;2026;42.1
Ordinær kvote;UIA;Suppleringsopptak;201 851;Kommunikasjon, medieproduksjon, bachelor;Kristiansand;MEDIEFAG;2026;44.3
Førstegangsvitnemålskvote;UIO;Hovedopptak;185 751;Kriminologi, årsstudium;Oslo;SAMFUNN;2026;52.5
Ordinær kvote;UIO;Hovedopptak;185 751;Kriminologi, årsstudium;Oslo;SAMFUNN;2026;62.7
Førstegangsvitnemålskvote;UIO;Suppleringsopptak;185 751;Kriminologi, årsstudium;Oslo;SAMFUNN;2026;52.1
Ordinær kvote;UIO;Suppleringsopptak;185 751;Kriminologi, årsstudium;Oslo;SAMFUNN;2026;62.6
Førstegangsvitnemålskvote;UIO;Hovedopptak;185 874;Kriminologi, bachelor;Oslo;SAMFUNN;2026;53.2
Ordinær kvote;UIO;Hovedopptak;185 874;Kriminologi, bachelor;Oslo;SAMFUNN;2026;60.5
Førstegangsvitnemålskvote;UIO;Suppleringsopptak;185 874;Kriminologi, bachelor;Oslo;SAMFUNN;2026;52.9
Ordinær kvote;UIO;Suppleringsopptak;185 874;Kriminologi, bachelor;Oslo;SAMFUNN;2026;60.2
Førstegangsvitnemålskvote;INN;Hovedopptak;209 239;Krisehåndtering, deltid;Åmot;SAMFUNN;2026;0
Ordinær kvote;INN;Hovedopptak;209 239;Krisehåndtering, deltid;Åmot;SAMFUNN;2026;51.3
Førstegangsvitnemålskvote;INN;Suppleringsopptak;209 239;Krisehåndtering, deltid;Åmot;SAMFUNN;2026;0
Ordinær kvote;INN;Suppleringsopptak;209 239;Krisehåndtering, deltid;Åmot;SAMFUNN;2026;51.3
Førstegangsvitnemålskvote;UIO;Hovedopptak;185 626;Kristendom og islam;Oslo;HISTORIE;2026;0
Ordinær kvote;UIO;Hovedopptak;185 626;Kristendom og islam;Oslo;HISTORIE;2026;0
Førstegangsvitnemålskvote;UIO;Suppleringsopptak;185 626;Kristendom og islam;Oslo;HISTORIE;2026;0
Ordinær kvote;UIO;Suppleringsopptak;185 626;Kristendom og islam;Oslo;HISTORIE;2026;0
Førstegangsvitnemålskvote;FIH;Hovedopptak;258 329;Kristendom, religion, livssyn og etikk (KRLE);Oslo;HISTORIE;2026;0
Ordinær kvote;FIH;Hovedopptak;258 329;Kristendom, religion, livssyn og etikk (KRLE);Oslo;HISTORIE;2026;0
Førstegangsvitnemålskvote;FIH;Suppleringsopptak;258 329;Kristendom, religion, livssyn og etikk (KRLE);Oslo;HISTORIE;2026;0
Ordinær kvote;FIH;Suppleringsopptak;258 329;Kristendom, religion, livssyn og etikk (KRLE);Oslo;HISTORIE;2026;0
Førstegangsvitnemålskvote;NLA;Hovedopptak;254 196;Kristendom, religion, livssyn og etikk (KRLE), Bergen;Bergen;HISTORIE;2026;0
Ordinær kvote;NLA;Hovedopptak;254 196;Kristendom, religion, livssyn og etikk (KRLE), Bergen;Bergen;HISTORIE;2026;0
Førstegangsvitnemålskvote;NLA;Suppleringsopptak;254 196;Kristendom, religion, livssyn og etikk (KRLE), Bergen;Bergen;HISTORIE;2026;0
Ordinær kvote;NLA;Suppleringsopptak;254 196;Kristendom, religion, livssyn og etikk (KRLE), Bergen;Bergen;HISTORIE;2026;0
Førstegangsvitnemålskvote;NLA;Hovedopptak;254 910;Kristendom, religion, livssyn og etikk (KRLE), Bergen, nettbasert;Bergen;HISTORIE;2026;0
Ordinær kvote;NLA;Hovedopptak;254 910;Kristendom, religion, livssyn og etikk (KRLE), Bergen, nettbasert;Bergen;HISTORIE;2026;0
Førstegangsvitnemålskvote;NLA;Suppleringsopptak;254 910;Kristendom, religion, livssyn og etikk (KRLE), Bergen, nettbasert;Bergen;HISTORIE;2026;0
Ordinær kvote;NLA;Suppleringsopptak;254 910;Kristendom, religion, livssyn og etikk (KRLE), Bergen, nettbasert;Bergen;HISTORIE;2026;0
Førstegangsvitnemålskvote;FIH;Hovedopptak;258 910;Kristendom, religion, livssyn og etikk (KRLE), deltid;Oslo;HISTORIE;2026;0
Ordinær kvote;FIH;Hovedopptak;258 910;Kristendom, religion, livssyn og etikk (KRLE), deltid;Oslo;HISTORIE;2026;0
Førstegangsvitnemålskvote;FIH;Suppleringsopptak;258 910;Kristendom, religion, livssyn og etikk (KRLE), deltid;Oslo;HISTORIE;2026;0
Ordinær kvote;FIH;Suppleringsopptak;258 910;Kristendom, religion, livssyn og etikk (KRLE), deltid;Oslo;HISTORIE;2026;0
Førstegangsvitnemålskvote;NLA;Hovedopptak;254 329;Kristendom, religion, livssyn og etikk (KRLE), Oslo;Oslo;HISTORIE;2026;0
Ordinær kvote;NLA;Hovedopptak;254 329;Kristendom, religion, livssyn og etikk (KRLE), Oslo;Oslo;HISTORIE;2026;0
Førstegangsvitnemålskvote;NLA;Suppleringsopptak;254 329;Kristendom, religion, livssyn og etikk (KRLE), Oslo;Oslo;HISTORIE;2026;0
Ordinær kvote;NLA;Suppleringsopptak;254 329;Kristendom, religion, livssyn og etikk (KRLE), Oslo;Oslo;HISTORIE;2026;0
Førstegangsvitnemålskvote;HIØ;Hovedopptak;224 649;Kroppsøving og idrett;Halden;IDRETT;2026;0
Ordinær kvote;HIØ;Hovedopptak;224 649;Kroppsøving og idrett;Halden;IDRETT;2026;0
Førstegangsvitnemålskvote;HIØ;Suppleringsopptak;224 649;Kroppsøving og idrett;Halden;IDRETT;2026;0
Ordinær kvote;HIØ;Suppleringsopptak;224 649;Kroppsøving og idrett;Halden;IDRETT;2026;0
Førstegangsvitnemålskvote;INN;Hovedopptak;209 185;Kroppsøving og idrettsfag;Elverum;IDRETT;2026;0
Ordinær kvote;INN;Hovedopptak;209 185;Kroppsøving og idrettsfag;Elverum;IDRETT;2026;0
Førstegangsvitnemålskvote;INN;Suppleringsopptak;209 185;Kroppsøving og idrettsfag;Elverum;IDRETT;2026;0
Ordinær kvote;INN;Suppleringsopptak;209 185;Kroppsøving og idrettsfag;Elverum;IDRETT;2026;0
Førstegangsvitnemålskvote;NLA;Hovedopptak;254 508;Kroppsøving, Bergen;Bergen;IDRETT;2026;0
Ordinær kvote;NLA;Hovedopptak;254 508;Kroppsøving, Bergen;Bergen;IDRETT;2026;0
Førstegangsvitnemålskvote;NLA;Suppleringsopptak;254 508;Kroppsøving, Bergen;Bergen;IDRETT;2026;0
Ordinær kvote;NLA;Suppleringsopptak;254 508;Kroppsøving, Bergen;Bergen;IDRETT;2026;0
Førstegangsvitnemålskvote;NLA;Hovedopptak;254 507;Kroppsøving, Oslo;Oslo;IDRETT;2026;0
Ordinær kvote;NLA;Hovedopptak;254 507;Kroppsøving, Oslo;Oslo;IDRETT;2026;0
Førstegangsvitnemålskvote;NLA;Suppleringsopptak;254 507;Kroppsøving, Oslo;Oslo;IDRETT;2026;0
Ordinær kvote;NLA;Suppleringsopptak;254 507;Kroppsøving, Oslo;Oslo;IDRETT;2026;0
Førstegangsvitnemålskvote;UIO;Hovedopptak;185 308;Kultur og kommunikasjon;Oslo;SAMFUNN;2026;39.2
Ordinær kvote;UIO;Hovedopptak;185 308;Kultur og kommunikasjon;Oslo;SAMFUNN;2026;48.8
Førstegangsvitnemålskvote;UIO;Suppleringsopptak;185 308;Kultur og kommunikasjon;Oslo;SAMFUNN;2026;39.2
Ordinær kvote;UIO;Suppleringsopptak;185 308;Kultur og kommunikasjon;Oslo;SAMFUNN;2026;48.8
Førstegangsvitnemålskvote;UIO;Hovedopptak;185 904;Kulturarv- og konserveringsstudier;Oslo;HISTORIE;2026;39.3
Ordinær kvote;UIO;Hovedopptak;185 904;Kulturarv- og konserveringsstudier;Oslo;HISTORIE;2026;61
Førstegangsvitnemålskvote;UIO;Suppleringsopptak;185 904;Kulturarv- og konserveringsstudier;Oslo;HISTORIE;2026;39.3
Ordinær kvote;UIO;Suppleringsopptak;185 904;Kulturarv- og konserveringsstudier;Oslo;HISTORIE;2026;61
Førstegangsvitnemålskvote;UIO;Hovedopptak;185 200;Kulturhistorie;Oslo;HISTORIE;2026;0
Ordinær kvote;UIO;Hovedopptak;185 200;Kulturhistorie;Oslo;HISTORIE;2026;0
Førstegangsvitnemålskvote;UIO;Suppleringsopptak;185 200;Kulturhistorie;Oslo;HISTORIE;2026;0
Ordinær kvote;UIO;Suppleringsopptak;185 200;Kulturhistorie;Oslo;HISTORIE;2026;0
Førstegangsvitnemålskvote;USN;Hovedopptak;222 308;Kulturledelse;Midt-Telemark;SAMFUNN;2026;0
Ordinær kvote;USN;Hovedopptak;222 308;Kulturledelse;Midt-Telemark;SAMFUNN;2026;0
Førstegangsvitnemålskvote;USN;Suppleringsopptak;222 308;Kulturledelse;Midt-Telemark;SAMFUNN;2026;0
Ordinær kvote;USN;Suppleringsopptak;222 308;Kulturledelse;Midt-Telemark;SAMFUNN;2026;0
Førstegangsvitnemålskvote;NTNU;Hovedopptak;194 904;Kulturminneforvaltning og museum;Trondheim;HISTORIE;2026;0
Ordinær kvote;NTNU;Hovedopptak;194 904;Kulturminneforvaltning og museum;Trondheim;HISTORIE;2026;0
Førstegangsvitnemålskvote;NTNU;Suppleringsopptak;194 904;Kulturminneforvaltning og museum;Trondheim;HISTORIE;2026;0
Ordinær kvote;NTNU;Suppleringsopptak;194 904;Kulturminneforvaltning og museum;Trondheim;HISTORIE;2026;0
Førstegangsvitnemålskvote;UIB;Hovedopptak;184 200;Kulturvitenskap;Bergen;ESTETISK;2026;0
Ordinær kvote;UIB;Hovedopptak;184 200;Kulturvitenskap;Bergen;ESTETISK;2026;0
Førstegangsvitnemålskvote;UIB;Suppleringsopptak;184 200;Kulturvitenskap;Bergen;ESTETISK;2026;0
Ordinær kvote;UIB;Suppleringsopptak;184 200;Kulturvitenskap;Bergen;ESTETISK;2026;0
Førstegangsvitnemålskvote;OSLOMET;Hovedopptak;215 200;Kunst og design - kunst og formidling;Oslo;ESTETISK;2026;0
Ordinær kvote;OSLOMET;Hovedopptak;215 200;Kunst og design - kunst og formidling;Oslo;ESTETISK;2026;42
Førstegangsvitnemålskvote;OSLOMET;Suppleringsopptak;215 200;Kunst og design - kunst og formidling;Oslo;ESTETISK;2026;0
Ordinær kvote;OSLOMET;Suppleringsopptak;215 200;Kunst og design - kunst og formidling;Oslo;ESTETISK;2026;34.6
Førstegangsvitnemålskvote;OSLOMET;Hovedopptak;215 472;Kunst og design - mote og produksjon;Oslo;ESTETISK;2026;47.9
Ordinær kvote;OSLOMET;Hovedopptak;215 472;Kunst og design - mote og produksjon;Oslo;ESTETISK;2026;56.9
Førstegangsvitnemålskvote;OSLOMET;Suppleringsopptak;215 472;Kunst og design - mote og produksjon;Oslo;ESTETISK;2026;44.6
Ordinær kvote;OSLOMET;Suppleringsopptak;215 472;Kunst og design - mote og produksjon;Oslo;ESTETISK;2026;55.4
Førstegangsvitnemålskvote;USN;Hovedopptak;222 845;Kunst og design i samfunn - digital mediedesign;Notodden;ESTETISK;2026;0
Ordinær kvote;USN;Hovedopptak;222 845;Kunst og design i samfunn - digital mediedesign;Notodden;ESTETISK;2026;48.4
Førstegangsvitnemålskvote;USN;Suppleringsopptak;222 845;Kunst og design i samfunn - digital mediedesign;Notodden;ESTETISK;2026;0
Ordinær kvote;USN;Suppleringsopptak;222 845;Kunst og design i samfunn - digital mediedesign;Notodden;ESTETISK;2026;0
Førstegangsvitnemålskvote;USN;Hovedopptak;222 471;Kunst og design i samfunn - håndverk og design;Notodden;ESTETISK;2026;0
Ordinær kvote;USN;Hovedopptak;222 471;Kunst og design i samfunn - håndverk og design;Notodden;ESTETISK;2026;0
Førstegangsvitnemålskvote;USN;Suppleringsopptak;222 471;Kunst og design i samfunn - håndverk og design;Notodden;ESTETISK;2026;0
Ordinær kvote;USN;Suppleringsopptak;222 471;Kunst og design i samfunn - håndverk og design;Notodden;ESTETISK;2026;0
Førstegangsvitnemålskvote;USN;Hovedopptak;222 781;Kunst og design i samfunn - visuell kunst;Notodden;ESTETISK;2026;0
Ordinær kvote;USN;Hovedopptak;222 781;Kunst og design i samfunn - visuell kunst;Notodden;ESTETISK;2026;0
Førstegangsvitnemålskvote;USN;Suppleringsopptak;222 781;Kunst og design i samfunn - visuell kunst;Notodden;ESTETISK;2026;0
Ordinær kvote;USN;Suppleringsopptak;222 781;Kunst og design i samfunn - visuell kunst;Notodden;ESTETISK;2026;0
Førstegangsvitnemålskvote;NLA;Hovedopptak;254 642;Kunst og håndverk;Bergen;ESTETISK;2026;0
Ordinær kvote;NLA;Hovedopptak;254 642;Kunst og håndverk;Bergen;ESTETISK;2026;0
Førstegangsvitnemålskvote;NLA;Suppleringsopptak;254 642;Kunst og håndverk;Bergen;ESTETISK;2026;0
Ordinær kvote;NLA;Suppleringsopptak;254 642;Kunst og håndverk;Bergen;ESTETISK;2026;0
Førstegangsvitnemålskvote;UIS;Hovedopptak;217 642;Kunst og håndverk;Stavanger;ESTETISK;2026;0
Ordinær kvote;UIS;Hovedopptak;217 642;Kunst og håndverk;Stavanger;ESTETISK;2026;43.6
Førstegangsvitnemålskvote;UIS;Suppleringsopptak;217 642;Kunst og håndverk;Stavanger;ESTETISK;2026;0
Ordinær kvote;UIS;Suppleringsopptak;217 642;Kunst og håndverk;Stavanger;ESTETISK;2026;43.6
Førstegangsvitnemålskvote;HVL;Hovedopptak;203 505;Kunst og håndverk;Stord;ESTETISK;2026;0
Ordinær kvote;HVL;Hovedopptak;203 505;Kunst og håndverk;Stord;ESTETISK;2026;0
Førstegangsvitnemålskvote;HVL;Suppleringsopptak;203 505;Kunst og håndverk;Stord;ESTETISK;2026;0
Ordinær kvote;HVL;Suppleringsopptak;203 505;Kunst og håndverk;Stord;ESTETISK;2026;0
Førstegangsvitnemålskvote;HVL;Hovedopptak;203 472;Kunstfag - Musikk og visuell kunst;Stord;ESTETISK;2026;0
Ordinær kvote;HVL;Hovedopptak;203 472;Kunstfag - Musikk og visuell kunst;Stord;ESTETISK;2026;0
Førstegangsvitnemålskvote;HVL;Suppleringsopptak;203 472;Kunstfag - Musikk og visuell kunst;Stord;ESTETISK;2026;0
Ordinær kvote;HVL;Suppleringsopptak;203 472;Kunstfag - Musikk og visuell kunst;Stord;ESTETISK;2026;0
Førstegangsvitnemålskvote;UIO;Hovedopptak;185 272;Kunsthistorie og visuelle studier, årsstudium;Oslo;ESTETISK;2026;0
Ordinær kvote;UIO;Hovedopptak;185 272;Kunsthistorie og visuelle studier, årsstudium;Oslo;ESTETISK;2026;61
Førstegangsvitnemålskvote;UIO;Suppleringsopptak;185 272;Kunsthistorie og visuelle studier, årsstudium;Oslo;ESTETISK;2026;0
Ordinær kvote;UIO;Suppleringsopptak;185 272;Kunsthistorie og visuelle studier, årsstudium;Oslo;ESTETISK;2026;61
Førstegangsvitnemålskvote;UIO;Hovedopptak;185 462;Kunsthistorie og visuelle studier, bachelor;Oslo;ESTETISK;2026;0
Ordinær kvote;UIO;Hovedopptak;185 462;Kunsthistorie og visuelle studier, bachelor;Oslo;ESTETISK;2026;43.1
Førstegangsvitnemålskvote;UIO;Suppleringsopptak;185 462;Kunsthistorie og visuelle studier, bachelor;Oslo;ESTETISK;2026;0
Ordinær kvote;UIO;Suppleringsopptak;185 462;Kunsthistorie og visuelle studier, bachelor;Oslo;ESTETISK;2026;43.1
Førstegangsvitnemålskvote;UIB;Hovedopptak;184 272;Kunsthistorie, årsstudium;Bergen;ESTETISK;2026;0
Ordinær kvote;UIB;Hovedopptak;184 272;Kunsthistorie, årsstudium;Bergen;ESTETISK;2026;0
Førstegangsvitnemålskvote;UIB;Suppleringsopptak;184 272;Kunsthistorie, årsstudium;Bergen;ESTETISK;2026;0
Ordinær kvote;UIB;Suppleringsopptak;184 272;Kunsthistorie, årsstudium;Bergen;ESTETISK;2026;0
Førstegangsvitnemålskvote;UIT;Hovedopptak;186 272;Kunsthistorie, årsstudium;Tromsø;ESTETISK;2026;0
Ordinær kvote;UIT;Hovedopptak;186 272;Kunsthistorie, årsstudium;Tromsø;ESTETISK;2026;0
Førstegangsvitnemålskvote;UIT;Suppleringsopptak;186 272;Kunsthistorie, årsstudium;Tromsø;ESTETISK;2026;0
Ordinær kvote;UIT;Suppleringsopptak;186 272;Kunsthistorie, årsstudium;Tromsø;ESTETISK;2026;0
Førstegangsvitnemålskvote;NTNU;Hovedopptak;194 272;Kunsthistorie, årsstudium;Trondheim;ESTETISK;2026;0
Ordinær kvote;NTNU;Hovedopptak;194 272;Kunsthistorie, årsstudium;Trondheim;ESTETISK;2026;0
Førstegangsvitnemålskvote;NTNU;Suppleringsopptak;194 272;Kunsthistorie, årsstudium;Trondheim;ESTETISK;2026;0
Ordinær kvote;NTNU;Suppleringsopptak;194 272;Kunsthistorie, årsstudium;Trondheim;ESTETISK;2026;0
Førstegangsvitnemålskvote;UIB;Hovedopptak;184 475;Kunsthistorie, bachelor;Bergen;ESTETISK;2026;0
Ordinær kvote;UIB;Hovedopptak;184 475;Kunsthistorie, bachelor;Bergen;ESTETISK;2026;0
Førstegangsvitnemålskvote;UIB;Suppleringsopptak;184 475;Kunsthistorie, bachelor;Bergen;ESTETISK;2026;0
Ordinær kvote;UIB;Suppleringsopptak;184 475;Kunsthistorie, bachelor;Bergen;ESTETISK;2026;0
Førstegangsvitnemålskvote;UIT;Hovedopptak;186 475;Kunsthistorie, bachelor;Tromsø;ESTETISK;2026;0
Ordinær kvote;UIT;Hovedopptak;186 475;Kunsthistorie, bachelor;Tromsø;ESTETISK;2026;0
Førstegangsvitnemålskvote;UIT;Suppleringsopptak;186 475;Kunsthistorie, bachelor;Tromsø;ESTETISK;2026;0
Ordinær kvote;UIT;Suppleringsopptak;186 475;Kunsthistorie, bachelor;Tromsø;ESTETISK;2026;0
Førstegangsvitnemålskvote;NTNU;Hovedopptak;194 200;Kunsthistorie, bachelor;Trondheim;ESTETISK;2026;0
Ordinær kvote;NTNU;Hovedopptak;194 200;Kunsthistorie, bachelor;Trondheim;ESTETISK;2026;0
Førstegangsvitnemålskvote;NTNU;Suppleringsopptak;194 200;Kunsthistorie, bachelor;Trondheim;ESTETISK;2026;0
Ordinær kvote;NTNU;Suppleringsopptak;194 200;Kunsthistorie, bachelor;Trondheim;ESTETISK;2026;0
Førstegangsvitnemålskvote;UIB;Hovedopptak;184 832;Kunstig intelligens;Bergen;INFOTEKN;2026;43.1
Ordinær kvote;UIB;Hovedopptak;184 832;Kunstig intelligens;Bergen;INFOTEKN;2026;52.7
Førstegangsvitnemålskvote;UIB;Suppleringsopptak;184 832;Kunstig intelligens;Bergen;INFOTEKN;2026;43
Ordinær kvote;UIB;Suppleringsopptak;184 832;Kunstig intelligens;Bergen;INFOTEKN;2026;51.5
Førstegangsvitnemålskvote;UIA;Hovedopptak;201 807;Kunstig intelligens;Grimstad;TEKNO - SIVING;2026;0
Ordinær kvote;UIA;Hovedopptak;201 807;Kunstig intelligens;Grimstad;TEKNO - SIVING;2026;0
Førstegangsvitnemålskvote;UIA;Suppleringsopptak;201 807;Kunstig intelligens;Grimstad;TEKNO - SIVING;2026;0
Ordinær kvote;UIA;Suppleringsopptak;201 807;Kunstig intelligens;Grimstad;TEKNO - SIVING;2026;0
Førstegangsvitnemålskvote;UIT;Hovedopptak;186 803;Kunstig intelligens;Tromsø;TEKNO - SIVING;2026;0
Ordinær kvote;UIT;Hovedopptak;186 803;Kunstig intelligens;Tromsø;TEKNO - SIVING;2026;0
Førstegangsvitnemålskvote;UIT;Suppleringsopptak;186 803;Kunstig intelligens;Tromsø;TEKNO - SIVING;2026;0
Ordinær kvote;UIT;Suppleringsopptak;186 803;Kunstig intelligens;Tromsø;TEKNO - SIVING;2026;0
Førstegangsvitnemålskvote;INN;Hovedopptak;209 395;Kunstig intelligens- utvikling og anvendelse;Hamar;INFOTEKN;2026;0
Ordinær kvote;INN;Hovedopptak;209 395;Kunstig intelligens- utvikling og anvendelse;Hamar;INFOTEKN;2026;37.4
Førstegangsvitnemålskvote;INN;Suppleringsopptak;209 395;Kunstig intelligens- utvikling og anvendelse;Hamar;INFOTEKN;2026;0
Ordinær kvote;INN;Suppleringsopptak;209 395;Kunstig intelligens- utvikling og anvendelse;Hamar;INFOTEKN;2026;37.4
Førstegangsvitnemålskvote;UIO;Hovedopptak;185 940;Kvanteteknologi;Oslo;REALFAG;2026;55.9
Ordinær kvote;UIO;Hovedopptak;185 940;Kvanteteknologi;Oslo;REALFAG;2026;55.8
Førstegangsvitnemålskvote;UIO;Suppleringsopptak;185 940;Kvanteteknologi;Oslo;REALFAG;2026;55.9
Ordinær kvote;UIO;Suppleringsopptak;185 940;Kvanteteknologi;Oslo;REALFAG;2026;55.8
Førstegangsvitnemålskvote;UIB;Hovedopptak;184 763;Kvanteteknologi (sivilingeniør);Bergen;TEKNO - SIVING;2026;53.5
Ordinær kvote;UIB;Hovedopptak;184 763;Kvanteteknologi (sivilingeniør);Bergen;TEKNO - SIVING;2026;55
Førstegangsvitnemålskvote;UIB;Suppleringsopptak;184 763;Kvanteteknologi (sivilingeniør);Bergen;TEKNO - SIVING;2026;53.5
Ordinær kvote;UIB;Suppleringsopptak;184 763;Kvanteteknologi (sivilingeniør);Bergen;TEKNO - SIVING;2026;55
Førstegangsvitnemålskvote;NTNU;Hovedopptak;194 798;Kybernetikk og robotikk;Trondheim;TEKNO - SIVING;2026;58.2
Ordinær kvote;NTNU;Hovedopptak;194 798;Kybernetikk og robotikk;Trondheim;TEKNO - SIVING;2026;60.6
Førstegangsvitnemålskvote;NTNU;Suppleringsopptak;194 798;Kybernetikk og robotikk;Trondheim;TEKNO - SIVING;2026;58.2
Ordinær kvote;NTNU;Suppleringsopptak;194 798;Kybernetikk og robotikk;Trondheim;TEKNO - SIVING;2026;60.6
Førstegangsvitnemålskvote;USN;Hovedopptak;222 574;Lærer, 1.-13. trinn, design, kunst og håndverk;Notodden;LÆRER - LUPE1-13;2026;0
Ordinær kvote;USN;Hovedopptak;222 574;Lærer, 1.-13. trinn, design, kunst og håndverk;Notodden;LÆRER - LUPE1-13;2026;0
Førstegangsvitnemålskvote;USN;Suppleringsopptak;222 574;Lærer, 1.-13. trinn, design, kunst og håndverk;Notodden;LÆRER - LUPE1-13;2026;0
Ordinær kvote;USN;Suppleringsopptak;222 574;Lærer, 1.-13. trinn, design, kunst og håndverk;Notodden;LÆRER - LUPE1-13;2026;0
Førstegangsvitnemålskvote;OSLOMET;Hovedopptak;215 574;Lærer, 1.-13. trinn, design, kunst og håndverk;Oslo;LÆRER - LUPE1-13;2026;0
Ordinær kvote;OSLOMET;Hovedopptak;215 574;Lærer, 1.-13. trinn, design, kunst og håndverk;Oslo;LÆRER - LUPE1-13;2026;0
Førstegangsvitnemålskvote;OSLOMET;Suppleringsopptak;215 574;Lærer, 1.-13. trinn, design, kunst og håndverk;Oslo;LÆRER - LUPE1-13;2026;0
Ordinær kvote;OSLOMET;Suppleringsopptak;215 574;Lærer, 1.-13. trinn, design, kunst og håndverk;Oslo;LÆRER - LUPE1-13;2026;0
Førstegangsvitnemålskvote;HVL;Hovedopptak;203 566;Lærer, 1.-13. trinn, kroppsøving og idrettsfag;Bergen;LÆRER - LUPE1-13;2026;47.1
Ordinær kvote;HVL;Hovedopptak;203 566;Lærer, 1.-13. trinn, kroppsøving og idrettsfag;Bergen;LÆRER - LUPE1-13;2026;48.6
Førstegangsvitnemålskvote;HVL;Suppleringsopptak;203 566;Lærer, 1.-13. trinn, kroppsøving og idrettsfag;Bergen;LÆRER - LUPE1-13;2026;47.1
Ordinær kvote;HVL;Suppleringsopptak;203 566;Lærer, 1.-13. trinn, kroppsøving og idrettsfag;Bergen;LÆRER - LUPE1-13;2026;48.6
Førstegangsvitnemålskvote;USN;Hovedopptak;222 566;Lærer, 1.-13. trinn, kroppsøving og idrettsfag;Notodden;LÆRER - LUPE1-13;2026;0
Ordinær kvote;USN;Hovedopptak;222 566;Lærer, 1.-13. trinn, kroppsøving og idrettsfag;Notodden;LÆRER - LUPE1-13;2026;0
Førstegangsvitnemålskvote;USN;Suppleringsopptak;222 566;Lærer, 1.-13. trinn, kroppsøving og idrettsfag;Notodden;LÆRER - LUPE1-13;2026;0
Ordinær kvote;USN;Suppleringsopptak;222 566;Lærer, 1.-13. trinn, kroppsøving og idrettsfag;Notodden;LÆRER - LUPE1-13;2026;0
Førstegangsvitnemålskvote;NIH;Hovedopptak;150 566;Lærer, 1.-13. trinn, kroppsøving og idrettsfag;Oslo;LÆRER - LUPE1-13;2026;46.9
Førstegangsvitnemålskvote;OSLOMET;Hovedopptak;215 566;Lærer, 1.-13. trinn, kroppsøving og idrettsfag;Oslo;LÆRER - LUPE1-13;2026;36
Ordinær kvote;NIH;Hovedopptak;150 566;Lærer, 1.-13. trinn, kroppsøving og idrettsfag;Oslo;LÆRER - LUPE1-13;2026;49.2
Ordinær kvote;OSLOMET;Hovedopptak;215 566;Lærer, 1.-13. trinn, kroppsøving og idrettsfag;Oslo;LÆRER - LUPE1-13;2026;35.3
Førstegangsvitnemålskvote;NIH;Suppleringsopptak;150 566;Lærer, 1.-13. trinn, kroppsøving og idrettsfag;Oslo;LÆRER - LUPE1-13;2026;46.9
Førstegangsvitnemålskvote;OSLOMET;Suppleringsopptak;215 566;Lærer, 1.-13. trinn, kroppsøving og idrettsfag;Oslo;LÆRER - LUPE1-13;2026;0
Ordinær kvote;NIH;Suppleringsopptak;150 566;Lærer, 1.-13. trinn, kroppsøving og idrettsfag;Oslo;LÆRER - LUPE1-13;2026;49.2
Ordinær kvote;OSLOMET;Suppleringsopptak;215 566;Lærer, 1.-13. trinn, kroppsøving og idrettsfag;Oslo;LÆRER - LUPE1-13;2026;0
Førstegangsvitnemålskvote;INN;Hovedopptak;209 566;Lærer, 1.-13. trinn, kroppsøving og Idrettsfag;Elverum;LÆRER - LUPE1-13;2026;0
Ordinær kvote;INN;Hovedopptak;209 566;Lærer, 1.-13. trinn, kroppsøving og Idrettsfag;Elverum;LÆRER - LUPE1-13;2026;0
Førstegangsvitnemålskvote;INN;Suppleringsopptak;209 566;Lærer, 1.-13. trinn, kroppsøving og Idrettsfag;Elverum;LÆRER - LUPE1-13;2026;0
Ordinær kvote;INN;Suppleringsopptak;209 566;Lærer, 1.-13. trinn, kroppsøving og Idrettsfag;Elverum;LÆRER - LUPE1-13;2026;0
Førstegangsvitnemålskvote;INN;Hovedopptak;209 575;Lærer, 1.-13. trinn, musikk;Hamar;LÆRER - LUPE1-13;2026;0
Ordinær kvote;INN;Hovedopptak;209 575;Lærer, 1.-13. trinn, musikk;Hamar;LÆRER - LUPE1-13;2026;0
Førstegangsvitnemålskvote;INN;Suppleringsopptak;209 575;Lærer, 1.-13. trinn, musikk;Hamar;LÆRER - LUPE1-13;2026;0
Ordinær kvote;INN;Suppleringsopptak;209 575;Lærer, 1.-13. trinn, musikk;Hamar;LÆRER - LUPE1-13;2026;0
Førstegangsvitnemålskvote;UIS;Hovedopptak;217 220;Læring og psykologi;Stavanger;PEDFAG;2026;0
Ordinær kvote;UIS;Hovedopptak;217 220;Læring og psykologi;Stavanger;PEDFAG;2026;0
Førstegangsvitnemålskvote;UIS;Suppleringsopptak;217 220;Læring og psykologi;Stavanger;PEDFAG;2026;0
Ordinær kvote;UIS;Suppleringsopptak;217 220;Læring og psykologi;Stavanger;PEDFAG;2026;0
Førstegangsvitnemålskvote;INN;Hovedopptak;209 311;Landbruksteknikk;Hamar;LANDOGHAVBRUK;2026;0
Ordinær kvote;INN;Hovedopptak;209 311;Landbruksteknikk;Hamar;LANDOGHAVBRUK;2026;0
Førstegangsvitnemålskvote;INN;Suppleringsopptak;209 311;Landbruksteknikk;Hamar;LANDOGHAVBRUK;2026;0
Ordinær kvote;INN;Suppleringsopptak;209 311;Landbruksteknikk;Hamar;LANDOGHAVBRUK;2026;0
Førstegangsvitnemålskvote;HVL;Hovedopptak;203 753;Landmåling og eiendomsdesign;Bergen;TEKNO - ANNET;2026;42.9
Ordinær kvote;HVL;Hovedopptak;203 753;Landmåling og eiendomsdesign;Bergen;TEKNO - ANNET;2026;48.9
Førstegangsvitnemålskvote;HVL;Suppleringsopptak;203 753;Landmåling og eiendomsdesign;Bergen;TEKNO - ANNET;2026;42.9
Ordinær kvote;HVL;Suppleringsopptak;203 753;Landmåling og eiendomsdesign;Bergen;TEKNO - ANNET;2026;48.9
Førstegangsvitnemålskvote;NMBU;Hovedopptak;192 732;Landskapsarkitektur*;Ås;SAMFUNN;2026;51.3
Ordinær kvote;NMBU;Hovedopptak;192 732;Landskapsarkitektur*;Ås;SAMFUNN;2026;56.4
Førstegangsvitnemålskvote;NMBU;Suppleringsopptak;192 732;Landskapsarkitektur*;Ås;SAMFUNN;2026;51.3
Ordinær kvote;NMBU;Suppleringsopptak;192 732;Landskapsarkitektur*;Ås;SAMFUNN;2026;56.4
Førstegangsvitnemålskvote;AHO;Hovedopptak;189 732;Landskapsarkitektur*;Oslo;TEKNO - ANNET;2026;157.8
Ordinær kvote;AHO;Hovedopptak;189 732;Landskapsarkitektur*;Oslo;TEKNO - ANNET;2026;148
Førstegangsvitnemålskvote;AHO;Suppleringsopptak;189 732;Landskapsarkitektur*;Oslo;TEKNO - ANNET;2026;157.8
Ordinær kvote;AHO;Suppleringsopptak;189 732;Landskapsarkitektur*;Oslo;TEKNO - ANNET;2026;148
Førstegangsvitnemålskvote;NMBU;Hovedopptak;192 310;Landskapsingeniør;Ås;SAMFUNN;2026;44.6
Ordinær kvote;NMBU;Hovedopptak;192 310;Landskapsingeniør;Ås;SAMFUNN;2026;53.5
Førstegangsvitnemålskvote;NMBU;Suppleringsopptak;192 310;Landskapsingeniør;Ås;SAMFUNN;2026;44.6
Ordinær kvote;NMBU;Suppleringsopptak;192 310;Landskapsingeniør;Ås;SAMFUNN;2026;53.5
Førstegangsvitnemålskvote;HVL;Hovedopptak;203 310;Landskapsplanlegging med landskapsarkitektur;Sogndal;SAMFUNN;2026;0
Ordinær kvote;HVL;Hovedopptak;203 310;Landskapsplanlegging med landskapsarkitektur;Sogndal;SAMFUNN;2026;0
Førstegangsvitnemålskvote;HVL;Suppleringsopptak;203 310;Landskapsplanlegging med landskapsarkitektur;Sogndal;SAMFUNN;2026;0
Ordinær kvote;HVL;Suppleringsopptak;203 310;Landskapsplanlegging med landskapsarkitektur;Sogndal;SAMFUNN;2026;0
Førstegangsvitnemålskvote;NTNU;Hovedopptak;194 294;Latin;Trondheim;SPRÅK;2026;0
Ordinær kvote;NTNU;Hovedopptak;194 294;Latin;Trondheim;SPRÅK;2026;0
Førstegangsvitnemålskvote;NTNU;Suppleringsopptak;194 294;Latin;Trondheim;SPRÅK;2026;0
Ordinær kvote;NTNU;Suppleringsopptak;194 294;Latin;Trondheim;SPRÅK;2026;0
Førstegangsvitnemålskvote;UIT;Hovedopptak;186 664;Ledelse, deltid;Alta;ØKADM;2026;0
Ordinær kvote;UIT;Hovedopptak;186 664;Ledelse, deltid;Alta;ØKADM;2026;39.2
Førstegangsvitnemålskvote;UIT;Suppleringsopptak;186 664;Ledelse, deltid;Alta;ØKADM;2026;0
Ordinær kvote;UIT;Suppleringsopptak;186 664;Ledelse, deltid;Alta;ØKADM;2026;0
Førstegangsvitnemålskvote;INN;Hovedopptak;209 867;Ledelse, digitalisering og sikkerhet;Åmot;ØKADM;2026;0
Ordinær kvote;INN;Hovedopptak;209 867;Ledelse, digitalisering og sikkerhet;Åmot;ØKADM;2026;0
Førstegangsvitnemålskvote;INN;Suppleringsopptak;209 867;Ledelse, digitalisering og sikkerhet;Åmot;ØKADM;2026;0
Ordinær kvote;INN;Suppleringsopptak;209 867;Ledelse, digitalisering og sikkerhet;Åmot;ØKADM;2026;0
Førstegangsvitnemålskvote;UIT;Hovedopptak;186 867;Ledelse, innovasjon og marked;Tromsø;ØKADM;2026;36.4
Ordinær kvote;UIT;Hovedopptak;186 867;Ledelse, innovasjon og marked;Tromsø;ØKADM;2026;37.6
Førstegangsvitnemålskvote;UIT;Suppleringsopptak;186 867;Ledelse, innovasjon og marked;Tromsø;ØKADM;2026;0
Ordinær kvote;UIT;Suppleringsopptak;186 867;Ledelse, innovasjon og marked;Tromsø;ØKADM;2026;0
Førstegangsvitnemålskvote;NTNU;Hovedopptak;194 934;Lektor i geografi, 8.-13. trinn;Trondheim;LÆRER - LEKTOR 8-13;2026;0
Ordinær kvote;NTNU;Hovedopptak;194 934;Lektor i geografi, 8.-13. trinn;Trondheim;LÆRER - LEKTOR 8-13;2026;0
Førstegangsvitnemålskvote;NTNU;Suppleringsopptak;194 934;Lektor i geografi, 8.-13. trinn;Trondheim;LÆRER - LEKTOR 8-13;2026;0
Ordinær kvote;NTNU;Suppleringsopptak;194 934;Lektor i geografi, 8.-13. trinn;Trondheim;LÆRER - LEKTOR 8-13;2026;0
Førstegangsvitnemålskvote;NTNU;Hovedopptak;194 684;Lektor i historie, 8.-13. trinn;Trondheim;LÆRER - LEKTOR 8-13;2026;45.5
Ordinær kvote;NTNU;Hovedopptak;194 684;Lektor i historie, 8.-13. trinn;Trondheim;LÆRER - LEKTOR 8-13;2026;46.6
Førstegangsvitnemålskvote;NTNU;Suppleringsopptak;194 684;Lektor i historie, 8.-13. trinn;Trondheim;LÆRER - LEKTOR 8-13;2026;45.5
Ordinær kvote;NTNU;Suppleringsopptak;194 684;Lektor i historie, 8.-13. trinn;Trondheim;LÆRER - LEKTOR 8-13;2026;46.6
Førstegangsvitnemålskvote;NTNU;Hovedopptak;194 597;Lektor i kroppsøving og idrettsfag, 8.-13. trinn;Trondheim;LÆRER - LEKTOR 8-13;2026;51.1
Ordinær kvote;NTNU;Hovedopptak;194 597;Lektor i kroppsøving og idrettsfag, 8.-13. trinn;Trondheim;LÆRER - LEKTOR 8-13;2026;54.8
Førstegangsvitnemålskvote;NTNU;Suppleringsopptak;194 597;Lektor i kroppsøving og idrettsfag, 8.-13. trinn;Trondheim;LÆRER - LEKTOR 8-13;2026;51.1
Ordinær kvote;NTNU;Suppleringsopptak;194 597;Lektor i kroppsøving og idrettsfag, 8.-13. trinn;Trondheim;LÆRER - LEKTOR 8-13;2026;54.8
Førstegangsvitnemålskvote;NTNU;Hovedopptak;194 843;Lektor i realfag, 8.-13. trinn;Trondheim;LÆRER - LEKTOR 8-13;2026;0
Ordinær kvote;NTNU;Hovedopptak;194 843;Lektor i realfag, 8.-13. trinn;Trondheim;LÆRER - LEKTOR 8-13;2026;0
Førstegangsvitnemålskvote;NTNU;Suppleringsopptak;194 843;Lektor i realfag, 8.-13. trinn;Trondheim;LÆRER - LEKTOR 8-13;2026;0
Ordinær kvote;NTNU;Suppleringsopptak;194 843;Lektor i realfag, 8.-13. trinn;Trondheim;LÆRER - LEKTOR 8-13;2026;0
Førstegangsvitnemålskvote;NTNU;Hovedopptak;194 945;Lektor i samfunnsfag, 8.-13. trinn;Trondheim;LÆRER - LEKTOR 8-13;2026;50.2
Ordinær kvote;NTNU;Hovedopptak;194 945;Lektor i samfunnsfag, 8.-13. trinn;Trondheim;LÆRER - LEKTOR 8-13;2026;50.1
Førstegangsvitnemålskvote;NTNU;Suppleringsopptak;194 945;Lektor i samfunnsfag, 8.-13. trinn;Trondheim;LÆRER - LEKTOR 8-13;2026;50.2
Ordinær kvote;NTNU;Suppleringsopptak;194 945;Lektor i samfunnsfag, 8.-13. trinn;Trondheim;LÆRER - LEKTOR 8-13;2026;50.1
Førstegangsvitnemålskvote;NTNU;Hovedopptak;194 685;Lektor i språkfag/engelsk, 8.-13. trinn;Trondheim;LÆRER - LEKTOR 8-13;2026;0
Ordinær kvote;NTNU;Hovedopptak;194 685;Lektor i språkfag/engelsk, 8.-13. trinn;Trondheim;LÆRER - LEKTOR 8-13;2026;0
Førstegangsvitnemålskvote;NTNU;Suppleringsopptak;194 685;Lektor i språkfag/engelsk, 8.-13. trinn;Trondheim;LÆRER - LEKTOR 8-13;2026;0
Ordinær kvote;NTNU;Suppleringsopptak;194 685;Lektor i språkfag/engelsk, 8.-13. trinn;Trondheim;LÆRER - LEKTOR 8-13;2026;0
Førstegangsvitnemålskvote;NTNU;Hovedopptak;194 686;Lektor i språkfag/fransk, 8.-13. trinn;Trondheim;LÆRER - LEKTOR 8-13;2026;0
Ordinær kvote;NTNU;Hovedopptak;194 686;Lektor i språkfag/fransk, 8.-13. trinn;Trondheim;LÆRER - LEKTOR 8-13;2026;0
Førstegangsvitnemålskvote;NTNU;Suppleringsopptak;194 686;Lektor i språkfag/fransk, 8.-13. trinn;Trondheim;LÆRER - LEKTOR 8-13;2026;0
Ordinær kvote;NTNU;Suppleringsopptak;194 686;Lektor i språkfag/fransk, 8.-13. trinn;Trondheim;LÆRER - LEKTOR 8-13;2026;0
Førstegangsvitnemålskvote;NTNU;Hovedopptak;194 687;Lektor i språkfag/nordisk, 8.-13. trinn;Trondheim;LÆRER - LEKTOR 8-13;2026;0
Ordinær kvote;NTNU;Hovedopptak;194 687;Lektor i språkfag/nordisk, 8.-13. trinn;Trondheim;LÆRER - LEKTOR 8-13;2026;0
Førstegangsvitnemålskvote;NTNU;Suppleringsopptak;194 687;Lektor i språkfag/nordisk, 8.-13. trinn;Trondheim;LÆRER - LEKTOR 8-13;2026;0
Ordinær kvote;NTNU;Suppleringsopptak;194 687;Lektor i språkfag/nordisk, 8.-13. trinn;Trondheim;LÆRER - LEKTOR 8-13;2026;0
Førstegangsvitnemålskvote;NTNU;Hovedopptak;194 689;Lektor i språkfag/tysk, 8.-13. trinn;Trondheim;LÆRER - LEKTOR 8-13;2026;0
Ordinær kvote;NTNU;Hovedopptak;194 689;Lektor i språkfag/tysk, 8.-13. trinn;Trondheim;LÆRER - LEKTOR 8-13;2026;0
Førstegangsvitnemålskvote;NTNU;Suppleringsopptak;194 689;Lektor i språkfag/tysk, 8.-13. trinn;Trondheim;LÆRER - LEKTOR 8-13;2026;0
Ordinær kvote;NTNU;Suppleringsopptak;194 689;Lektor i språkfag/tysk, 8.-13. trinn;Trondheim;LÆRER - LEKTOR 8-13;2026;0
Førstegangsvitnemålskvote;UIA;Hovedopptak;201 697;Lektor, 8-13 trinn, m/matematikk i første studieår;Kristiansand;LÆRER - LEKTOR 8-13;2026;0
Ordinær kvote;UIA;Hovedopptak;201 697;Lektor, 8-13 trinn, m/matematikk i første studieår;Kristiansand;LÆRER - LEKTOR 8-13;2026;0
Førstegangsvitnemålskvote;UIA;Suppleringsopptak;201 697;Lektor, 8-13 trinn, m/matematikk i første studieår;Kristiansand;LÆRER - LEKTOR 8-13;2026;0
Ordinær kvote;UIA;Suppleringsopptak;201 697;Lektor, 8-13 trinn, m/matematikk i første studieår;Kristiansand;LÆRER - LEKTOR 8-13;2026;0
Førstegangsvitnemålskvote;UIA;Hovedopptak;201 843;Lektor, 8-13 trinn, m/naturfag i første studieår;Kristiansand;LÆRER - LEKTOR 8-13;2026;0
Ordinær kvote;UIA;Hovedopptak;201 843;Lektor, 8-13 trinn, m/naturfag i første studieår;Kristiansand;LÆRER - LEKTOR 8-13;2026;0
Førstegangsvitnemålskvote;UIA;Suppleringsopptak;201 843;Lektor, 8-13 trinn, m/naturfag i første studieår;Kristiansand;LÆRER - LEKTOR 8-13;2026;0
Ordinær kvote;UIA;Suppleringsopptak;201 843;Lektor, 8-13 trinn, m/naturfag i første studieår;Kristiansand;LÆRER - LEKTOR 8-13;2026;0
Førstegangsvitnemålskvote;UIA;Hovedopptak;201 935;Lektor, 8-13 trinn,m/fremmedspr. i første studieår;Kristiansand;LÆRER - LEKTOR 8-13;2026;0
Ordinær kvote;UIA;Hovedopptak;201 935;Lektor, 8-13 trinn,m/fremmedspr. i første studieår;Kristiansand;LÆRER - LEKTOR 8-13;2026;0
Førstegangsvitnemålskvote;UIA;Suppleringsopptak;201 935;Lektor, 8-13 trinn,m/fremmedspr. i første studieår;Kristiansand;LÆRER - LEKTOR 8-13;2026;0
Ordinær kvote;UIA;Suppleringsopptak;201 935;Lektor, 8-13 trinn,m/fremmedspr. i første studieår;Kristiansand;LÆRER - LEKTOR 8-13;2026;0
Førstegangsvitnemålskvote;UIA;Hovedopptak;201 945;Lektor, 8-13, m/samf. kunnsk. i første studieår;Kristiansand;LÆRER - LEKTOR 8-13;2026;47.5
Ordinær kvote;UIA;Hovedopptak;201 945;Lektor, 8-13, m/samf. kunnsk. i første studieår;Kristiansand;LÆRER - LEKTOR 8-13;2026;49.6
Førstegangsvitnemålskvote;UIA;Suppleringsopptak;201 945;Lektor, 8-13, m/samf. kunnsk. i første studieår;Kristiansand;LÆRER - LEKTOR 8-13;2026;47.5
Ordinær kvote;UIA;Suppleringsopptak;201 945;Lektor, 8-13, m/samf. kunnsk. i første studieår;Kristiansand;LÆRER - LEKTOR 8-13;2026;49.6
Førstegangsvitnemålskvote;UIO;Hovedopptak;185 855;Lektor, 8.-13. trinn, Biologi;Oslo;LÆRER - LEKTOR 8-13;2026;0
Ordinær kvote;UIO;Hovedopptak;185 855;Lektor, 8.-13. trinn, Biologi;Oslo;LÆRER - LEKTOR 8-13;2026;0
Førstegangsvitnemålskvote;UIO;Suppleringsopptak;185 855;Lektor, 8.-13. trinn, Biologi;Oslo;LÆRER - LEKTOR 8-13;2026;0
Ordinær kvote;UIO;Suppleringsopptak;185 855;Lektor, 8.-13. trinn, Biologi;Oslo;LÆRER - LEKTOR 8-13;2026;0
Førstegangsvitnemålskvote;UIB;Hovedopptak;184 844;Lektor, 8.-13. trinn, engelsk;Bergen;LÆRER - LEKTOR 8-13;2026;0
Ordinær kvote;UIB;Hovedopptak;184 844;Lektor, 8.-13. trinn, engelsk;Bergen;LÆRER - LEKTOR 8-13;2026;0
Førstegangsvitnemålskvote;UIB;Suppleringsopptak;184 844;Lektor, 8.-13. trinn, engelsk;Bergen;LÆRER - LEKTOR 8-13;2026;0
Ordinær kvote;UIB;Suppleringsopptak;184 844;Lektor, 8.-13. trinn, engelsk;Bergen;LÆRER - LEKTOR 8-13;2026;0
Førstegangsvitnemålskvote;UIO;Hovedopptak;185 685;Lektor, 8.-13. trinn, engelsk;Oslo;LÆRER - LEKTOR 8-13;2026;39.7
Ordinær kvote;UIO;Hovedopptak;185 685;Lektor, 8.-13. trinn, engelsk;Oslo;LÆRER - LEKTOR 8-13;2026;37.7
Førstegangsvitnemålskvote;UIO;Suppleringsopptak;185 685;Lektor, 8.-13. trinn, engelsk;Oslo;LÆRER - LEKTOR 8-13;2026;0
Ordinær kvote;UIO;Suppleringsopptak;185 685;Lektor, 8.-13. trinn, engelsk;Oslo;LÆRER - LEKTOR 8-13;2026;0
Førstegangsvitnemålskvote;UIB;Hovedopptak;184 686;Lektor, 8.-13. trinn, fransk;Bergen;LÆRER - LEKTOR 8-13;2026;-1
Ordinær kvote;UIB;Hovedopptak;184 686;Lektor, 8.-13. trinn, fransk;Bergen;LÆRER - LEKTOR 8-13;2026;-1
Førstegangsvitnemålskvote;UIB;Suppleringsopptak;184 686;Lektor, 8.-13. trinn, fransk;Bergen;LÆRER - LEKTOR 8-13;2026;-1
Ordinær kvote;UIB;Suppleringsopptak;184 686;Lektor, 8.-13. trinn, fransk;Bergen;LÆRER - LEKTOR 8-13;2026;-1
Førstegangsvitnemålskvote;UIO;Hovedopptak;185 935;Lektor, 8.-13. trinn, fremmedspråk;Oslo;LÆRER - LEKTOR 8-13;2026;0
Ordinær kvote;UIO;Hovedopptak;185 935;Lektor, 8.-13. trinn, fremmedspråk;Oslo;LÆRER - LEKTOR 8-13;2026;0
Førstegangsvitnemålskvote;UIO;Suppleringsopptak;185 935;Lektor, 8.-13. trinn, fremmedspråk;Oslo;LÆRER - LEKTOR 8-13;2026;0
Ordinær kvote;UIO;Suppleringsopptak;185 935;Lektor, 8.-13. trinn, fremmedspråk;Oslo;LÆRER - LEKTOR 8-13;2026;0
Førstegangsvitnemålskvote;UIO;Hovedopptak;185 953;Lektor, 8.-13. trinn, Fysikk;Oslo;LÆRER - LEKTOR 8-13;2026;-1
Ordinær kvote;UIO;Hovedopptak;185 953;Lektor, 8.-13. trinn, Fysikk;Oslo;LÆRER - LEKTOR 8-13;2026;0
Førstegangsvitnemålskvote;UIO;Suppleringsopptak;185 953;Lektor, 8.-13. trinn, Fysikk;Oslo;LÆRER - LEKTOR 8-13;2026;-1
Ordinær kvote;UIO;Suppleringsopptak;185 953;Lektor, 8.-13. trinn, Fysikk;Oslo;LÆRER - LEKTOR 8-13;2026;0
Førstegangsvitnemålskvote;UIO;Hovedopptak;185 834;Lektor, 8.-13. trinn, Geofag;Oslo;LÆRER - LEKTOR 8-13;2026;0
Ordinær kvote;UIO;Hovedopptak;185 834;Lektor, 8.-13. trinn, Geofag;Oslo;LÆRER - LEKTOR 8-13;2026;0
Førstegangsvitnemålskvote;UIO;Suppleringsopptak;185 834;Lektor, 8.-13. trinn, Geofag;Oslo;LÆRER - LEKTOR 8-13;2026;0
Ordinær kvote;UIO;Suppleringsopptak;185 834;Lektor, 8.-13. trinn, Geofag;Oslo;LÆRER - LEKTOR 8-13;2026;0
Førstegangsvitnemålskvote;UIB;Hovedopptak;184 684;Lektor, 8.-13. trinn, historie;Bergen;LÆRER - LEKTOR 8-13;2026;0
Ordinær kvote;UIB;Hovedopptak;184 684;Lektor, 8.-13. trinn, historie;Bergen;LÆRER - LEKTOR 8-13;2026;0
Førstegangsvitnemålskvote;UIB;Suppleringsopptak;184 684;Lektor, 8.-13. trinn, historie;Bergen;LÆRER - LEKTOR 8-13;2026;0
Ordinær kvote;UIB;Suppleringsopptak;184 684;Lektor, 8.-13. trinn, historie;Bergen;LÆRER - LEKTOR 8-13;2026;0
Førstegangsvitnemålskvote;UIO;Hovedopptak;185 684;Lektor, 8.-13. trinn, historie;Oslo;LÆRER - LEKTOR 8-13;2026;45
Ordinær kvote;UIO;Hovedopptak;185 684;Lektor, 8.-13. trinn, historie;Oslo;LÆRER - LEKTOR 8-13;2026;50.3
Førstegangsvitnemålskvote;UIO;Suppleringsopptak;185 684;Lektor, 8.-13. trinn, historie;Oslo;LÆRER - LEKTOR 8-13;2026;45
Ordinær kvote;UIO;Suppleringsopptak;185 684;Lektor, 8.-13. trinn, historie;Oslo;LÆRER - LEKTOR 8-13;2026;50.3
Førstegangsvitnemålskvote;UIS;Hovedopptak;217 844;Lektor, 8.-13. trinn, humanistiske fag;Stavanger;LÆRER - LEKTOR 8-13;2026;0
Ordinær kvote;UIS;Hovedopptak;217 844;Lektor, 8.-13. trinn, humanistiske fag;Stavanger;LÆRER - LEKTOR 8-13;2026;0
Førstegangsvitnemålskvote;UIS;Suppleringsopptak;217 844;Lektor, 8.-13. trinn, humanistiske fag;Stavanger;LÆRER - LEKTOR 8-13;2026;0
Ordinær kvote;UIS;Suppleringsopptak;217 844;Lektor, 8.-13. trinn, humanistiske fag;Stavanger;LÆRER - LEKTOR 8-13;2026;0
Førstegangsvitnemålskvote;UIO;Hovedopptak;185 572;Lektor, 8.-13. trinn, Kjemi;Oslo;LÆRER - LEKTOR 8-13;2026;0
Ordinær kvote;UIO;Hovedopptak;185 572;Lektor, 8.-13. trinn, Kjemi;Oslo;LÆRER - LEKTOR 8-13;2026;0
Førstegangsvitnemålskvote;UIO;Suppleringsopptak;185 572;Lektor, 8.-13. trinn, Kjemi;Oslo;LÆRER - LEKTOR 8-13;2026;0
Ordinær kvote;UIO;Suppleringsopptak;185 572;Lektor, 8.-13. trinn, Kjemi;Oslo;LÆRER - LEKTOR 8-13;2026;0
Førstegangsvitnemålskvote;NORD;Hovedopptak;204 597;Lektor, 8.-13. trinn, kroppsøving og idrettsfag;Levanger;LÆRER - LEKTOR 8-13;2026;0
Ordinær kvote;NORD;Hovedopptak;204 597;Lektor, 8.-13. trinn, kroppsøving og idrettsfag;Levanger;LÆRER - LEKTOR 8-13;2026;0
Førstegangsvitnemålskvote;NORD;Suppleringsopptak;204 597;Lektor, 8.-13. trinn, kroppsøving og idrettsfag;Levanger;LÆRER - LEKTOR 8-13;2026;0
Ordinær kvote;NORD;Suppleringsopptak;204 597;Lektor, 8.-13. trinn, kroppsøving og idrettsfag;Levanger;LÆRER - LEKTOR 8-13;2026;0
Førstegangsvitnemålskvote;UIA;Hovedopptak;201 685;Lektor, 8.-13. trinn, m/engelsk i første studieår;Kristiansand;LÆRER - LEKTOR 8-13;2026;45
Ordinær kvote;UIA;Hovedopptak;201 685;Lektor, 8.-13. trinn, m/engelsk i første studieår;Kristiansand;LÆRER - LEKTOR 8-13;2026;41.2
Førstegangsvitnemålskvote;UIA;Suppleringsopptak;201 685;Lektor, 8.-13. trinn, m/engelsk i første studieår;Kristiansand;LÆRER - LEKTOR 8-13;2026;37.9
Ordinær kvote;UIA;Suppleringsopptak;201 685;Lektor, 8.-13. trinn, m/engelsk i første studieår;Kristiansand;LÆRER - LEKTOR 8-13;2026;38.7
Førstegangsvitnemålskvote;UIA;Hovedopptak;201 684;Lektor, 8.-13. trinn, m/historie i første studieår;Kristiansand;LÆRER - LEKTOR 8-13;2026;46.2
Ordinær kvote;UIA;Hovedopptak;201 684;Lektor, 8.-13. trinn, m/historie i første studieår;Kristiansand;LÆRER - LEKTOR 8-13;2026;48.2
Førstegangsvitnemålskvote;UIA;Suppleringsopptak;201 684;Lektor, 8.-13. trinn, m/historie i første studieår;Kristiansand;LÆRER - LEKTOR 8-13;2026;43.7
Ordinær kvote;UIA;Suppleringsopptak;201 684;Lektor, 8.-13. trinn, m/historie i første studieår;Kristiansand;LÆRER - LEKTOR 8-13;2026;43.8
Førstegangsvitnemålskvote;UIA;Hovedopptak;201 597;Lektor, 8.-13. trinn, m/idrett i første studieår;Kristiansand;LÆRER - LEKTOR 8-13;2026;47.2
Ordinær kvote;UIA;Hovedopptak;201 597;Lektor, 8.-13. trinn, m/idrett i første studieår;Kristiansand;LÆRER - LEKTOR 8-13;2026;50
Førstegangsvitnemålskvote;UIA;Suppleringsopptak;201 597;Lektor, 8.-13. trinn, m/idrett i første studieår;Kristiansand;LÆRER - LEKTOR 8-13;2026;47.2
Ordinær kvote;UIA;Suppleringsopptak;201 597;Lektor, 8.-13. trinn, m/idrett i første studieår;Kristiansand;LÆRER - LEKTOR 8-13;2026;50
Førstegangsvitnemålskvote;UIA;Hovedopptak;201 687;Lektor, 8.-13. trinn, m/norsk i første studieår;Kristiansand;LÆRER - LEKTOR 8-13;2026;0
Ordinær kvote;UIA;Hovedopptak;201 687;Lektor, 8.-13. trinn, m/norsk i første studieår;Kristiansand;LÆRER - LEKTOR 8-13;2026;0
Førstegangsvitnemålskvote;UIA;Suppleringsopptak;201 687;Lektor, 8.-13. trinn, m/norsk i første studieår;Kristiansand;LÆRER - LEKTOR 8-13;2026;0
Ordinær kvote;UIA;Suppleringsopptak;201 687;Lektor, 8.-13. trinn, m/norsk i første studieår;Kristiansand;LÆRER - LEKTOR 8-13;2026;0
Førstegangsvitnemålskvote;UIA;Hovedopptak;201 934;Lektor, 8.-13. trinn, m/religion i første studieår;Kristiansand;LÆRER - LEKTOR 8-13;2026;43.3
Ordinær kvote;UIA;Hovedopptak;201 934;Lektor, 8.-13. trinn, m/religion i første studieår;Kristiansand;LÆRER - LEKTOR 8-13;2026;40.3
Førstegangsvitnemålskvote;UIA;Suppleringsopptak;201 934;Lektor, 8.-13. trinn, m/religion i første studieår;Kristiansand;LÆRER - LEKTOR 8-13;2026;0
Ordinær kvote;UIA;Suppleringsopptak;201 934;Lektor, 8.-13. trinn, m/religion i første studieår;Kristiansand;LÆRER - LEKTOR 8-13;2026;0
Førstegangsvitnemålskvote;UIO;Hovedopptak;185 697;Lektor, 8.-13. trinn, Matematikk;Oslo;LÆRER - LEKTOR 8-13;2026;0
Ordinær kvote;UIO;Hovedopptak;185 697;Lektor, 8.-13. trinn, Matematikk;Oslo;LÆRER - LEKTOR 8-13;2026;0
Førstegangsvitnemålskvote;UIO;Suppleringsopptak;185 697;Lektor, 8.-13. trinn, Matematikk;Oslo;LÆRER - LEKTOR 8-13;2026;0
Ordinær kvote;UIO;Suppleringsopptak;185 697;Lektor, 8.-13. trinn, Matematikk;Oslo;LÆRER - LEKTOR 8-13;2026;0
Førstegangsvitnemålskvote;UIB;Hovedopptak;184 843;Lektor, 8.-13. trinn, naturvit. eller matematikk;Bergen;LÆRER - LEKTOR 8-13;2026;0
Ordinær kvote;UIB;Hovedopptak;184 843;Lektor, 8.-13. trinn, naturvit. eller matematikk;Bergen;LÆRER - LEKTOR 8-13;2026;0
Førstegangsvitnemålskvote;UIB;Suppleringsopptak;184 843;Lektor, 8.-13. trinn, naturvit. eller matematikk;Bergen;LÆRER - LEKTOR 8-13;2026;-1
Ordinær kvote;UIB;Suppleringsopptak;184 843;Lektor, 8.-13. trinn, naturvit. eller matematikk;Bergen;LÆRER - LEKTOR 8-13;2026;-1
Førstegangsvitnemålskvote;UIB;Hovedopptak;184 817;Lektor, 8.-13. trinn, nordisk;Bergen;LÆRER - LEKTOR 8-13;2026;0
Ordinær kvote;UIB;Hovedopptak;184 817;Lektor, 8.-13. trinn, nordisk;Bergen;LÆRER - LEKTOR 8-13;2026;0
Førstegangsvitnemålskvote;UIB;Suppleringsopptak;184 817;Lektor, 8.-13. trinn, nordisk;Bergen;LÆRER - LEKTOR 8-13;2026;0
Ordinær kvote;UIB;Suppleringsopptak;184 817;Lektor, 8.-13. trinn, nordisk;Bergen;LÆRER - LEKTOR 8-13;2026;0
Førstegangsvitnemålskvote;UIO;Hovedopptak;185 817;Lektor, 8.-13. trinn, norsk;Oslo;LÆRER - LEKTOR 8-13;2026;0
Ordinær kvote;UIO;Hovedopptak;185 817;Lektor, 8.-13. trinn, norsk;Oslo;LÆRER - LEKTOR 8-13;2026;0
Førstegangsvitnemålskvote;UIO;Suppleringsopptak;185 817;Lektor, 8.-13. trinn, norsk;Oslo;LÆRER - LEKTOR 8-13;2026;0
Ordinær kvote;UIO;Suppleringsopptak;185 817;Lektor, 8.-13. trinn, norsk;Oslo;LÆRER - LEKTOR 8-13;2026;0
Førstegangsvitnemålskvote;NMBU;Hovedopptak;192 843;Lektor, 8.-13. trinn, realfag;Ås;LÆRER - LEKTOR 8-13;2026;0
Ordinær kvote;NMBU;Hovedopptak;192 843;Lektor, 8.-13. trinn, realfag;Ås;LÆRER - LEKTOR 8-13;2026;0
Førstegangsvitnemålskvote;NMBU;Suppleringsopptak;192 843;Lektor, 8.-13. trinn, realfag;Ås;LÆRER - LEKTOR 8-13;2026;0
Ordinær kvote;NMBU;Suppleringsopptak;192 843;Lektor, 8.-13. trinn, realfag;Ås;LÆRER - LEKTOR 8-13;2026;0
Førstegangsvitnemålskvote;UIS;Hovedopptak;217 843;Lektor, 8.-13. trinn, realfag;Stavanger;LÆRER - LEKTOR 8-13;2026;0
Ordinær kvote;UIS;Hovedopptak;217 843;Lektor, 8.-13. trinn, realfag;Stavanger;LÆRER - LEKTOR 8-13;2026;0
Førstegangsvitnemålskvote;UIS;Suppleringsopptak;217 843;Lektor, 8.-13. trinn, realfag;Stavanger;LÆRER - LEKTOR 8-13;2026;0
Ordinær kvote;UIS;Suppleringsopptak;217 843;Lektor, 8.-13. trinn, realfag;Stavanger;LÆRER - LEKTOR 8-13;2026;0
Førstegangsvitnemålskvote;UIT;Hovedopptak;186 843;Lektor, 8.-13. trinn, realfag;Tromsø;LÆRER - LEKTOR 8-13;2026;0
Ordinær kvote;UIT;Hovedopptak;186 843;Lektor, 8.-13. trinn, realfag;Tromsø;LÆRER - LEKTOR 8-13;2026;0
Førstegangsvitnemålskvote;UIT;Suppleringsopptak;186 843;Lektor, 8.-13. trinn, realfag;Tromsø;LÆRER - LEKTOR 8-13;2026;0
Ordinær kvote;UIT;Suppleringsopptak;186 843;Lektor, 8.-13. trinn, realfag;Tromsø;LÆRER - LEKTOR 8-13;2026;0
Førstegangsvitnemålskvote;UIO;Hovedopptak;185 580;Lektor, 8.-13. trinn, religion og etikk;Oslo;LÆRER - LEKTOR 8-13;2026;41.5
Ordinær kvote;UIO;Hovedopptak;185 580;Lektor, 8.-13. trinn, religion og etikk;Oslo;LÆRER - LEKTOR 8-13;2026;40.5
Førstegangsvitnemålskvote;UIO;Suppleringsopptak;185 580;Lektor, 8.-13. trinn, religion og etikk;Oslo;LÆRER - LEKTOR 8-13;2026;0
Ordinær kvote;UIO;Suppleringsopptak;185 580;Lektor, 8.-13. trinn, religion og etikk;Oslo;LÆRER - LEKTOR 8-13;2026;0
Førstegangsvitnemålskvote;UIB;Hovedopptak;184 580;Lektor, 8.-13. trinn, religionsvitenskap;Bergen;LÆRER - LEKTOR 8-13;2026;0
Ordinær kvote;UIB;Hovedopptak;184 580;Lektor, 8.-13. trinn, religionsvitenskap;Bergen;LÆRER - LEKTOR 8-13;2026;0
Førstegangsvitnemålskvote;UIB;Suppleringsopptak;184 580;Lektor, 8.-13. trinn, religionsvitenskap;Bergen;LÆRER - LEKTOR 8-13;2026;0
Ordinær kvote;UIB;Suppleringsopptak;184 580;Lektor, 8.-13. trinn, religionsvitenskap;Bergen;LÆRER - LEKTOR 8-13;2026;0
Førstegangsvitnemålskvote;NORD;Hovedopptak;204 934;Lektor, 8.-13. trinn, samfunnsfag;Bodø;LÆRER - LEKTOR 8-13;2026;0
Ordinær kvote;NORD;Hovedopptak;204 934;Lektor, 8.-13. trinn, samfunnsfag;Bodø;LÆRER - LEKTOR 8-13;2026;0
Førstegangsvitnemålskvote;NORD;Suppleringsopptak;204 934;Lektor, 8.-13. trinn, samfunnsfag;Bodø;LÆRER - LEKTOR 8-13;2026;0
Ordinær kvote;NORD;Suppleringsopptak;204 934;Lektor, 8.-13. trinn, samfunnsfag;Bodø;LÆRER - LEKTOR 8-13;2026;0
Førstegangsvitnemålskvote;UIO;Hovedopptak;185 934;Lektor, 8.-13. trinn, samfunnsfag;Oslo;LÆRER - LEKTOR 8-13;2026;47.7
Ordinær kvote;UIO;Hovedopptak;185 934;Lektor, 8.-13. trinn, samfunnsfag;Oslo;LÆRER - LEKTOR 8-13;2026;51.2
Førstegangsvitnemålskvote;UIO;Suppleringsopptak;185 934;Lektor, 8.-13. trinn, samfunnsfag;Oslo;LÆRER - LEKTOR 8-13;2026;47.1
Ordinær kvote;UIO;Suppleringsopptak;185 934;Lektor, 8.-13. trinn, samfunnsfag;Oslo;LÆRER - LEKTOR 8-13;2026;51
Førstegangsvitnemålskvote;UIB;Hovedopptak;184 934;Lektor, 8.-13. trinn, sosiologi;Bergen;LÆRER - LEKTOR 8-13;2026;48.6
Ordinær kvote;UIB;Hovedopptak;184 934;Lektor, 8.-13. trinn, sosiologi;Bergen;LÆRER - LEKTOR 8-13;2026;52.7
Førstegangsvitnemålskvote;UIB;Suppleringsopptak;184 934;Lektor, 8.-13. trinn, sosiologi;Bergen;LÆRER - LEKTOR 8-13;2026;48.6
Ordinær kvote;UIB;Suppleringsopptak;184 934;Lektor, 8.-13. trinn, sosiologi;Bergen;LÆRER - LEKTOR 8-13;2026;52.7
Førstegangsvitnemålskvote;UIB;Hovedopptak;184 935;Lektor, 8.-13. trinn, spansk;Bergen;LÆRER - LEKTOR 8-13;2026;0
Ordinær kvote;UIB;Hovedopptak;184 935;Lektor, 8.-13. trinn, spansk;Bergen;LÆRER - LEKTOR 8-13;2026;0
Førstegangsvitnemålskvote;UIB;Suppleringsopptak;184 935;Lektor, 8.-13. trinn, spansk;Bergen;LÆRER - LEKTOR 8-13;2026;0
Ordinær kvote;UIB;Suppleringsopptak;184 935;Lektor, 8.-13. trinn, spansk;Bergen;LÆRER - LEKTOR 8-13;2026;0
Førstegangsvitnemålskvote;UIT;Hovedopptak;186 844;Lektor, 8.-13. trinn, språk og samfunnsfag;Tromsø;LÆRER - LEKTOR 8-13;2026;0
Ordinær kvote;UIT;Hovedopptak;186 844;Lektor, 8.-13. trinn, språk og samfunnsfag;Tromsø;LÆRER - LEKTOR 8-13;2026;0
Førstegangsvitnemålskvote;UIT;Suppleringsopptak;186 844;Lektor, 8.-13. trinn, språk og samfunnsfag;Tromsø;LÆRER - LEKTOR 8-13;2026;0
Ordinær kvote;UIT;Suppleringsopptak;186 844;Lektor, 8.-13. trinn, språk og samfunnsfag;Tromsø;LÆRER - LEKTOR 8-13;2026;0
Førstegangsvitnemålskvote;INN;Hovedopptak;209 935;Lektor, 8.-13. trinn, språkfag;Hamar;LÆRER - LEKTOR 8-13;2026;0
Ordinær kvote;INN;Hovedopptak;209 935;Lektor, 8.-13. trinn, språkfag;Hamar;LÆRER - LEKTOR 8-13;2026;0
Førstegangsvitnemålskvote;INN;Suppleringsopptak;209 935;Lektor, 8.-13. trinn, språkfag;Hamar;LÆRER - LEKTOR 8-13;2026;0
Ordinær kvote;INN;Suppleringsopptak;209 935;Lektor, 8.-13. trinn, språkfag;Hamar;LÆRER - LEKTOR 8-13;2026;0
Førstegangsvitnemålskvote;UIB;Hovedopptak;184 689;Lektor, 8.-13. trinn, tysk;Bergen;LÆRER - LEKTOR 8-13;2026;-1
Ordinær kvote;UIB;Hovedopptak;184 689;Lektor, 8.-13. trinn, tysk;Bergen;LÆRER - LEKTOR 8-13;2026;-1
Førstegangsvitnemålskvote;UIB;Suppleringsopptak;184 689;Lektor, 8.-13. trinn, tysk;Bergen;LÆRER - LEKTOR 8-13;2026;-1
Ordinær kvote;UIB;Suppleringsopptak;184 689;Lektor, 8.-13. trinn, tysk;Bergen;LÆRER - LEKTOR 8-13;2026;-1
Førstegangsvitnemålskvote;MF;Hovedopptak;190 934;Lektor, 8.-13.trinn, samfunns- og religionsfag;Oslo;LÆRER - LEKTOR 8-13;2026;0
Ordinær kvote;MF;Hovedopptak;190 934;Lektor, 8.-13.trinn, samfunns- og religionsfag;Oslo;LÆRER - LEKTOR 8-13;2026;0
Førstegangsvitnemålskvote;MF;Suppleringsopptak;190 934;Lektor, 8.-13.trinn, samfunns- og religionsfag;Oslo;LÆRER - LEKTOR 8-13;2026;0
Ordinær kvote;MF;Suppleringsopptak;190 934;Lektor, 8.-13.trinn, samfunns- og religionsfag;Oslo;LÆRER - LEKTOR 8-13;2026;0
Førstegangsvitnemålskvote;USN;Hovedopptak;222 684;Lektor, historie, 8.-13. trinn;Horten;LÆRER - LEKTOR 8-13;2026;0
Ordinær kvote;USN;Hovedopptak;222 684;Lektor, historie, 8.-13. trinn;Horten;LÆRER - LEKTOR 8-13;2026;0
Førstegangsvitnemålskvote;USN;Suppleringsopptak;222 684;Lektor, historie, 8.-13. trinn;Horten;LÆRER - LEKTOR 8-13;2026;0
Ordinær kvote;USN;Suppleringsopptak;222 684;Lektor, historie, 8.-13. trinn;Horten;LÆRER - LEKTOR 8-13;2026;0
Førstegangsvitnemålskvote;UIT;Hovedopptak;186 222;Likestilling og kjønn;Tromsø;SAMFUNN;2026;0
Ordinær kvote;UIT;Hovedopptak;186 222;Likestilling og kjønn;Tromsø;SAMFUNN;2026;0
Førstegangsvitnemålskvote;UIT;Suppleringsopptak;186 222;Likestilling og kjønn;Tromsø;SAMFUNN;2026;0
Ordinær kvote;UIT;Suppleringsopptak;186 222;Likestilling og kjønn;Tromsø;SAMFUNN;2026;0
Førstegangsvitnemålskvote;NTNU;Hovedopptak;194 222;Likestilling og mangfold;Trondheim;HISTORIE;2026;0
Ordinær kvote;NTNU;Hovedopptak;194 222;Likestilling og mangfold;Trondheim;HISTORIE;2026;0
Førstegangsvitnemålskvote;NTNU;Suppleringsopptak;194 222;Likestilling og mangfold;Trondheim;HISTORIE;2026;0
Ordinær kvote;NTNU;Suppleringsopptak;194 222;Likestilling og mangfold;Trondheim;HISTORIE;2026;0
Førstegangsvitnemålskvote;UIO;Hovedopptak;185 893;Lingvistikk;Oslo;SPRÅK;2026;0
Ordinær kvote;UIO;Hovedopptak;185 893;Lingvistikk;Oslo;SPRÅK;2026;0
Førstegangsvitnemålskvote;UIO;Suppleringsopptak;185 893;Lingvistikk;Oslo;SPRÅK;2026;0
Ordinær kvote;UIO;Suppleringsopptak;185 893;Lingvistikk;Oslo;SPRÅK;2026;0
Førstegangsvitnemålskvote;UIB;Hovedopptak;184 922;Litteraturvitenskap;Bergen;HISTORIE;2026;0
Ordinær kvote;UIB;Hovedopptak;184 922;Litteraturvitenskap;Bergen;HISTORIE;2026;0
Førstegangsvitnemålskvote;UIB;Suppleringsopptak;184 922;Litteraturvitenskap;Bergen;HISTORIE;2026;0
Ordinær kvote;UIB;Suppleringsopptak;184 922;Litteraturvitenskap;Bergen;HISTORIE;2026;0
Førstegangsvitnemålskvote;HIM;Hovedopptak;211 627;Logistikk;Molde;ØKADM;2026;0
Ordinær kvote;HIM;Hovedopptak;211 627;Logistikk;Molde;ØKADM;2026;0
Førstegangsvitnemålskvote;HIM;Suppleringsopptak;211 627;Logistikk;Molde;ØKADM;2026;0
Ordinær kvote;HIM;Suppleringsopptak;211 627;Logistikk;Molde;ØKADM;2026;0
Førstegangsvitnemålskvote;UIT;Hovedopptak;186 627;Logistikk og forsyningsledelse ;Harstad;ØKADM;2026;0
Ordinær kvote;UIT;Hovedopptak;186 627;Logistikk og forsyningsledelse ;Harstad;ØKADM;2026;0
Førstegangsvitnemålskvote;UIT;Suppleringsopptak;186 627;Logistikk og forsyningsledelse ;Harstad;ØKADM;2026;0
Ordinær kvote;UIT;Suppleringsopptak;186 627;Logistikk og forsyningsledelse ;Harstad;ØKADM;2026;0
Førstegangsvitnemålskvote;HIM;Hovedopptak;211 292;Logistikk og Supply Chain Management;Molde;ØKADM;2026;0
Ordinær kvote;HIM;Hovedopptak;211 292;Logistikk og Supply Chain Management;Molde;ØKADM;2026;0
Førstegangsvitnemålskvote;HIM;Suppleringsopptak;211 292;Logistikk og Supply Chain Management;Molde;ØKADM;2026;0
Ordinær kvote;HIM;Suppleringsopptak;211 292;Logistikk og Supply Chain Management;Molde;ØKADM;2026;0
Førstegangsvitnemålskvote;NTNU;Hovedopptak;194 432;Logistikkledelse;Gjøvik;ØKADM;2026;36.5
Ordinær kvote;NTNU;Hovedopptak;194 432;Logistikkledelse;Gjøvik;ØKADM;2026;39.1
Førstegangsvitnemålskvote;NTNU;Suppleringsopptak;194 432;Logistikkledelse;Gjøvik;ØKADM;2026;33.8
Ordinær kvote;NTNU;Suppleringsopptak;194 432;Logistikkledelse;Gjøvik;ØKADM;2026;38.7
Førstegangsvitnemålskvote;NORD;Hovedopptak;204 064;Lulesamisk;Bodø;SPRÅK;2026;-1
Ordinær kvote;NORD;Hovedopptak;204 064;Lulesamisk;Bodø;SPRÅK;2026;0
Førstegangsvitnemålskvote;NORD;Suppleringsopptak;204 064;Lulesamisk;Bodø;SPRÅK;2026;0
Ordinær kvote;NORD;Suppleringsopptak;204 064;Lulesamisk;Bodø;SPRÅK;2026;0
Førstegangsvitnemålskvote;HIM;Hovedopptak;211 432;Marin logistikk og økonomi;Kristiansund;ØKADM;2026;0
Ordinær kvote;HIM;Hovedopptak;211 432;Marin logistikk og økonomi;Kristiansund;ØKADM;2026;0
Førstegangsvitnemålskvote;HIM;Suppleringsopptak;211 432;Marin logistikk og økonomi;Kristiansund;ØKADM;2026;0
Ordinær kvote;HIM;Suppleringsopptak;211 432;Marin logistikk og økonomi;Kristiansund;ØKADM;2026;0
Førstegangsvitnemålskvote;NTNU;Hovedopptak;194 765;Marin teknikk;Trondheim;TEKNO - SIVING;2026;55.2
Ordinær kvote;NTNU;Hovedopptak;194 765;Marin teknikk;Trondheim;TEKNO - SIVING;2026;57.6
Førstegangsvitnemålskvote;NTNU;Suppleringsopptak;194 765;Marin teknikk;Trondheim;TEKNO - SIVING;2026;55.2
Ordinær kvote;NTNU;Suppleringsopptak;194 765;Marin teknikk;Trondheim;TEKNO - SIVING;2026;57.6
Førstegangsvitnemålskvote;USN;Hovedopptak;222 352;Marinteknisk drift;Horten;TEKNO - MARITIM;2026;35.2
Ordinær kvote;USN;Hovedopptak;222 352;Marinteknisk drift;Horten;TEKNO - MARITIM;2026;43
Førstegangsvitnemålskvote;USN;Suppleringsopptak;222 352;Marinteknisk drift;Horten;TEKNO - MARITIM;2026;35.2
Ordinær kvote;USN;Suppleringsopptak;222 352;Marinteknisk drift;Horten;TEKNO - MARITIM;2026;43
Førstegangsvitnemålskvote;NORD;Hovedopptak;204 473;Markedsføring og ledelse;Bodø;ØKADM;2026;0
Ordinær kvote;NORD;Hovedopptak;204 473;Markedsføring og ledelse;Bodø;ØKADM;2026;0
Førstegangsvitnemålskvote;NORD;Suppleringsopptak;204 473;Markedsføring og ledelse;Bodø;ØKADM;2026;0
Ordinær kvote;NORD;Suppleringsopptak;204 473;Markedsføring og ledelse;Bodø;ØKADM;2026;0
Førstegangsvitnemålskvote;UIA;Hovedopptak;201 359;Markedsføring og ledelse;Kristiansand;ØKADM;2026;44.6
Ordinær kvote;UIA;Hovedopptak;201 359;Markedsføring og ledelse;Kristiansand;ØKADM;2026;45.9
Førstegangsvitnemålskvote;UIA;Suppleringsopptak;201 359;Markedsføring og ledelse;Kristiansand;ØKADM;2026;44.6
Ordinær kvote;UIA;Suppleringsopptak;201 359;Markedsføring og ledelse;Kristiansand;ØKADM;2026;45.9
Førstegangsvitnemålskvote;INN;Hovedopptak;209 470;Markedsføring og serviceledelse;Åmot;ØKADM;2026;0
Ordinær kvote;INN;Hovedopptak;209 470;Markedsføring og serviceledelse;Åmot;ØKADM;2026;0
Førstegangsvitnemålskvote;INN;Suppleringsopptak;209 470;Markedsføring og serviceledelse;Åmot;ØKADM;2026;0
Ordinær kvote;INN;Suppleringsopptak;209 470;Markedsføring og serviceledelse;Åmot;ØKADM;2026;0
Førstegangsvitnemålskvote;NTNU;Hovedopptak;194 359;Markedsføring, innovasjon og ledelse;Ålesund;ØKADM;2026;42.2
Ordinær kvote;NTNU;Hovedopptak;194 359;Markedsføring, innovasjon og ledelse;Ålesund;ØKADM;2026;41.8
Førstegangsvitnemålskvote;NTNU;Suppleringsopptak;194 359;Markedsføring, innovasjon og ledelse;Ålesund;ØKADM;2026;42.2
Ordinær kvote;NTNU;Suppleringsopptak;194 359;Markedsføring, innovasjon og ledelse;Ålesund;ØKADM;2026;41.8
Førstegangsvitnemålskvote;USN;Hovedopptak;222 359;Markedsføringsledelse;Ringerike;ØKADM;2026;0
Ordinær kvote;USN;Hovedopptak;222 359;Markedsføringsledelse;Ringerike;ØKADM;2026;0
Førstegangsvitnemålskvote;USN;Suppleringsopptak;222 359;Markedsføringsledelse;Ringerike;ØKADM;2026;0
Ordinær kvote;USN;Suppleringsopptak;222 359;Markedsføringsledelse;Ringerike;ØKADM;2026;0
Førstegangsvitnemålskvote;UIT;Hovedopptak;186 206;Markedsføringsledelse ;Harstad;ØKADM;2026;0
Ordinær kvote;UIT;Hovedopptak;186 206;Markedsføringsledelse ;Harstad;ØKADM;2026;0
Førstegangsvitnemålskvote;UIT;Suppleringsopptak;186 206;Markedsføringsledelse ;Harstad;ØKADM;2026;0
Ordinær kvote;UIT;Suppleringsopptak;186 206;Markedsføringsledelse ;Harstad;ØKADM;2026;0
Førstegangsvitnemålskvote;NTNU;Hovedopptak;194 762;Maskin- og energiteknologi;Trondheim;TEKNO - SIVING;2026;57.6
Ordinær kvote;NTNU;Hovedopptak;194 762;Maskin- og energiteknologi;Trondheim;TEKNO - SIVING;2026;59.8
Førstegangsvitnemålskvote;NTNU;Suppleringsopptak;194 762;Maskin- og energiteknologi;Trondheim;TEKNO - SIVING;2026;57.6
Ordinær kvote;NTNU;Suppleringsopptak;194 762;Maskin- og energiteknologi;Trondheim;TEKNO - SIVING;2026;59.8
Førstegangsvitnemålskvote;INN;Hovedopptak;209 646;Mat, ernæring og helse;Elverum;HELSEFAG - ERNÆRING;2026;0
Ordinær kvote;INN;Hovedopptak;209 646;Mat, ernæring og helse;Elverum;HELSEFAG - ERNÆRING;2026;56
Førstegangsvitnemålskvote;INN;Suppleringsopptak;209 646;Mat, ernæring og helse;Elverum;HELSEFAG - ERNÆRING;2026;0
Ordinær kvote;INN;Suppleringsopptak;209 646;Mat, ernæring og helse;Elverum;HELSEFAG - ERNÆRING;2026;56
Førstegangsvitnemålskvote;NMBU;Hovedopptak;192 203;Mat, teknologi og helse;Ås;REALFAG;2026;0
Ordinær kvote;NMBU;Hovedopptak;192 203;Mat, teknologi og helse;Ås;REALFAG;2026;0
Førstegangsvitnemålskvote;NMBU;Suppleringsopptak;192 203;Mat, teknologi og helse;Ås;REALFAG;2026;0
Ordinær kvote;NMBU;Suppleringsopptak;192 203;Mat, teknologi og helse;Ås;REALFAG;2026;0
Førstegangsvitnemålskvote;UIB;Hovedopptak;184 862;Matematikk;Bergen;REALFAG;2026;0
Ordinær kvote;UIB;Hovedopptak;184 862;Matematikk;Bergen;REALFAG;2026;0
Førstegangsvitnemålskvote;UIB;Suppleringsopptak;184 862;Matematikk;Bergen;REALFAG;2026;-1
Ordinær kvote;UIB;Suppleringsopptak;184 862;Matematikk;Bergen;REALFAG;2026;-1
Førstegangsvitnemålskvote;UIA;Hovedopptak;201 205;Matematikk;Kristiansand;REALFAG;2026;0
Ordinær kvote;UIA;Hovedopptak;201 205;Matematikk;Kristiansand;REALFAG;2026;0
Førstegangsvitnemålskvote;UIA;Suppleringsopptak;201 205;Matematikk;Kristiansand;REALFAG;2026;0
Ordinær kvote;UIA;Suppleringsopptak;201 205;Matematikk;Kristiansand;REALFAG;2026;0
Førstegangsvitnemålskvote;UIO;Hovedopptak;185 205;Matematikk;Oslo;REALFAG;2026;0
Ordinær kvote;UIO;Hovedopptak;185 205;Matematikk;Oslo;REALFAG;2026;0
Førstegangsvitnemålskvote;UIO;Suppleringsopptak;185 205;Matematikk;Oslo;REALFAG;2026;0
Ordinær kvote;UIO;Suppleringsopptak;185 205;Matematikk;Oslo;REALFAG;2026;0
Førstegangsvitnemålskvote;UIS;Hovedopptak;217 205;Matematikk;Stavanger;REALFAG;2026;0
Ordinær kvote;UIS;Hovedopptak;217 205;Matematikk;Stavanger;REALFAG;2026;0
Førstegangsvitnemålskvote;UIS;Suppleringsopptak;217 205;Matematikk;Stavanger;REALFAG;2026;0
Ordinær kvote;UIS;Suppleringsopptak;217 205;Matematikk;Stavanger;REALFAG;2026;0
Førstegangsvitnemålskvote;UIT;Hovedopptak;186 205;Matematikk;Tromsø;REALFAG;2026;0
Ordinær kvote;UIT;Hovedopptak;186 205;Matematikk;Tromsø;REALFAG;2026;0
Førstegangsvitnemålskvote;UIT;Suppleringsopptak;186 205;Matematikk;Tromsø;REALFAG;2026;0
Ordinær kvote;UIT;Suppleringsopptak;186 205;Matematikk;Tromsø;REALFAG;2026;0
Førstegangsvitnemålskvote;UIS;Hovedopptak;217 747;Matematikk og fysikk;Stavanger;REALFAG;2026;0
Ordinær kvote;UIS;Hovedopptak;217 747;Matematikk og fysikk;Stavanger;REALFAG;2026;0
Førstegangsvitnemålskvote;UIS;Suppleringsopptak;217 747;Matematikk og fysikk;Stavanger;REALFAG;2026;0
Ordinær kvote;UIS;Suppleringsopptak;217 747;Matematikk og fysikk;Stavanger;REALFAG;2026;0
Førstegangsvitnemålskvote;UIO;Hovedopptak;185 555;Matematikk: data, modellering og beregninger;Oslo;REALFAG;2026;0
Ordinær kvote;UIO;Hovedopptak;185 555;Matematikk: data, modellering og beregninger;Oslo;REALFAG;2026;46.3
Førstegangsvitnemålskvote;UIO;Suppleringsopptak;185 555;Matematikk: data, modellering og beregninger;Oslo;REALFAG;2026;0
Ordinær kvote;UIO;Suppleringsopptak;185 555;Matematikk: data, modellering og beregninger;Oslo;REALFAG;2026;45.2
Førstegangsvitnemålskvote;UIO;Hovedopptak;185 381;Matematikk: finans, forsikring og økonomi;Oslo;REALFAG;2026;48.8
Ordinær kvote;UIO;Hovedopptak;185 381;Matematikk: finans, forsikring og økonomi;Oslo;REALFAG;2026;61
Førstegangsvitnemålskvote;UIO;Suppleringsopptak;185 381;Matematikk: finans, forsikring og økonomi;Oslo;REALFAG;2026;46.6
Ordinær kvote;UIO;Suppleringsopptak;185 381;Matematikk: finans, forsikring og økonomi;Oslo;REALFAG;2026;59.7
Førstegangsvitnemålskvote;UIO;Hovedopptak;185 464;Matematikk: teoretisk og anvendt matematikk;Oslo;REALFAG;2026;0
Ordinær kvote;UIO;Hovedopptak;185 464;Matematikk: teoretisk og anvendt matematikk;Oslo;REALFAG;2026;51.5
Førstegangsvitnemålskvote;UIO;Suppleringsopptak;185 464;Matematikk: teoretisk og anvendt matematikk;Oslo;REALFAG;2026;0
Ordinær kvote;UIO;Suppleringsopptak;185 464;Matematikk: teoretisk og anvendt matematikk;Oslo;REALFAG;2026;50.1
Førstegangsvitnemålskvote;NTNU;Hovedopptak;194 205;Matematiske fag, årsstudium;Trondheim;REALFAG;2026;0
Ordinær kvote;NTNU;Hovedopptak;194 205;Matematiske fag, årsstudium;Trondheim;REALFAG;2026;0
Førstegangsvitnemålskvote;NTNU;Suppleringsopptak;194 205;Matematiske fag, årsstudium;Trondheim;REALFAG;2026;0
Ordinær kvote;NTNU;Suppleringsopptak;194 205;Matematiske fag, årsstudium;Trondheim;REALFAG;2026;0
Førstegangsvitnemålskvote;NTNU;Hovedopptak;194 862;Matematiske fag, bachelor;Trondheim;REALFAG;2026;49.4
Ordinær kvote;NTNU;Hovedopptak;194 862;Matematiske fag, bachelor;Trondheim;REALFAG;2026;48.5
Førstegangsvitnemålskvote;NTNU;Suppleringsopptak;194 862;Matematiske fag, bachelor;Trondheim;REALFAG;2026;49.4
Ordinær kvote;NTNU;Suppleringsopptak;194 862;Matematiske fag, bachelor;Trondheim;REALFAG;2026;48.5
Førstegangsvitnemålskvote;USN;Hovedopptak;222 642;Materialbasert kunst og kunstformidling;Horten;ESTETISK;2026;0
Ordinær kvote;USN;Hovedopptak;222 642;Materialbasert kunst og kunstformidling;Horten;ESTETISK;2026;0
Førstegangsvitnemålskvote;USN;Suppleringsopptak;222 642;Materialbasert kunst og kunstformidling;Horten;ESTETISK;2026;0
Ordinær kvote;USN;Suppleringsopptak;222 642;Materialbasert kunst og kunstformidling;Horten;ESTETISK;2026;0
Førstegangsvitnemålskvote;NTNU;Hovedopptak;194 346;Matvitenskap, teknologi og bærekraft;Trondheim;TEKNO - ANNET;2026;39.6
Ordinær kvote;NTNU;Hovedopptak;194 346;Matvitenskap, teknologi og bærekraft;Trondheim;TEKNO - ANNET;2026;45.8
Førstegangsvitnemålskvote;NTNU;Suppleringsopptak;194 346;Matvitenskap, teknologi og bærekraft;Trondheim;TEKNO - ANNET;2026;0
Ordinær kvote;NTNU;Suppleringsopptak;194 346;Matvitenskap, teknologi og bærekraft;Trondheim;TEKNO - ANNET;2026;0
Førstegangsvitnemålskvote;UIT;Hovedopptak;186 846;Medie- og dokumentasjonsvitenskap;Tromsø;MEDIEFAG;2026;0
Ordinær kvote;UIT;Hovedopptak;186 846;Medie- og dokumentasjonsvitenskap;Tromsø;MEDIEFAG;2026;0
Førstegangsvitnemålskvote;UIT;Suppleringsopptak;186 846;Medie- og dokumentasjonsvitenskap;Tromsø;MEDIEFAG;2026;0
Ordinær kvote;UIT;Suppleringsopptak;186 846;Medie- og dokumentasjonsvitenskap;Tromsø;MEDIEFAG;2026;0
Førstegangsvitnemålskvote;UIB;Hovedopptak;184 430;Medie- og interaksjonsdesign;Bergen;MEDIEFAG;2026;47.1
Ordinær kvote;UIB;Hovedopptak;184 430;Medie- og interaksjonsdesign;Bergen;MEDIEFAG;2026;54.8
Førstegangsvitnemålskvote;UIB;Suppleringsopptak;184 430;Medie- og interaksjonsdesign;Bergen;MEDIEFAG;2026;46.4
Ordinær kvote;UIB;Suppleringsopptak;184 430;Medie- og interaksjonsdesign;Bergen;MEDIEFAG;2026;53.6
Førstegangsvitnemålskvote;UIT;Hovedopptak;186 136;Mediefag;Alta;MEDIEFAG;2026;0
Ordinær kvote;UIT;Hovedopptak;186 136;Mediefag;Alta;MEDIEFAG;2026;0
Førstegangsvitnemålskvote;UIT;Suppleringsopptak;186 136;Mediefag;Alta;MEDIEFAG;2026;0
Ordinær kvote;UIT;Suppleringsopptak;186 136;Mediefag;Alta;MEDIEFAG;2026;0
Førstegangsvitnemålskvote;HVO;Hovedopptak;223 845;Medieproduksjon;Volda;MEDIEFAG;2026;37.3
Ordinær kvote;HVO;Hovedopptak;223 845;Medieproduksjon;Volda;MEDIEFAG;2026;33.3
Førstegangsvitnemålskvote;HVO;Suppleringsopptak;223 845;Medieproduksjon;Volda;MEDIEFAG;2026;0
Ordinær kvote;HVO;Suppleringsopptak;223 845;Medieproduksjon;Volda;MEDIEFAG;2026;0
Førstegangsvitnemålskvote;UIB;Hovedopptak;184 663;Medier og kommunikasjon, årsstudium;Bergen;MEDIEFAG;2026;40
Ordinær kvote;UIB;Hovedopptak;184 663;Medier og kommunikasjon, årsstudium;Bergen;MEDIEFAG;2026;49.7
Førstegangsvitnemålskvote;UIB;Suppleringsopptak;184 663;Medier og kommunikasjon, årsstudium;Bergen;MEDIEFAG;2026;39.6
Ordinær kvote;UIB;Suppleringsopptak;184 663;Medier og kommunikasjon, årsstudium;Bergen;MEDIEFAG;2026;49.7
Førstegangsvitnemålskvote;OSLOMET;Hovedopptak;215 604;Medier og kommunikasjon, årsstudium;Oslo;MEDIEFAG;2026;49.5
Førstegangsvitnemålskvote;UIO;Hovedopptak;185 604;Medier og kommunikasjon, årsstudium;Oslo;MEDIEFAG;2026;0
Ordinær kvote;OSLOMET;Hovedopptak;215 604;Medier og kommunikasjon, årsstudium;Oslo;MEDIEFAG;2026;62.8
Ordinær kvote;UIO;Hovedopptak;185 604;Medier og kommunikasjon, årsstudium;Oslo;MEDIEFAG;2026;53.6
Førstegangsvitnemålskvote;OSLOMET;Suppleringsopptak;215 604;Medier og kommunikasjon, årsstudium;Oslo;MEDIEFAG;2026;48.8
Førstegangsvitnemålskvote;UIO;Suppleringsopptak;185 604;Medier og kommunikasjon, årsstudium;Oslo;MEDIEFAG;2026;0
Ordinær kvote;OSLOMET;Suppleringsopptak;215 604;Medier og kommunikasjon, årsstudium;Oslo;MEDIEFAG;2026;61
Ordinær kvote;UIO;Suppleringsopptak;185 604;Medier og kommunikasjon, årsstudium;Oslo;MEDIEFAG;2026;53.6
Førstegangsvitnemålskvote;UIB;Hovedopptak;184 851;Medier og kommunikasjon, bachelor;Bergen;MEDIEFAG;2026;42
Ordinær kvote;UIB;Hovedopptak;184 851;Medier og kommunikasjon, bachelor;Bergen;MEDIEFAG;2026;43.4
Førstegangsvitnemålskvote;UIB;Suppleringsopptak;184 851;Medier og kommunikasjon, bachelor;Bergen;MEDIEFAG;2026;39.6
Ordinær kvote;UIB;Suppleringsopptak;184 851;Medier og kommunikasjon, bachelor;Bergen;MEDIEFAG;2026;43.3
Førstegangsvitnemålskvote;OSLOMET;Hovedopptak;215 850;Medier og kommunikasjon, bachelor;Oslo;MEDIEFAG;2026;46
Førstegangsvitnemålskvote;UIO;Hovedopptak;185 851;Medier og kommunikasjon, bachelor;Oslo;MEDIEFAG;2026;42.3
Ordinær kvote;OSLOMET;Hovedopptak;215 850;Medier og kommunikasjon, bachelor;Oslo;MEDIEFAG;2026;52.3
Ordinær kvote;UIO;Hovedopptak;185 851;Medier og kommunikasjon, bachelor;Oslo;MEDIEFAG;2026;48.4
Førstegangsvitnemålskvote;OSLOMET;Suppleringsopptak;215 850;Medier og kommunikasjon, bachelor;Oslo;MEDIEFAG;2026;45.8
Førstegangsvitnemålskvote;UIO;Suppleringsopptak;185 851;Medier og kommunikasjon, bachelor;Oslo;MEDIEFAG;2026;42.3
Ordinær kvote;OSLOMET;Suppleringsopptak;215 850;Medier og kommunikasjon, bachelor;Oslo;MEDIEFAG;2026;51.7
Ordinær kvote;UIO;Suppleringsopptak;185 851;Medier og kommunikasjon, bachelor;Oslo;MEDIEFAG;2026;48.4
Førstegangsvitnemålskvote;NTNU;Hovedopptak;194 136;Medievitenskap, årsstudium;Trondheim;MEDIEFAG;2026;0
Ordinær kvote;NTNU;Hovedopptak;194 136;Medievitenskap, årsstudium;Trondheim;MEDIEFAG;2026;0
Førstegangsvitnemålskvote;NTNU;Suppleringsopptak;194 136;Medievitenskap, årsstudium;Trondheim;MEDIEFAG;2026;0
Ordinær kvote;NTNU;Suppleringsopptak;194 136;Medievitenskap, årsstudium;Trondheim;MEDIEFAG;2026;0
Førstegangsvitnemålskvote;NTNU;Hovedopptak;194 851;Medievitenskap, bachelor;Trondheim;MEDIEFAG;2026;40.4
Ordinær kvote;NTNU;Hovedopptak;194 851;Medievitenskap, bachelor;Trondheim;MEDIEFAG;2026;37
Førstegangsvitnemålskvote;NTNU;Suppleringsopptak;194 851;Medievitenskap, bachelor;Trondheim;MEDIEFAG;2026;40.4
Ordinær kvote;NTNU;Suppleringsopptak;194 851;Medievitenskap, bachelor;Trondheim;MEDIEFAG;2026;37
Førstegangsvitnemålskvote;UIT;Hovedopptak;186 740;Medisin;Tromsø;HELSEFAG - MEDISIN;2026;56.5
Ordinær kvote;UIT;Hovedopptak;186 740;Medisin;Tromsø;HELSEFAG - MEDISIN;2026;65.8
Førstegangsvitnemålskvote;UIT;Suppleringsopptak;186 740;Medisin;Tromsø;HELSEFAG - MEDISIN;2026;56.5
Ordinær kvote;UIT;Suppleringsopptak;186 740;Medisin;Tromsø;HELSEFAG - MEDISIN;2026;65.8
Førstegangsvitnemålskvote;UIB;Hovedopptak;184 740;Medisin, Bergen;Bergen;HELSEFAG - MEDISIN;2026;59
Ordinær kvote;UIB;Hovedopptak;184 740;Medisin, Bergen;Bergen;HELSEFAG - MEDISIN;2026;67.2
Førstegangsvitnemålskvote;UIB;Suppleringsopptak;184 740;Medisin, Bergen;Bergen;HELSEFAG - MEDISIN;2026;58.9
Ordinær kvote;UIB;Suppleringsopptak;184 740;Medisin, Bergen;Bergen;HELSEFAG - MEDISIN;2026;67.2
Førstegangsvitnemålskvote;UIB;Hovedopptak;184 498;Medisin, Bergen/Førde;Bergen;HELSEFAG - MEDISIN;2026;56.8
Ordinær kvote;UIB;Hovedopptak;184 498;Medisin, Bergen/Førde;Bergen;HELSEFAG - MEDISIN;2026;65.9
Førstegangsvitnemålskvote;UIB;Suppleringsopptak;184 498;Medisin, Bergen/Førde;Bergen;HELSEFAG - MEDISIN;2026;56.6
Ordinær kvote;UIB;Suppleringsopptak;184 498;Medisin, Bergen/Førde;Bergen;HELSEFAG - MEDISIN;2026;65.8
Førstegangsvitnemålskvote;UIB;Hovedopptak;184 497;Medisin, Bergen/Haugesund;Bergen;HELSEFAG - MEDISIN;2026;57
Ordinær kvote;UIB;Hovedopptak;184 497;Medisin, Bergen/Haugesund;Bergen;HELSEFAG - MEDISIN;2026;66.3
Førstegangsvitnemålskvote;UIB;Suppleringsopptak;184 497;Medisin, Bergen/Haugesund;Bergen;HELSEFAG - MEDISIN;2026;56.8
Ordinær kvote;UIB;Suppleringsopptak;184 497;Medisin, Bergen/Haugesund;Bergen;HELSEFAG - MEDISIN;2026;66
Førstegangsvitnemålskvote;UIB;Hovedopptak;184 499;Medisin, Bergen/Stavanger;Bergen;HELSEFAG - MEDISIN;2026;57.6
Ordinær kvote;UIB;Hovedopptak;184 499;Medisin, Bergen/Stavanger;Bergen;HELSEFAG - MEDISIN;2026;66.6
Førstegangsvitnemålskvote;UIB;Suppleringsopptak;184 499;Medisin, Bergen/Stavanger;Bergen;HELSEFAG - MEDISIN;2026;57.3
Ordinær kvote;UIB;Suppleringsopptak;184 499;Medisin, Bergen/Stavanger;Bergen;HELSEFAG - MEDISIN;2026;66.6
Førstegangsvitnemålskvote;UIO;Hovedopptak;185 740;Medisin, Oslo, høst;Oslo;HELSEFAG - MEDISIN;2026;60
Ordinær kvote;UIO;Hovedopptak;185 740;Medisin, Oslo, høst;Oslo;HELSEFAG - MEDISIN;2026;69
Førstegangsvitnemålskvote;UIO;Suppleringsopptak;185 740;Medisin, Oslo, høst;Oslo;HELSEFAG - MEDISIN;2026;60
Ordinær kvote;UIO;Suppleringsopptak;185 740;Medisin, Oslo, høst;Oslo;HELSEFAG - MEDISIN;2026;69
Førstegangsvitnemålskvote;UIO;Hovedopptak;185 745;Medisin, Oslo, vår;Oslo;HELSEFAG - MEDISIN;2026;57.6
Ordinær kvote;UIO;Hovedopptak;185 745;Medisin, Oslo, vår;Oslo;HELSEFAG - MEDISIN;2026;67.5
Førstegangsvitnemålskvote;UIO;Suppleringsopptak;185 745;Medisin, Oslo, vår;Oslo;HELSEFAG - MEDISIN;2026;57.6
Ordinær kvote;UIO;Suppleringsopptak;185 745;Medisin, Oslo, vår;Oslo;HELSEFAG - MEDISIN;2026;67.5
Førstegangsvitnemålskvote;UIO;Hovedopptak;185 497;Medisin, Oslo/Innlandet, høst;Oslo;HELSEFAG - MEDISIN;2026;57.5
Ordinær kvote;UIO;Hovedopptak;185 497;Medisin, Oslo/Innlandet, høst;Oslo;HELSEFAG - MEDISIN;2026;67.3
Førstegangsvitnemålskvote;UIO;Suppleringsopptak;185 497;Medisin, Oslo/Innlandet, høst;Oslo;HELSEFAG - MEDISIN;2026;57.5
Ordinær kvote;UIO;Suppleringsopptak;185 497;Medisin, Oslo/Innlandet, høst;Oslo;HELSEFAG - MEDISIN;2026;67.3
Førstegangsvitnemålskvote;UIO;Hovedopptak;185 498;Medisin, Oslo/Kristiansand, høst;Oslo;HELSEFAG - MEDISIN;2026;58.8
Ordinær kvote;UIO;Hovedopptak;185 498;Medisin, Oslo/Kristiansand, høst;Oslo;HELSEFAG - MEDISIN;2026;67.6
Førstegangsvitnemålskvote;UIO;Suppleringsopptak;185 498;Medisin, Oslo/Kristiansand, høst;Oslo;HELSEFAG - MEDISIN;2026;58.8
Ordinær kvote;UIO;Suppleringsopptak;185 498;Medisin, Oslo/Kristiansand, høst;Oslo;HELSEFAG - MEDISIN;2026;67.5
Førstegangsvitnemålskvote;UIO;Hovedopptak;185 499;Medisin, Oslo/Kristiansand, vår;Oslo;HELSEFAG - MEDISIN;2026;56.9
Ordinær kvote;UIO;Hovedopptak;185 499;Medisin, Oslo/Kristiansand, vår;Oslo;HELSEFAG - MEDISIN;2026;67.2
Førstegangsvitnemålskvote;UIO;Suppleringsopptak;185 499;Medisin, Oslo/Kristiansand, vår;Oslo;HELSEFAG - MEDISIN;2026;56.9
Ordinær kvote;UIO;Suppleringsopptak;185 499;Medisin, Oslo/Kristiansand, vår;Oslo;HELSEFAG - MEDISIN;2026;67.2
Førstegangsvitnemålskvote;NTNU;Hovedopptak;194 740;Medisin, Trondheim;Trondheim;HELSEFAG - MEDISIN;2026;60.8
Ordinær kvote;NTNU;Hovedopptak;194 740;Medisin, Trondheim;Trondheim;HELSEFAG - MEDISIN;2026;68.2
Førstegangsvitnemålskvote;NTNU;Suppleringsopptak;194 740;Medisin, Trondheim;Trondheim;HELSEFAG - MEDISIN;2026;60.8
Ordinær kvote;NTNU;Suppleringsopptak;194 740;Medisin, Trondheim;Trondheim;HELSEFAG - MEDISIN;2026;68.2
Førstegangsvitnemålskvote;NTNU;Hovedopptak;194 499;Medisin, Trondheim/Ålesund;Ålesund;HELSEFAG - MEDISIN;2026;58.6
Ordinær kvote;NTNU;Hovedopptak;194 499;Medisin, Trondheim/Ålesund;Ålesund;HELSEFAG - MEDISIN;2026;66.8
Førstegangsvitnemålskvote;NTNU;Suppleringsopptak;194 499;Medisin, Trondheim/Ålesund;Ålesund;HELSEFAG - MEDISIN;2026;58.6
Ordinær kvote;NTNU;Suppleringsopptak;194 499;Medisin, Trondheim/Ålesund;Ålesund;HELSEFAG - MEDISIN;2026;66.8
Førstegangsvitnemålskvote;NTNU;Hovedopptak;194 497;Medisin, Trondheim/Gjøvik;Gjøvik;HELSEFAG - MEDISIN;2026;57.3
Ordinær kvote;NTNU;Hovedopptak;194 497;Medisin, Trondheim/Gjøvik;Gjøvik;HELSEFAG - MEDISIN;2026;66.9
Førstegangsvitnemålskvote;NTNU;Suppleringsopptak;194 497;Medisin, Trondheim/Gjøvik;Gjøvik;HELSEFAG - MEDISIN;2026;57.3
Ordinær kvote;NTNU;Suppleringsopptak;194 497;Medisin, Trondheim/Gjøvik;Gjøvik;HELSEFAG - MEDISIN;2026;66.7
Førstegangsvitnemålskvote;NTNU;Hovedopptak;194 498;Medisin, Trondheim/Levanger;Levanger;HELSEFAG - MEDISIN;2026;58.2
Ordinær kvote;NTNU;Hovedopptak;194 498;Medisin, Trondheim/Levanger;Levanger;HELSEFAG - MEDISIN;2026;66.5
Førstegangsvitnemålskvote;NTNU;Suppleringsopptak;194 498;Medisin, Trondheim/Levanger;Levanger;HELSEFAG - MEDISIN;2026;58.2
Ordinær kvote;NTNU;Suppleringsopptak;194 498;Medisin, Trondheim/Levanger;Levanger;HELSEFAG - MEDISIN;2026;66.5
Førstegangsvitnemålskvote;UIB;Hovedopptak;184 783;Medisinsk teknologi (sivilingeniør) ;Bergen;TEKNO - SIVING;2026;54.4
Ordinær kvote;UIB;Hovedopptak;184 783;Medisinsk teknologi (sivilingeniør) ;Bergen;TEKNO - SIVING;2026;57.4
Førstegangsvitnemålskvote;UIB;Suppleringsopptak;184 783;Medisinsk teknologi (sivilingeniør) ;Bergen;TEKNO - SIVING;2026;52.9
Ordinær kvote;UIB;Suppleringsopptak;184 783;Medisinsk teknologi (sivilingeniør) ;Bergen;TEKNO - SIVING;2026;57.4
Førstegangsvitnemålskvote;UIT;Hovedopptak;186 186;Menneskelig yteevne i Arktis, årsstudium;Alta;IDRETT;2026;0
Ordinær kvote;UIT;Hovedopptak;186 186;Menneskelig yteevne i Arktis, årsstudium;Alta;IDRETT;2026;0
Førstegangsvitnemålskvote;UIT;Suppleringsopptak;186 186;Menneskelig yteevne i Arktis, årsstudium;Alta;IDRETT;2026;0
Ordinær kvote;UIT;Suppleringsopptak;186 186;Menneskelig yteevne i Arktis, årsstudium;Alta;IDRETT;2026;0
Førstegangsvitnemålskvote;UIT;Hovedopptak;186 203;Menneskelig yteevne i Arktis, bachelor;Alta;IDRETT;2026;0
Ordinær kvote;UIT;Hovedopptak;186 203;Menneskelig yteevne i Arktis, bachelor;Alta;IDRETT;2026;0
Førstegangsvitnemålskvote;UIT;Suppleringsopptak;186 203;Menneskelig yteevne i Arktis, bachelor;Alta;IDRETT;2026;0
Ordinær kvote;UIT;Suppleringsopptak;186 203;Menneskelig yteevne i Arktis, bachelor;Alta;IDRETT;2026;0
Førstegangsvitnemålskvote;INN;Hovedopptak;209 186;Menneskelig yteevne, deltid;Elverum;IDRETT;2026;0
Ordinær kvote;INN;Hovedopptak;209 186;Menneskelig yteevne, deltid;Elverum;IDRETT;2026;0
Førstegangsvitnemålskvote;INN;Suppleringsopptak;209 186;Menneskelig yteevne, deltid;Elverum;IDRETT;2026;0
Ordinær kvote;INN;Suppleringsopptak;209 186;Menneskelig yteevne, deltid;Elverum;IDRETT;2026;0
Førstegangsvitnemålskvote;UIO;Hovedopptak;185 923;Midtøsten-studier med arabisk;Oslo;SPRÅK;2026;0
Ordinær kvote;UIO;Hovedopptak;185 923;Midtøsten-studier med arabisk;Oslo;SPRÅK;2026;39.2
Førstegangsvitnemålskvote;UIO;Suppleringsopptak;185 923;Midtøsten-studier med arabisk;Oslo;SPRÅK;2026;0
Ordinær kvote;UIO;Suppleringsopptak;185 923;Midtøsten-studier med arabisk;Oslo;SPRÅK;2026;39.2
Førstegangsvitnemålskvote;NMBU;Hovedopptak;192 377;Miljø og naturressurser;Ås;REALFAG;2026;0
Ordinær kvote;NMBU;Hovedopptak;192 377;Miljø og naturressurser;Ås;REALFAG;2026;0
Førstegangsvitnemålskvote;NMBU;Suppleringsopptak;192 377;Miljø og naturressurser;Ås;REALFAG;2026;0
Ordinær kvote;NMBU;Suppleringsopptak;192 377;Miljø og naturressurser;Ås;REALFAG;2026;0
Førstegangsvitnemålskvote;NMBU;Hovedopptak;192 784;Miljøfysikk og fornybar energi;Ås;TEKNO - SIVING;2026;49.2
Ordinær kvote;NMBU;Hovedopptak;192 784;Miljøfysikk og fornybar energi;Ås;TEKNO - SIVING;2026;49.7
Førstegangsvitnemålskvote;NMBU;Suppleringsopptak;192 784;Miljøfysikk og fornybar energi;Ås;TEKNO - SIVING;2026;48.7
Ordinær kvote;NMBU;Suppleringsopptak;192 784;Miljøfysikk og fornybar energi;Ås;TEKNO - SIVING;2026;49.5
Førstegangsvitnemålskvote;AHS;Hovedopptak;255 202;Miljøterapi i et mangfoldig samfunn;Kristiansand;SAMFUNN;2026;0
Ordinær kvote;AHS;Hovedopptak;255 202;Miljøterapi i et mangfoldig samfunn;Kristiansand;SAMFUNN;2026;0
Førstegangsvitnemålskvote;AHS;Suppleringsopptak;255 202;Miljøterapi i et mangfoldig samfunn;Kristiansand;SAMFUNN;2026;0
Ordinær kvote;AHS;Suppleringsopptak;255 202;Miljøterapi i et mangfoldig samfunn;Kristiansand;SAMFUNN;2026;0
Førstegangsvitnemålskvote;UIB;Hovedopptak;184 865;Molekylærbiologi;Bergen;REALFAG;2026;46.5
Ordinær kvote;UIB;Hovedopptak;184 865;Molekylærbiologi;Bergen;REALFAG;2026;45.9
Førstegangsvitnemålskvote;UIB;Suppleringsopptak;184 865;Molekylærbiologi;Bergen;REALFAG;2026;46.5
Ordinær kvote;UIB;Suppleringsopptak;184 865;Molekylærbiologi;Bergen;REALFAG;2026;45.6
Førstegangsvitnemålskvote;UIA;Hovedopptak;201 149;Multimedieteknologi og -design;Grimstad;TEKNO - ANNET;2026;0
Ordinær kvote;UIA;Hovedopptak;201 149;Multimedieteknologi og -design;Grimstad;TEKNO - ANNET;2026;0
Førstegangsvitnemålskvote;UIA;Suppleringsopptak;201 149;Multimedieteknologi og -design;Grimstad;TEKNO - ANNET;2026;0
Ordinær kvote;UIA;Suppleringsopptak;201 149;Multimedieteknologi og -design;Grimstad;TEKNO - ANNET;2026;0
Førstegangsvitnemålskvote;NLA;Hovedopptak;254 667;Musikk;Bergen;ESTETISK;2026;0
Ordinær kvote;NLA;Hovedopptak;254 667;Musikk;Bergen;ESTETISK;2026;0
Førstegangsvitnemålskvote;NLA;Suppleringsopptak;254 667;Musikk;Bergen;ESTETISK;2026;0
Ordinær kvote;NLA;Suppleringsopptak;254 667;Musikk;Bergen;ESTETISK;2026;0
Førstegangsvitnemålskvote;INN;Hovedopptak;209 667;Musikk;Hamar;ESTETISK;2026;0
Ordinær kvote;INN;Hovedopptak;209 667;Musikk;Hamar;ESTETISK;2026;0
Førstegangsvitnemålskvote;INN;Suppleringsopptak;209 667;Musikk;Hamar;ESTETISK;2026;0
Ordinær kvote;INN;Suppleringsopptak;209 667;Musikk;Hamar;ESTETISK;2026;0
Førstegangsvitnemålskvote;AHS;Hovedopptak;255 777;Musikk;Kristiansand;ESTETISK;2026;0
Førstegangsvitnemålskvote;UIA;Hovedopptak;201 667;Musikk;Kristiansand;ESTETISK;2026;0
Ordinær kvote;AHS;Hovedopptak;255 777;Musikk;Kristiansand;ESTETISK;2026;0
Ordinær kvote;UIA;Hovedopptak;201 667;Musikk;Kristiansand;ESTETISK;2026;0
Førstegangsvitnemålskvote;AHS;Suppleringsopptak;255 777;Musikk;Kristiansand;ESTETISK;2026;0
Førstegangsvitnemålskvote;UIA;Suppleringsopptak;201 667;Musikk;Kristiansand;ESTETISK;2026;0
Ordinær kvote;AHS;Suppleringsopptak;255 777;Musikk;Kristiansand;ESTETISK;2026;0
Ordinær kvote;UIA;Suppleringsopptak;201 667;Musikk;Kristiansand;ESTETISK;2026;0
Førstegangsvitnemålskvote;NORD;Hovedopptak;204 667;Musikk;Levanger;ESTETISK;2026;0
Ordinær kvote;NORD;Hovedopptak;204 667;Musikk;Levanger;ESTETISK;2026;0
Førstegangsvitnemålskvote;NORD;Suppleringsopptak;204 667;Musikk;Levanger;ESTETISK;2026;0
Ordinær kvote;NORD;Suppleringsopptak;204 667;Musikk;Levanger;ESTETISK;2026;0
Førstegangsvitnemålskvote;HVL;Hovedopptak;203 667;Musikk;Stord;ESTETISK;2026;0
Ordinær kvote;HVL;Hovedopptak;203 667;Musikk;Stord;ESTETISK;2026;0
Førstegangsvitnemålskvote;HVL;Suppleringsopptak;203 667;Musikk;Stord;ESTETISK;2026;0
Ordinær kvote;HVL;Suppleringsopptak;203 667;Musikk;Stord;ESTETISK;2026;0
Førstegangsvitnemålskvote;AHS;Hovedopptak;255 792;Musikk og helse;Kristiansand;ESTETISK;2026;0
Ordinær kvote;AHS;Hovedopptak;255 792;Musikk og helse;Kristiansand;ESTETISK;2026;0
Førstegangsvitnemålskvote;AHS;Suppleringsopptak;255 792;Musikk og helse;Kristiansand;ESTETISK;2026;0
Ordinær kvote;AHS;Suppleringsopptak;255 792;Musikk og helse;Kristiansand;ESTETISK;2026;0
Førstegangsvitnemålskvote;AHS;Hovedopptak;255 714;Musikk og musikkproduksjon;Kristiansand;ESTETISK;2026;0
Ordinær kvote;AHS;Hovedopptak;255 714;Musikk og musikkproduksjon;Kristiansand;ESTETISK;2026;0
Førstegangsvitnemålskvote;AHS;Suppleringsopptak;255 714;Musikk og musikkproduksjon;Kristiansand;ESTETISK;2026;0
Ordinær kvote;AHS;Suppleringsopptak;255 714;Musikk og musikkproduksjon;Kristiansand;ESTETISK;2026;0
Førstegangsvitnemålskvote;HVO;Hovedopptak;223 667;Musikk, årsstudium;Volda;ESTETISK;2026;0
Ordinær kvote;HVO;Hovedopptak;223 667;Musikk, årsstudium;Volda;ESTETISK;2026;0
Førstegangsvitnemålskvote;HVO;Suppleringsopptak;223 667;Musikk, årsstudium;Volda;ESTETISK;2026;0
Ordinær kvote;HVO;Suppleringsopptak;223 667;Musikk, årsstudium;Volda;ESTETISK;2026;0
Førstegangsvitnemålskvote;HVO;Hovedopptak;223 437;Musikk, bachelor;Volda;ESTETISK;2026;0
Ordinær kvote;HVO;Hovedopptak;223 437;Musikk, bachelor;Volda;ESTETISK;2026;0
Førstegangsvitnemålskvote;HVO;Suppleringsopptak;223 437;Musikk, bachelor;Volda;ESTETISK;2026;0
Ordinær kvote;HVO;Suppleringsopptak;223 437;Musikk, bachelor;Volda;ESTETISK;2026;0
Førstegangsvitnemålskvote;INN;Hovedopptak;209 437;Musikkformidling;Hamar;ESTETISK;2026;0
Ordinær kvote;INN;Hovedopptak;209 437;Musikkformidling;Hamar;ESTETISK;2026;0
Førstegangsvitnemålskvote;INN;Suppleringsopptak;209 437;Musikkformidling;Hamar;ESTETISK;2026;0
Ordinær kvote;INN;Suppleringsopptak;209 437;Musikkformidling;Hamar;ESTETISK;2026;0
Førstegangsvitnemålskvote;NTNU;Hovedopptak;194 476;Musikkteknologi;Trondheim;ESTETISK;2026;44.8
Ordinær kvote;NTNU;Hovedopptak;194 476;Musikkteknologi;Trondheim;ESTETISK;2026;50.1
Førstegangsvitnemålskvote;NTNU;Suppleringsopptak;194 476;Musikkteknologi;Trondheim;ESTETISK;2026;43.6
Ordinær kvote;NTNU;Suppleringsopptak;194 476;Musikkteknologi;Trondheim;ESTETISK;2026;47.2
Førstegangsvitnemålskvote;UIB;Hovedopptak;184 792;Musikkterapi;Bergen;ESTETISK;2026;0
Ordinær kvote;UIB;Hovedopptak;184 792;Musikkterapi;Bergen;ESTETISK;2026;0
Førstegangsvitnemålskvote;UIB;Suppleringsopptak;184 792;Musikkterapi;Bergen;ESTETISK;2026;0
Ordinær kvote;UIB;Suppleringsopptak;184 792;Musikkterapi;Bergen;ESTETISK;2026;0
Førstegangsvitnemålskvote;UIB;Hovedopptak;184 437;Musikkvitenskap;Bergen;ESTETISK;2026;0
Ordinær kvote;UIB;Hovedopptak;184 437;Musikkvitenskap;Bergen;ESTETISK;2026;43.9
Førstegangsvitnemålskvote;UIB;Suppleringsopptak;184 437;Musikkvitenskap;Bergen;ESTETISK;2026;0
Ordinær kvote;UIB;Suppleringsopptak;184 437;Musikkvitenskap;Bergen;ESTETISK;2026;43.9
Førstegangsvitnemålskvote;UIO;Hovedopptak;185 437;Musikkvitenskap;Oslo;ESTETISK;2026;39.7
Ordinær kvote;UIO;Hovedopptak;185 437;Musikkvitenskap;Oslo;ESTETISK;2026;44.2
Førstegangsvitnemålskvote;UIO;Suppleringsopptak;185 437;Musikkvitenskap;Oslo;ESTETISK;2026;39.7
Ordinær kvote;UIO;Suppleringsopptak;185 437;Musikkvitenskap;Oslo;ESTETISK;2026;44.2
Førstegangsvitnemålskvote;NTNU;Hovedopptak;194 777;Musikkvitenskap, årsstudium;Trondheim;ESTETISK;2026;0
Ordinær kvote;NTNU;Hovedopptak;194 777;Musikkvitenskap, årsstudium;Trondheim;ESTETISK;2026;0
Førstegangsvitnemålskvote;NTNU;Suppleringsopptak;194 777;Musikkvitenskap, årsstudium;Trondheim;ESTETISK;2026;0
Ordinær kvote;NTNU;Suppleringsopptak;194 777;Musikkvitenskap, årsstudium;Trondheim;ESTETISK;2026;0
Førstegangsvitnemålskvote;NTNU;Hovedopptak;194 437;Musikkvitenskap, bachelor;Trondheim;ESTETISK;2026;0
Ordinær kvote;NTNU;Hovedopptak;194 437;Musikkvitenskap, bachelor;Trondheim;ESTETISK;2026;0
Førstegangsvitnemålskvote;NTNU;Suppleringsopptak;194 437;Musikkvitenskap, bachelor;Trondheim;ESTETISK;2026;0
Ordinær kvote;NTNU;Suppleringsopptak;194 437;Musikkvitenskap, bachelor;Trondheim;ESTETISK;2026;0
Førstegangsvitnemålskvote;NTNU;Hovedopptak;194 937;Nanoteknologi;Trondheim;TEKNO - SIVING;2026;56.3
Ordinær kvote;NTNU;Hovedopptak;194 937;Nanoteknologi;Trondheim;TEKNO - SIVING;2026;56.3
Førstegangsvitnemålskvote;NTNU;Suppleringsopptak;194 937;Nanoteknologi;Trondheim;TEKNO - SIVING;2026;56.3
Ordinær kvote;NTNU;Suppleringsopptak;194 937;Nanoteknologi;Trondheim;TEKNO - SIVING;2026;56.3
Førstegangsvitnemålskvote;NMBU;Hovedopptak;192 666;Natur og miljø;Ås;REALFAG;2026;0
Ordinær kvote;NMBU;Hovedopptak;192 666;Natur og miljø;Ås;REALFAG;2026;50
Førstegangsvitnemålskvote;NMBU;Suppleringsopptak;192 666;Natur og miljø;Ås;REALFAG;2026;0
Ordinær kvote;NMBU;Suppleringsopptak;192 666;Natur og miljø;Ås;REALFAG;2026;42.4
Førstegangsvitnemålskvote;USN;Hovedopptak;222 605;Natur og miljø;Midt-Telemark;REALFAG;2026;0
Ordinær kvote;USN;Hovedopptak;222 605;Natur og miljø;Midt-Telemark;REALFAG;2026;0
Førstegangsvitnemålskvote;USN;Suppleringsopptak;222 605;Natur og miljø;Midt-Telemark;REALFAG;2026;0
Ordinær kvote;USN;Suppleringsopptak;222 605;Natur og miljø;Midt-Telemark;REALFAG;2026;0
Førstegangsvitnemålskvote;NORD;Hovedopptak;204 420;Natur- og kulturminneoppsyn;Steinkjer;LANDOGHAVBRUK;2026;-1
Ordinær kvote;NORD;Hovedopptak;204 420;Natur- og kulturminneoppsyn;Steinkjer;LANDOGHAVBRUK;2026;0
Førstegangsvitnemålskvote;NORD;Suppleringsopptak;204 420;Natur- og kulturminneoppsyn;Steinkjer;LANDOGHAVBRUK;2026;-1
Ordinær kvote;NORD;Suppleringsopptak;204 420;Natur- og kulturminneoppsyn;Steinkjer;LANDOGHAVBRUK;2026;0
Førstegangsvitnemålskvote;USN;Hovedopptak;222 315;Natur- og miljøforvaltning;Midt-Telemark;REALFAG;2026;0
Ordinær kvote;USN;Hovedopptak;222 315;Natur- og miljøforvaltning;Midt-Telemark;REALFAG;2026;0
Førstegangsvitnemålskvote;USN;Suppleringsopptak;222 315;Natur- og miljøforvaltning;Midt-Telemark;REALFAG;2026;0
Ordinær kvote;USN;Suppleringsopptak;222 315;Natur- og miljøforvaltning;Midt-Telemark;REALFAG;2026;0
Førstegangsvitnemålskvote;UIA;Hovedopptak;201 670;Naturfag;Kristiansand;REALFAG;2026;0
Ordinær kvote;UIA;Hovedopptak;201 670;Naturfag;Kristiansand;REALFAG;2026;0
Førstegangsvitnemålskvote;UIA;Suppleringsopptak;201 670;Naturfag;Kristiansand;REALFAG;2026;0
Ordinær kvote;UIA;Suppleringsopptak;201 670;Naturfag;Kristiansand;REALFAG;2026;0
Førstegangsvitnemålskvote;NLA;Hovedopptak;254 662;Naturfag, Bergen;Bergen;REALFAG;2026;0
Ordinær kvote;NLA;Hovedopptak;254 662;Naturfag, Bergen;Bergen;REALFAG;2026;0
Førstegangsvitnemålskvote;NLA;Suppleringsopptak;254 662;Naturfag, Bergen;Bergen;REALFAG;2026;0
Ordinær kvote;NLA;Suppleringsopptak;254 662;Naturfag, Bergen;Bergen;REALFAG;2026;0
Førstegangsvitnemålskvote;NLA;Hovedopptak;254 670;Naturfag, Oslo;Oslo;REALFAG;2026;0
Ordinær kvote;NLA;Hovedopptak;254 670;Naturfag, Oslo;Oslo;REALFAG;2026;0
Førstegangsvitnemålskvote;NLA;Suppleringsopptak;254 670;Naturfag, Oslo;Oslo;REALFAG;2026;0
Ordinær kvote;NLA;Suppleringsopptak;254 670;Naturfag, Oslo;Oslo;REALFAG;2026;0
Førstegangsvitnemålskvote;NORD;Hovedopptak;204 172;Naturforvaltning, årsstudium;Steinkjer;LANDOGHAVBRUK;2026;0
Ordinær kvote;NORD;Hovedopptak;204 172;Naturforvaltning, årsstudium;Steinkjer;LANDOGHAVBRUK;2026;0
Førstegangsvitnemålskvote;NORD;Suppleringsopptak;204 172;Naturforvaltning, årsstudium;Steinkjer;LANDOGHAVBRUK;2026;0
Ordinær kvote;NORD;Suppleringsopptak;204 172;Naturforvaltning, årsstudium;Steinkjer;LANDOGHAVBRUK;2026;0
Førstegangsvitnemålskvote;NORD;Hovedopptak;204 388;Naturforvaltning, bachelor;Steinkjer;LANDOGHAVBRUK;2026;0
Ordinær kvote;NORD;Hovedopptak;204 388;Naturforvaltning, bachelor;Steinkjer;LANDOGHAVBRUK;2026;0
Førstegangsvitnemålskvote;NORD;Suppleringsopptak;204 388;Naturforvaltning, bachelor;Steinkjer;LANDOGHAVBRUK;2026;0
Ordinær kvote;NORD;Suppleringsopptak;204 388;Naturforvaltning, bachelor;Steinkjer;LANDOGHAVBRUK;2026;0
Førstegangsvitnemålskvote;UIT;Hovedopptak;186 049;Nautikk;Tromsø;REALFAG;2026;43.3
Ordinær kvote;UIT;Hovedopptak;186 049;Nautikk;Tromsø;REALFAG;2026;50.9
Førstegangsvitnemålskvote;UIT;Suppleringsopptak;186 049;Nautikk;Tromsø;REALFAG;2026;41.9
Ordinær kvote;UIT;Suppleringsopptak;186 049;Nautikk;Tromsø;REALFAG;2026;50.8
Førstegangsvitnemålskvote;NTNU;Hovedopptak;194 353;Nautikk;Ålesund;TEKNO - MARITIM;2026;45.5
Ordinær kvote;NTNU;Hovedopptak;194 353;Nautikk;Ålesund;TEKNO - MARITIM;2026;53.7
Førstegangsvitnemålskvote;NTNU;Suppleringsopptak;194 353;Nautikk;Ålesund;TEKNO - MARITIM;2026;45.5
Ordinær kvote;NTNU;Suppleringsopptak;194 353;Nautikk;Ålesund;TEKNO - MARITIM;2026;53.7
Førstegangsvitnemålskvote;USN;Hovedopptak;222 353;Nautikk;Horten;TEKNO - MARITIM;2026;41
Ordinær kvote;USN;Hovedopptak;222 353;Nautikk;Horten;TEKNO - MARITIM;2026;49.2
Førstegangsvitnemålskvote;USN;Suppleringsopptak;222 353;Nautikk;Horten;TEKNO - MARITIM;2026;41
Ordinær kvote;USN;Suppleringsopptak;222 353;Nautikk;Horten;TEKNO - MARITIM;2026;49.2
Førstegangsvitnemålskvote;HVL;Hovedopptak;203 049;Nautikk med integrert praksis;Haugesund;TEKNO - MARITIM;2026;43.3
Ordinær kvote;HVL;Hovedopptak;203 049;Nautikk med integrert praksis;Haugesund;TEKNO - MARITIM;2026;50.1
Førstegangsvitnemålskvote;HVL;Suppleringsopptak;203 049;Nautikk med integrert praksis;Haugesund;TEKNO - MARITIM;2026;43.3
Ordinær kvote;HVL;Suppleringsopptak;203 049;Nautikk med integrert praksis;Haugesund;TEKNO - MARITIM;2026;49.6
Førstegangsvitnemålskvote;UIB;Hovedopptak;184 211;Nordisk;Bergen;SPRÅK;2026;0
Ordinær kvote;UIB;Hovedopptak;184 211;Nordisk;Bergen;SPRÅK;2026;0
Førstegangsvitnemålskvote;UIB;Suppleringsopptak;184 211;Nordisk;Bergen;SPRÅK;2026;0
Ordinær kvote;UIB;Suppleringsopptak;184 211;Nordisk;Bergen;SPRÅK;2026;0
Førstegangsvitnemålskvote;UIT;Hovedopptak;186 211;Nordisk;Tromsø;SPRÅK;2026;0
Ordinær kvote;UIT;Hovedopptak;186 211;Nordisk;Tromsø;SPRÅK;2026;0
Førstegangsvitnemålskvote;UIT;Suppleringsopptak;186 211;Nordisk;Tromsø;SPRÅK;2026;0
Ordinær kvote;UIT;Suppleringsopptak;186 211;Nordisk;Tromsø;SPRÅK;2026;0
Førstegangsvitnemålskvote;UIO;Hovedopptak;185 456;Nordisk litteratur;Oslo;SPRÅK;2026;0
Ordinær kvote;UIO;Hovedopptak;185 456;Nordisk litteratur;Oslo;SPRÅK;2026;0
Førstegangsvitnemålskvote;UIO;Suppleringsopptak;185 456;Nordisk litteratur;Oslo;SPRÅK;2026;0
Ordinær kvote;UIO;Suppleringsopptak;185 456;Nordisk litteratur;Oslo;SPRÅK;2026;0
Førstegangsvitnemålskvote;UIO;Hovedopptak;185 891;Nordisk språk;Oslo;SPRÅK;2026;0
Ordinær kvote;UIO;Hovedopptak;185 891;Nordisk språk;Oslo;SPRÅK;2026;0
Førstegangsvitnemålskvote;UIO;Suppleringsopptak;185 891;Nordisk språk;Oslo;SPRÅK;2026;0
Ordinær kvote;UIO;Suppleringsopptak;185 891;Nordisk språk;Oslo;SPRÅK;2026;0
Førstegangsvitnemålskvote;UIB;Hovedopptak;184 889;Nordisk språk og litteratur;Bergen;SPRÅK;2026;0
Ordinær kvote;UIB;Hovedopptak;184 889;Nordisk språk og litteratur;Bergen;SPRÅK;2026;0
Førstegangsvitnemålskvote;UIB;Suppleringsopptak;184 889;Nordisk språk og litteratur;Bergen;SPRÅK;2026;0
Ordinær kvote;UIB;Suppleringsopptak;184 889;Nordisk språk og litteratur;Bergen;SPRÅK;2026;0
Førstegangsvitnemålskvote;UIT;Hovedopptak;186 889;Nordisk språk og litteratur;Tromsø;SPRÅK;2026;0
Ordinær kvote;UIT;Hovedopptak;186 889;Nordisk språk og litteratur;Tromsø;SPRÅK;2026;0
Førstegangsvitnemålskvote;UIT;Suppleringsopptak;186 889;Nordisk språk og litteratur;Tromsø;SPRÅK;2026;0
Ordinær kvote;UIT;Suppleringsopptak;186 889;Nordisk språk og litteratur;Tromsø;SPRÅK;2026;0
Førstegangsvitnemålskvote;UIA;Hovedopptak;201 210;Nordisk språk og litteratur, årsstudium;Kristiansand;SPRÅK;2026;0
Ordinær kvote;UIA;Hovedopptak;201 210;Nordisk språk og litteratur, årsstudium;Kristiansand;SPRÅK;2026;0
Førstegangsvitnemålskvote;UIA;Suppleringsopptak;201 210;Nordisk språk og litteratur, årsstudium;Kristiansand;SPRÅK;2026;0
Ordinær kvote;UIA;Suppleringsopptak;201 210;Nordisk språk og litteratur, årsstudium;Kristiansand;SPRÅK;2026;0
Førstegangsvitnemålskvote;UIS;Hovedopptak;217 211;Nordisk språk og litteratur, årsstudium;Stavanger;SPRÅK;2026;0
Ordinær kvote;UIS;Hovedopptak;217 211;Nordisk språk og litteratur, årsstudium;Stavanger;SPRÅK;2026;0
Førstegangsvitnemålskvote;UIS;Suppleringsopptak;217 211;Nordisk språk og litteratur, årsstudium;Stavanger;SPRÅK;2026;0
Ordinær kvote;UIS;Suppleringsopptak;217 211;Nordisk språk og litteratur, årsstudium;Stavanger;SPRÅK;2026;0
Førstegangsvitnemålskvote;NTNU;Hovedopptak;194 210;Nordisk språk og litteratur, årsstudium;Trondheim;SPRÅK;2026;0
Ordinær kvote;NTNU;Hovedopptak;194 210;Nordisk språk og litteratur, årsstudium;Trondheim;SPRÅK;2026;0
Førstegangsvitnemålskvote;NTNU;Suppleringsopptak;194 210;Nordisk språk og litteratur, årsstudium;Trondheim;SPRÅK;2026;0
Ordinær kvote;NTNU;Suppleringsopptak;194 210;Nordisk språk og litteratur, årsstudium;Trondheim;SPRÅK;2026;0
Førstegangsvitnemålskvote;UIA;Hovedopptak;201 889;Nordisk språk og litteratur, bachelor;Kristiansand;SPRÅK;2026;0
Ordinær kvote;UIA;Hovedopptak;201 889;Nordisk språk og litteratur, bachelor;Kristiansand;SPRÅK;2026;0
Førstegangsvitnemålskvote;UIA;Suppleringsopptak;201 889;Nordisk språk og litteratur, bachelor;Kristiansand;SPRÅK;2026;0
Ordinær kvote;UIA;Suppleringsopptak;201 889;Nordisk språk og litteratur, bachelor;Kristiansand;SPRÅK;2026;0
Førstegangsvitnemålskvote;UIS;Hovedopptak;217 889;Nordisk språk og litteratur, bachelor;Stavanger;SPRÅK;2026;0
Ordinær kvote;UIS;Hovedopptak;217 889;Nordisk språk og litteratur, bachelor;Stavanger;SPRÅK;2026;0
Førstegangsvitnemålskvote;UIS;Suppleringsopptak;217 889;Nordisk språk og litteratur, bachelor;Stavanger;SPRÅK;2026;0
Ordinær kvote;UIS;Suppleringsopptak;217 889;Nordisk språk og litteratur, bachelor;Stavanger;SPRÅK;2026;0
Førstegangsvitnemålskvote;NTNU;Hovedopptak;194 889;Nordisk språk og litteratur, bachelor;Trondheim;SPRÅK;2026;0
Ordinær kvote;NTNU;Hovedopptak;194 889;Nordisk språk og litteratur, bachelor;Trondheim;SPRÅK;2026;0
Førstegangsvitnemålskvote;NTNU;Suppleringsopptak;194 889;Nordisk språk og litteratur, bachelor;Trondheim;SPRÅK;2026;0
Ordinær kvote;NTNU;Suppleringsopptak;194 889;Nordisk språk og litteratur, bachelor;Trondheim;SPRÅK;2026;0
Førstegangsvitnemålskvote;UIO;Hovedopptak;185 211;Nordisk, særlig norsk, språk og litteratur;Oslo;SPRÅK;2026;0
Ordinær kvote;UIO;Hovedopptak;185 211;Nordisk, særlig norsk, språk og litteratur;Oslo;SPRÅK;2026;46
Førstegangsvitnemålskvote;UIO;Suppleringsopptak;185 211;Nordisk, særlig norsk, språk og litteratur;Oslo;SPRÅK;2026;0
Ordinær kvote;UIO;Suppleringsopptak;185 211;Nordisk, særlig norsk, språk og litteratur;Oslo;SPRÅK;2026;46
Førstegangsvitnemålskvote;NORD;Hovedopptak;204 211;Nordområdestudier;Bodø;SAMFUNN;2026;0
Ordinær kvote;NORD;Hovedopptak;204 211;Nordområdestudier;Bodø;SAMFUNN;2026;0
Førstegangsvitnemålskvote;NORD;Suppleringsopptak;204 211;Nordområdestudier;Bodø;SAMFUNN;2026;0
Ordinær kvote;NORD;Suppleringsopptak;204 211;Nordområdestudier;Bodø;SAMFUNN;2026;0
Førstegangsvitnemålskvote;UIT;Hovedopptak;186 235;Nordsamisk på morsmålsnivå, årsstudium;Tromsø;SPRÅK;2026;0
Ordinær kvote;UIT;Hovedopptak;186 235;Nordsamisk på morsmålsnivå, årsstudium;Tromsø;SPRÅK;2026;0
Førstegangsvitnemålskvote;UIT;Suppleringsopptak;186 235;Nordsamisk på morsmålsnivå, årsstudium;Tromsø;SPRÅK;2026;0
Ordinær kvote;UIT;Suppleringsopptak;186 235;Nordsamisk på morsmålsnivå, årsstudium;Tromsø;SPRÅK;2026;0
Førstegangsvitnemålskvote;UIT;Hovedopptak;186 064;Nordsamisk på morsmålsnivå, bachelor;Tromsø;SPRÅK;2026;0
Ordinær kvote;UIT;Hovedopptak;186 064;Nordsamisk på morsmålsnivå, bachelor;Tromsø;SPRÅK;2026;0
Førstegangsvitnemålskvote;UIT;Suppleringsopptak;186 064;Nordsamisk på morsmålsnivå, bachelor;Tromsø;SPRÅK;2026;0
Ordinær kvote;UIT;Suppleringsopptak;186 064;Nordsamisk på morsmålsnivå, bachelor;Tromsø;SPRÅK;2026;0
Førstegangsvitnemålskvote;UIB;Hovedopptak;184 074;Norrøn filologi;Bergen;SPRÅK;2026;-1
Ordinær kvote;UIB;Hovedopptak;184 074;Norrøn filologi;Bergen;SPRÅK;2026;-1
Førstegangsvitnemålskvote;UIB;Suppleringsopptak;184 074;Norrøn filologi;Bergen;SPRÅK;2026;-1
Ordinær kvote;UIB;Suppleringsopptak;184 074;Norrøn filologi;Bergen;SPRÅK;2026;-1
Førstegangsvitnemålskvote;UIO;Hovedopptak;185 921;Norrøn og keltisk filologi;Oslo;SPRÅK;2026;0
Ordinær kvote;UIO;Hovedopptak;185 921;Norrøn og keltisk filologi;Oslo;SPRÅK;2026;0
Førstegangsvitnemålskvote;UIO;Suppleringsopptak;185 921;Norrøn og keltisk filologi;Oslo;SPRÅK;2026;0
Ordinær kvote;UIO;Suppleringsopptak;185 921;Norrøn og keltisk filologi;Oslo;SPRÅK;2026;0
Førstegangsvitnemålskvote;NLA;Hovedopptak;254 210;Norsk;Bergen;SPRÅK;2026;0
Ordinær kvote;NLA;Hovedopptak;254 210;Norsk;Bergen;SPRÅK;2026;0
Førstegangsvitnemålskvote;NLA;Suppleringsopptak;254 210;Norsk;Bergen;SPRÅK;2026;0
Ordinær kvote;NLA;Suppleringsopptak;254 210;Norsk;Bergen;SPRÅK;2026;0
Førstegangsvitnemålskvote;HIØ;Hovedopptak;224 210;Norsk;Halden;SPRÅK;2026;0
Ordinær kvote;HIØ;Hovedopptak;224 210;Norsk;Halden;SPRÅK;2026;0
Førstegangsvitnemålskvote;HIØ;Suppleringsopptak;224 210;Norsk;Halden;SPRÅK;2026;0
Ordinær kvote;HIØ;Suppleringsopptak;224 210;Norsk;Halden;SPRÅK;2026;0
Førstegangsvitnemålskvote;INN;Hovedopptak;209 672;Norsk;Hamar;SPRÅK;2026;0
Ordinær kvote;INN;Hovedopptak;209 672;Norsk;Hamar;SPRÅK;2026;0
Førstegangsvitnemålskvote;INN;Suppleringsopptak;209 672;Norsk;Hamar;SPRÅK;2026;0
Ordinær kvote;INN;Suppleringsopptak;209 672;Norsk;Hamar;SPRÅK;2026;0
Førstegangsvitnemålskvote;HVO;Hovedopptak;223 211;Norsk (nordisk), deltid;Volda;SPRÅK;2026;0
Ordinær kvote;HVO;Hovedopptak;223 211;Norsk (nordisk), deltid;Volda;SPRÅK;2026;0
Førstegangsvitnemålskvote;HVO;Suppleringsopptak;223 211;Norsk (nordisk), deltid;Volda;SPRÅK;2026;0
Ordinær kvote;HVO;Suppleringsopptak;223 211;Norsk (nordisk), deltid;Volda;SPRÅK;2026;0
Førstegangsvitnemålskvote;UIO;Hovedopptak;185 212;Norsk som andrespråk;Oslo;SPRÅK;2026;-1
Ordinær kvote;UIO;Hovedopptak;185 212;Norsk som andrespråk;Oslo;SPRÅK;2026;0
Førstegangsvitnemålskvote;UIO;Suppleringsopptak;185 212;Norsk som andrespråk;Oslo;SPRÅK;2026;-1
Ordinær kvote;UIO;Suppleringsopptak;185 212;Norsk som andrespråk;Oslo;SPRÅK;2026;0
Førstegangsvitnemålskvote;UIB;Hovedopptak;184 911;Norsk som andrespråk, årsstudium;Bergen;SPRÅK;2026;0
Ordinær kvote;UIB;Hovedopptak;184 911;Norsk som andrespråk, årsstudium;Bergen;SPRÅK;2026;0
Førstegangsvitnemålskvote;UIB;Suppleringsopptak;184 911;Norsk som andrespråk, årsstudium;Bergen;SPRÅK;2026;0
Ordinær kvote;UIB;Suppleringsopptak;184 911;Norsk som andrespråk, årsstudium;Bergen;SPRÅK;2026;0
Førstegangsvitnemålskvote;UIB;Hovedopptak;184 954;Norsk som andrespråk, bachelor;Bergen;SPRÅK;2026;0
Ordinær kvote;UIB;Hovedopptak;184 954;Norsk som andrespråk, bachelor;Bergen;SPRÅK;2026;0
Førstegangsvitnemålskvote;UIB;Suppleringsopptak;184 954;Norsk som andrespråk, bachelor;Bergen;SPRÅK;2026;0
Ordinær kvote;UIB;Suppleringsopptak;184 954;Norsk som andrespråk, bachelor;Bergen;SPRÅK;2026;0
Førstegangsvitnemålskvote;OSLOMET;Hovedopptak;215 466;Norsk tegnspråk;Oslo;SPRÅK;2026;0
Ordinær kvote;OSLOMET;Hovedopptak;215 466;Norsk tegnspråk;Oslo;SPRÅK;2026;0
Førstegangsvitnemålskvote;OSLOMET;Suppleringsopptak;215 466;Norsk tegnspråk;Oslo;SPRÅK;2026;0
Ordinær kvote;OSLOMET;Suppleringsopptak;215 466;Norsk tegnspråk;Oslo;SPRÅK;2026;0
Førstegangsvitnemålskvote;NTNU;Hovedopptak;194 221;Norsk tegnspråk, årsstudium;Trondheim;SPRÅK;2026;0
Ordinær kvote;NTNU;Hovedopptak;194 221;Norsk tegnspråk, årsstudium;Trondheim;SPRÅK;2026;53.8
Førstegangsvitnemålskvote;NTNU;Suppleringsopptak;194 221;Norsk tegnspråk, årsstudium;Trondheim;SPRÅK;2026;0
Ordinær kvote;NTNU;Suppleringsopptak;194 221;Norsk tegnspråk, årsstudium;Trondheim;SPRÅK;2026;53.8
Førstegangsvitnemålskvote;NTNU;Hovedopptak;194 466;Norsk tegnspråk, bachelor;Trondheim;SPRÅK;2026;0
Ordinær kvote;NTNU;Hovedopptak;194 466;Norsk tegnspråk, bachelor;Trondheim;SPRÅK;2026;0
Førstegangsvitnemålskvote;NTNU;Suppleringsopptak;194 466;Norsk tegnspråk, bachelor;Trondheim;SPRÅK;2026;0
Ordinær kvote;NTNU;Suppleringsopptak;194 466;Norsk tegnspråk, bachelor;Trondheim;SPRÅK;2026;0
Førstegangsvitnemålskvote;USN;Hovedopptak;222 950;Norsk, Bø;Midt-Telemark;SPRÅK;2026;0
Ordinær kvote;USN;Hovedopptak;222 950;Norsk, Bø;Midt-Telemark;SPRÅK;2026;0
Førstegangsvitnemålskvote;USN;Suppleringsopptak;222 950;Norsk, Bø;Midt-Telemark;SPRÅK;2026;0
Ordinær kvote;USN;Suppleringsopptak;222 950;Norsk, Bø;Midt-Telemark;SPRÅK;2026;0
Førstegangsvitnemålskvote;USN;Hovedopptak;222 672;Norsk, deltid;Midt-Telemark;SPRÅK;2026;0
Ordinær kvote;USN;Hovedopptak;222 672;Norsk, deltid;Midt-Telemark;SPRÅK;2026;0
Førstegangsvitnemålskvote;USN;Suppleringsopptak;222 672;Norsk, deltid;Midt-Telemark;SPRÅK;2026;0
Ordinær kvote;USN;Suppleringsopptak;222 672;Norsk, deltid;Midt-Telemark;SPRÅK;2026;0
Førstegangsvitnemålskvote;USN;Hovedopptak;222 210;Norsk, Vestfold;Horten;SPRÅK;2026;0
Ordinær kvote;USN;Hovedopptak;222 210;Norsk, Vestfold;Horten;SPRÅK;2026;0
Førstegangsvitnemålskvote;USN;Suppleringsopptak;222 210;Norsk, Vestfold;Horten;SPRÅK;2026;0
Ordinær kvote;USN;Suppleringsopptak;222 210;Norsk, Vestfold;Horten;SPRÅK;2026;0
Førstegangsvitnemålskvote;UIB;Hovedopptak;184 742;Odontologi;Bergen;HELSEFAG - ODONT;2026;56
Ordinær kvote;UIB;Hovedopptak;184 742;Odontologi;Bergen;HELSEFAG - ODONT;2026;64.9
Førstegangsvitnemålskvote;UIB;Suppleringsopptak;184 742;Odontologi;Bergen;HELSEFAG - ODONT;2026;55.9
Ordinær kvote;UIB;Suppleringsopptak;184 742;Odontologi;Bergen;HELSEFAG - ODONT;2026;64.6
Førstegangsvitnemålskvote;UIO;Hovedopptak;185 742;Odontologi;Oslo;HELSEFAG - ODONT;2026;56
Ordinær kvote;UIO;Hovedopptak;185 742;Odontologi;Oslo;HELSEFAG - ODONT;2026;65.3
Førstegangsvitnemålskvote;UIO;Suppleringsopptak;185 742;Odontologi;Oslo;HELSEFAG - ODONT;2026;56
Ordinær kvote;UIO;Suppleringsopptak;185 742;Odontologi;Oslo;HELSEFAG - ODONT;2026;65.3
Førstegangsvitnemålskvote;UIT;Hovedopptak;186 742;Odontologi;Tromsø;HELSEFAG - ODONT;2026;55.3
Ordinær kvote;UIT;Hovedopptak;186 742;Odontologi;Tromsø;HELSEFAG - ODONT;2026;64.6
Førstegangsvitnemålskvote;UIT;Suppleringsopptak;186 742;Odontologi;Tromsø;HELSEFAG - ODONT;2026;55.3
Ordinær kvote;UIT;Suppleringsopptak;186 742;Odontologi;Tromsø;HELSEFAG - ODONT;2026;64.6
Førstegangsvitnemålskvote;UIO;Hovedopptak;185 452;Offentlig administrasjon og ledelse;Oslo;ØKADM;2026;48
Ordinær kvote;UIO;Hovedopptak;185 452;Offentlig administrasjon og ledelse;Oslo;ØKADM;2026;55
Førstegangsvitnemålskvote;UIO;Suppleringsopptak;185 452;Offentlig administrasjon og ledelse;Oslo;ØKADM;2026;48
Ordinær kvote;UIO;Suppleringsopptak;185 452;Offentlig administrasjon og ledelse;Oslo;ØKADM;2026;55
Førstegangsvitnemålskvote;INN;Hovedopptak;209 215;Offentlig styring, ledelse og økonomi, deltid;Åmot;ØKADM;2026;0
Ordinær kvote;INN;Hovedopptak;209 215;Offentlig styring, ledelse og økonomi, deltid;Åmot;ØKADM;2026;53.2
Førstegangsvitnemålskvote;INN;Suppleringsopptak;209 215;Offentlig styring, ledelse og økonomi, deltid;Åmot;ØKADM;2026;0
Ordinær kvote;INN;Suppleringsopptak;209 215;Offentlig styring, ledelse og økonomi, deltid;Åmot;ØKADM;2026;53.1
Førstegangsvitnemålskvote;NMBU;Hovedopptak;192 388;Økologi og naturforvaltning;Ås;REALFAG;2026;0
Ordinær kvote;NMBU;Hovedopptak;192 388;Økologi og naturforvaltning;Ås;REALFAG;2026;0
Førstegangsvitnemålskvote;NMBU;Suppleringsopptak;192 388;Økologi og naturforvaltning;Ås;REALFAG;2026;0
Ordinær kvote;NMBU;Suppleringsopptak;192 388;Økologi og naturforvaltning;Ås;REALFAG;2026;0
Førstegangsvitnemålskvote;INN;Hovedopptak;209 409;Økologisk landbruk, deltid;Hamar;LANDOGHAVBRUK;2026;0
Ordinær kvote;INN;Hovedopptak;209 409;Økologisk landbruk, deltid;Hamar;LANDOGHAVBRUK;2026;0
Førstegangsvitnemålskvote;INN;Suppleringsopptak;209 409;Økologisk landbruk, deltid;Hamar;LANDOGHAVBRUK;2026;0
Ordinær kvote;INN;Suppleringsopptak;209 409;Økologisk landbruk, deltid;Hamar;LANDOGHAVBRUK;2026;0
Førstegangsvitnemålskvote;NMBU;Hovedopptak;192 369;Økonomi og administrasjon;Ås;ØKADM;2026;47.5
Ordinær kvote;NMBU;Hovedopptak;192 369;Økonomi og administrasjon;Ås;ØKADM;2026;50.4
Førstegangsvitnemålskvote;NMBU;Suppleringsopptak;192 369;Økonomi og administrasjon;Ås;ØKADM;2026;47.5
Ordinær kvote;NMBU;Suppleringsopptak;192 369;Økonomi og administrasjon;Ås;ØKADM;2026;50.4
Førstegangsvitnemålskvote;HIØ;Hovedopptak;224 035;Økonomi og administrasjon;Halden;ØKADM;2026;0
Ordinær kvote;HIØ;Hovedopptak;224 035;Økonomi og administrasjon;Halden;ØKADM;2026;0
Førstegangsvitnemålskvote;HIØ;Suppleringsopptak;224 035;Økonomi og administrasjon;Halden;ØKADM;2026;0
Ordinær kvote;HIØ;Suppleringsopptak;224 035;Økonomi og administrasjon;Halden;ØKADM;2026;0
Førstegangsvitnemålskvote;UIA;Hovedopptak;201 369;Økonomi og administrasjon;Kristiansand;ØKADM;2026;48.8
Ordinær kvote;UIA;Hovedopptak;201 369;Økonomi og administrasjon;Kristiansand;ØKADM;2026;50.9
Førstegangsvitnemålskvote;UIA;Suppleringsopptak;201 369;Økonomi og administrasjon;Kristiansand;ØKADM;2026;48.8
Ordinær kvote;UIA;Suppleringsopptak;201 369;Økonomi og administrasjon;Kristiansand;ØKADM;2026;50.9
Førstegangsvitnemålskvote;HIM;Hovedopptak;211 369;Økonomi og administrasjon;Molde;ØKADM;2026;0
Ordinær kvote;HIM;Hovedopptak;211 369;Økonomi og administrasjon;Molde;ØKADM;2026;0
Førstegangsvitnemålskvote;HIM;Suppleringsopptak;211 369;Økonomi og administrasjon;Molde;ØKADM;2026;0
Ordinær kvote;HIM;Suppleringsopptak;211 369;Økonomi og administrasjon;Molde;ØKADM;2026;0
Førstegangsvitnemålskvote;UIS;Hovedopptak;217 369;Økonomi og administrasjon;Stavanger;ØKADM;2026;46.3
Ordinær kvote;UIS;Hovedopptak;217 369;Økonomi og administrasjon;Stavanger;ØKADM;2026;48
Førstegangsvitnemålskvote;UIS;Suppleringsopptak;217 369;Økonomi og administrasjon;Stavanger;ØKADM;2026;46.3
Ordinær kvote;UIS;Suppleringsopptak;217 369;Økonomi og administrasjon;Stavanger;ØKADM;2026;48
Førstegangsvitnemålskvote;NTNU;Hovedopptak;194 035;Økonomi og administrasjon;Trondheim;ØKADM;2026;52.7
Ordinær kvote;NTNU;Hovedopptak;194 035;Økonomi og administrasjon;Trondheim;ØKADM;2026;58.2
Førstegangsvitnemålskvote;NTNU;Suppleringsopptak;194 035;Økonomi og administrasjon;Trondheim;ØKADM;2026;52.7
Ordinær kvote;NTNU;Suppleringsopptak;194 035;Økonomi og administrasjon;Trondheim;ØKADM;2026;58.2
Førstegangsvitnemålskvote;OSLOMET;Hovedopptak;215 369;Økonomi og administrasjon ;Oslo;ØKADM;2026;47.8
Ordinær kvote;OSLOMET;Hovedopptak;215 369;Økonomi og administrasjon ;Oslo;ØKADM;2026;52.8
Førstegangsvitnemålskvote;OSLOMET;Suppleringsopptak;215 369;Økonomi og administrasjon ;Oslo;ØKADM;2026;47.7
Ordinær kvote;OSLOMET;Suppleringsopptak;215 369;Økonomi og administrasjon ;Oslo;ØKADM;2026;52.7
Førstegangsvitnemålskvote;NHH;Hovedopptak;191 345;Økonomi og administrasjon - siviløkonom;Bergen;ØKADM;2026;54.8
Ordinær kvote;NHH;Hovedopptak;191 345;Økonomi og administrasjon - siviløkonom;Bergen;ØKADM;2026;59.9
Førstegangsvitnemålskvote;NHH;Suppleringsopptak;191 345;Økonomi og administrasjon - siviløkonom;Bergen;ØKADM;2026;54.8
Ordinær kvote;NHH;Suppleringsopptak;191 345;Økonomi og administrasjon - siviløkonom;Bergen;ØKADM;2026;59.9
Førstegangsvitnemålskvote;NORD;Hovedopptak;204 345;Økonomi og administrasjon - siviløkonom;Bodø;ØKADM;2026;0
Ordinær kvote;NORD;Hovedopptak;204 345;Økonomi og administrasjon - siviløkonom;Bodø;ØKADM;2026;0
Førstegangsvitnemålskvote;NORD;Suppleringsopptak;204 345;Økonomi og administrasjon - siviløkonom;Bodø;ØKADM;2026;0
Ordinær kvote;NORD;Suppleringsopptak;204 345;Økonomi og administrasjon - siviløkonom;Bodø;ØKADM;2026;0
Førstegangsvitnemålskvote;USN;Hovedopptak;222 345;Økonomi og administrasjon - siviløkonom;Hønefoss;ØKADM;2026;0
Ordinær kvote;USN;Hovedopptak;222 345;Økonomi og administrasjon - siviløkonom;Hønefoss;ØKADM;2026;0
Førstegangsvitnemålskvote;USN;Suppleringsopptak;222 345;Økonomi og administrasjon - siviløkonom;Hønefoss;ØKADM;2026;0
Ordinær kvote;USN;Suppleringsopptak;222 345;Økonomi og administrasjon - siviløkonom;Hønefoss;ØKADM;2026;0
Førstegangsvitnemålskvote;UIA;Hovedopptak;201 345;Økonomi og administrasjon - siviløkonom;Kristiansand;ØKADM;2026;45.6
Ordinær kvote;UIA;Hovedopptak;201 345;Økonomi og administrasjon - siviløkonom;Kristiansand;ØKADM;2026;46.5
Førstegangsvitnemålskvote;UIA;Suppleringsopptak;201 345;Økonomi og administrasjon - siviløkonom;Kristiansand;ØKADM;2026;45.6
Ordinær kvote;UIA;Suppleringsopptak;201 345;Økonomi og administrasjon - siviløkonom;Kristiansand;ØKADM;2026;46.5
Førstegangsvitnemålskvote;OSLOMET;Hovedopptak;215 345;Økonomi og administrasjon - siviløkonom;Oslo;ØKADM;2026;46.8
Ordinær kvote;OSLOMET;Hovedopptak;215 345;Økonomi og administrasjon - siviløkonom;Oslo;ØKADM;2026;51.3
Førstegangsvitnemålskvote;OSLOMET;Suppleringsopptak;215 345;Økonomi og administrasjon - siviløkonom;Oslo;ØKADM;2026;45.4
Ordinær kvote;OSLOMET;Suppleringsopptak;215 345;Økonomi og administrasjon - siviløkonom;Oslo;ØKADM;2026;48.5
Førstegangsvitnemålskvote;HIØ;Hovedopptak;224 369;Økonomi og administrasjon , deltid;Halden;ØKADM;2026;0
Ordinær kvote;HIØ;Hovedopptak;224 369;Økonomi og administrasjon , deltid;Halden;ØKADM;2026;0
Førstegangsvitnemålskvote;HIØ;Suppleringsopptak;224 369;Økonomi og administrasjon , deltid;Halden;ØKADM;2026;0
Ordinær kvote;HIØ;Suppleringsopptak;224 369;Økonomi og administrasjon , deltid;Halden;ØKADM;2026;0
Førstegangsvitnemålskvote;UIT;Hovedopptak;186 468;Økonomi og administrasjon, Alta;Alta;ØKADM;2026;0
Ordinær kvote;UIT;Hovedopptak;186 468;Økonomi og administrasjon, Alta;Alta;ØKADM;2026;45.8
Førstegangsvitnemålskvote;UIT;Suppleringsopptak;186 468;Økonomi og administrasjon, Alta;Alta;ØKADM;2026;0
Ordinær kvote;UIT;Suppleringsopptak;186 468;Økonomi og administrasjon, Alta;Alta;ØKADM;2026;45.8
Førstegangsvitnemålskvote;HVL;Hovedopptak;203 369;Økonomi og administrasjon, Bergen;Bergen;ØKADM;2026;51.3
Førstegangsvitnemålskvote;NLA;Hovedopptak;254 515;Økonomi og administrasjon, Bergen;Bergen;ØKADM;2026;46.4
Ordinær kvote;HVL;Hovedopptak;203 369;Økonomi og administrasjon, Bergen;Bergen;ØKADM;2026;55.8
Ordinær kvote;NLA;Hovedopptak;254 515;Økonomi og administrasjon, Bergen;Bergen;ØKADM;2026;47.5
Førstegangsvitnemålskvote;HVL;Suppleringsopptak;203 369;Økonomi og administrasjon, Bergen;Bergen;ØKADM;2026;51.3
Førstegangsvitnemålskvote;NLA;Suppleringsopptak;254 515;Økonomi og administrasjon, Bergen;Bergen;ØKADM;2026;41.3
Ordinær kvote;HVL;Suppleringsopptak;203 369;Økonomi og administrasjon, Bergen;Bergen;ØKADM;2026;55.8
Ordinær kvote;NLA;Suppleringsopptak;254 515;Økonomi og administrasjon, Bergen;Bergen;ØKADM;2026;39.9
Førstegangsvitnemålskvote;USN;Hovedopptak;222 164;Økonomi og administrasjon, Bø;Midt-Telemark;ØKADM;2026;0
Ordinær kvote;USN;Hovedopptak;222 164;Økonomi og administrasjon, Bø;Midt-Telemark;ØKADM;2026;0
Førstegangsvitnemålskvote;USN;Suppleringsopptak;222 164;Økonomi og administrasjon, Bø;Midt-Telemark;ØKADM;2026;0
Ordinær kvote;USN;Suppleringsopptak;222 164;Økonomi og administrasjon, Bø;Midt-Telemark;ØKADM;2026;0
Førstegangsvitnemålskvote;NORD;Hovedopptak;204 164;Økonomi og administrasjon, Bodø, årsstudium;Bodø;ØKADM;2026;0
Ordinær kvote;NORD;Hovedopptak;204 164;Økonomi og administrasjon, Bodø, årsstudium;Bodø;ØKADM;2026;0
Førstegangsvitnemålskvote;NORD;Suppleringsopptak;204 164;Økonomi og administrasjon, Bodø, årsstudium;Bodø;ØKADM;2026;0
Ordinær kvote;NORD;Suppleringsopptak;204 164;Økonomi og administrasjon, Bodø, årsstudium;Bodø;ØKADM;2026;0
Førstegangsvitnemålskvote;NORD;Hovedopptak;204 342;Økonomi og administrasjon, Bodø, bachelor;Bodø;ØKADM;2026;0
Ordinær kvote;NORD;Hovedopptak;204 342;Økonomi og administrasjon, Bodø, bachelor;Bodø;ØKADM;2026;0
Førstegangsvitnemålskvote;NORD;Suppleringsopptak;204 342;Økonomi og administrasjon, Bodø, bachelor;Bodø;ØKADM;2026;0
Ordinær kvote;NORD;Suppleringsopptak;204 342;Økonomi og administrasjon, Bodø, bachelor;Bodø;ØKADM;2026;0
Førstegangsvitnemålskvote;INN;Hovedopptak;209 515;Økonomi og administrasjon, deltid;Åmot;ØKADM;2026;0
Ordinær kvote;INN;Hovedopptak;209 515;Økonomi og administrasjon, deltid;Åmot;ØKADM;2026;53.1
Førstegangsvitnemålskvote;INN;Suppleringsopptak;209 515;Økonomi og administrasjon, deltid;Åmot;ØKADM;2026;0
Ordinær kvote;INN;Suppleringsopptak;209 515;Økonomi og administrasjon, deltid;Åmot;ØKADM;2026;53.1
Førstegangsvitnemålskvote;USN;Hovedopptak;222 218;Økonomi og administrasjon, Hallingdal;Gol;ØKADM;2026;0
Ordinær kvote;USN;Hovedopptak;222 218;Økonomi og administrasjon, Hallingdal;Gol;ØKADM;2026;0
Førstegangsvitnemålskvote;USN;Suppleringsopptak;222 218;Økonomi og administrasjon, Hallingdal;Gol;ØKADM;2026;0
Ordinær kvote;USN;Suppleringsopptak;222 218;Økonomi og administrasjon, Hallingdal;Gol;ØKADM;2026;0
Førstegangsvitnemålskvote;UIT;Hovedopptak;186 035;Økonomi og administrasjon, Harstad;Harstad;ØKADM;2026;0
Ordinær kvote;UIT;Hovedopptak;186 035;Økonomi og administrasjon, Harstad;Harstad;ØKADM;2026;0
Førstegangsvitnemålskvote;UIT;Suppleringsopptak;186 035;Økonomi og administrasjon, Harstad;Harstad;ØKADM;2026;0
Ordinær kvote;UIT;Suppleringsopptak;186 035;Økonomi og administrasjon, Harstad;Harstad;ØKADM;2026;0
Førstegangsvitnemålskvote;HVL;Hovedopptak;203 404;Økonomi og administrasjon, Haugesund;Haugesund;ØKADM;2026;33.3
Ordinær kvote;HVL;Hovedopptak;203 404;Økonomi og administrasjon, Haugesund;Haugesund;ØKADM;2026;28.7
Førstegangsvitnemålskvote;HVL;Suppleringsopptak;203 404;Økonomi og administrasjon, Haugesund;Haugesund;ØKADM;2026;0
Ordinær kvote;HVL;Suppleringsopptak;203 404;Økonomi og administrasjon, Haugesund;Haugesund;ØKADM;2026;0
Førstegangsvitnemålskvote;USN;Hovedopptak;222 097;Økonomi og administrasjon, Hønefoss;Hønefoss;ØKADM;2026;0
Ordinær kvote;USN;Hovedopptak;222 097;Økonomi og administrasjon, Hønefoss;Hønefoss;ØKADM;2026;0
Førstegangsvitnemålskvote;USN;Suppleringsopptak;222 097;Økonomi og administrasjon, Hønefoss;Hønefoss;ØKADM;2026;0
Ordinær kvote;USN;Suppleringsopptak;222 097;Økonomi og administrasjon, Hønefoss;Hønefoss;ØKADM;2026;0
Førstegangsvitnemålskvote;USN;Hovedopptak;222 625;Økonomi og administrasjon, Kongsberg;Kongsberg;ØKADM;2026;0
Ordinær kvote;USN;Hovedopptak;222 625;Økonomi og administrasjon, Kongsberg;Kongsberg;ØKADM;2026;0
Førstegangsvitnemålskvote;USN;Suppleringsopptak;222 625;Økonomi og administrasjon, Kongsberg;Kongsberg;ØKADM;2026;0
Ordinær kvote;USN;Suppleringsopptak;222 625;Økonomi og administrasjon, Kongsberg;Kongsberg;ØKADM;2026;0
Førstegangsvitnemålskvote;NLA;Hovedopptak;254 035;Økonomi og administrasjon, Kristiansand;Kristiansand;ØKADM;2026;36.2
Ordinær kvote;NLA;Hovedopptak;254 035;Økonomi og administrasjon, Kristiansand;Kristiansand;ØKADM;2026;32.5
Førstegangsvitnemålskvote;NLA;Suppleringsopptak;254 035;Økonomi og administrasjon, Kristiansand;Kristiansand;ØKADM;2026;28.7
Ordinær kvote;NLA;Suppleringsopptak;254 035;Økonomi og administrasjon, Kristiansand;Kristiansand;ØKADM;2026;29
Førstegangsvitnemålskvote;INN;Hovedopptak;209 232;Økonomi og administrasjon, Lillehammer, årsstudium;Lillehammer;ØKADM;2026;36.9
Ordinær kvote;INN;Hovedopptak;209 232;Økonomi og administrasjon, Lillehammer, årsstudium;Lillehammer;ØKADM;2026;43.7
Førstegangsvitnemålskvote;INN;Suppleringsopptak;209 232;Økonomi og administrasjon, Lillehammer, årsstudium;Lillehammer;ØKADM;2026;32.6
Ordinær kvote;INN;Suppleringsopptak;209 232;Økonomi og administrasjon, Lillehammer, årsstudium;Lillehammer;ØKADM;2026;43.7
Førstegangsvitnemålskvote;INN;Hovedopptak;209 035;Økonomi og administrasjon, Lillehammer, bachelor;Lillehammer;ØKADM;2026;43.3
Ordinær kvote;INN;Hovedopptak;209 035;Økonomi og administrasjon, Lillehammer, bachelor;Lillehammer;ØKADM;2026;44.6
Førstegangsvitnemålskvote;INN;Suppleringsopptak;209 035;Økonomi og administrasjon, Lillehammer, bachelor;Lillehammer;ØKADM;2026;42.1
Ordinær kvote;INN;Suppleringsopptak;209 035;Økonomi og administrasjon, Lillehammer, bachelor;Lillehammer;ØKADM;2026;43.4
Førstegangsvitnemålskvote;NLA;Hovedopptak;254 470;Økonomi og administrasjon, Oslo;Oslo;ØKADM;2026;38.9
Ordinær kvote;NLA;Hovedopptak;254 470;Økonomi og administrasjon, Oslo;Oslo;ØKADM;2026;40.4
Førstegangsvitnemålskvote;NLA;Suppleringsopptak;254 470;Økonomi og administrasjon, Oslo;Oslo;ØKADM;2026;35.7
Ordinær kvote;NLA;Suppleringsopptak;254 470;Økonomi og administrasjon, Oslo;Oslo;ØKADM;2026;36.8
Førstegangsvitnemålskvote;INN;Hovedopptak;209 369;Økonomi og administrasjon, Rena, bachelor;Åmot;ØKADM;2026;0
Ordinær kvote;INN;Hovedopptak;209 369;Økonomi og administrasjon, Rena, bachelor;Åmot;ØKADM;2026;0
Førstegangsvitnemålskvote;INN;Suppleringsopptak;209 369;Økonomi og administrasjon, Rena, bachelor;Åmot;ØKADM;2026;0
Ordinær kvote;INN;Suppleringsopptak;209 369;Økonomi og administrasjon, Rena, bachelor;Åmot;ØKADM;2026;0
Førstegangsvitnemålskvote;INN;Hovedopptak;209 449;Økonomi og administrasjon, Rena, bachelor, nettbasert;Åmot;ØKADM;2026;48.4
Ordinær kvote;INN;Hovedopptak;209 449;Økonomi og administrasjon, Rena, bachelor, nettbasert;Åmot;ØKADM;2026;63
Førstegangsvitnemålskvote;INN;Suppleringsopptak;209 449;Økonomi og administrasjon, Rena, bachelor, nettbasert;Åmot;ØKADM;2026;48.4
Ordinær kvote;INN;Suppleringsopptak;209 449;Økonomi og administrasjon, Rena, bachelor, nettbasert;Åmot;ØKADM;2026;63
Førstegangsvitnemålskvote;NTNU;Hovedopptak;194 345;Økonomi og administrasjon, siviløkonom;Trondheim;ØKADM;2026;54
Ordinær kvote;NTNU;Hovedopptak;194 345;Økonomi og administrasjon, siviløkonom;Trondheim;ØKADM;2026;60.5
Førstegangsvitnemålskvote;NTNU;Suppleringsopptak;194 345;Økonomi og administrasjon, siviløkonom;Trondheim;ØKADM;2026;54
Ordinær kvote;NTNU;Suppleringsopptak;194 345;Økonomi og administrasjon, siviløkonom;Trondheim;ØKADM;2026;60.5
Førstegangsvitnemålskvote;HVL;Hovedopptak;203 515;Økonomi og administrasjon, Sogndal;Sogndal;ØKADM;2026;0
Ordinær kvote;HVL;Hovedopptak;203 515;Økonomi og administrasjon, Sogndal;Sogndal;ØKADM;2026;0
Førstegangsvitnemålskvote;HVL;Suppleringsopptak;203 515;Økonomi og administrasjon, Sogndal;Sogndal;ØKADM;2026;0
Ordinær kvote;HVL;Suppleringsopptak;203 515;Økonomi og administrasjon, Sogndal;Sogndal;ØKADM;2026;0
Førstegangsvitnemålskvote;NLA;Hovedopptak;254 369;Økonomi og administrasjon, Stavanger;Stavanger;ØKADM;2026;0
Ordinær kvote;NLA;Hovedopptak;254 369;Økonomi og administrasjon, Stavanger;Stavanger;ØKADM;2026;0
Førstegangsvitnemålskvote;NLA;Suppleringsopptak;254 369;Økonomi og administrasjon, Stavanger;Stavanger;ØKADM;2026;0
Ordinær kvote;NLA;Suppleringsopptak;254 369;Økonomi og administrasjon, Stavanger;Stavanger;ØKADM;2026;0
Førstegangsvitnemålskvote;NORD;Hovedopptak;204 625;Økonomi og administrasjon, Steinkjer, årsstudium;Steinkjer;ØKADM;2026;0
Ordinær kvote;NORD;Hovedopptak;204 625;Økonomi og administrasjon, Steinkjer, årsstudium;Steinkjer;ØKADM;2026;0
Førstegangsvitnemålskvote;NORD;Suppleringsopptak;204 625;Økonomi og administrasjon, Steinkjer, årsstudium;Steinkjer;ØKADM;2026;0
Ordinær kvote;NORD;Suppleringsopptak;204 625;Økonomi og administrasjon, Steinkjer, årsstudium;Steinkjer;ØKADM;2026;0
Førstegangsvitnemålskvote;NORD;Hovedopptak;204 404;Økonomi og administrasjon, Steinkjer, bachelor;Steinkjer;ØKADM;2026;0
Ordinær kvote;NORD;Hovedopptak;204 404;Økonomi og administrasjon, Steinkjer, bachelor;Steinkjer;ØKADM;2026;0
Førstegangsvitnemålskvote;NORD;Suppleringsopptak;204 404;Økonomi og administrasjon, Steinkjer, bachelor;Steinkjer;ØKADM;2026;0
Ordinær kvote;NORD;Suppleringsopptak;204 404;Økonomi og administrasjon, Steinkjer, bachelor;Steinkjer;ØKADM;2026;0
Førstegangsvitnemålskvote;UIT;Hovedopptak;186 369;Økonomi og administrasjon, Tromsø;Tromsø;ØKADM;2026;40.3
Ordinær kvote;UIT;Hovedopptak;186 369;Økonomi og administrasjon, Tromsø;Tromsø;ØKADM;2026;38.6
Førstegangsvitnemålskvote;UIT;Suppleringsopptak;186 369;Økonomi og administrasjon, Tromsø;Tromsø;ØKADM;2026;40.3
Ordinær kvote;UIT;Suppleringsopptak;186 369;Økonomi og administrasjon, Tromsø;Tromsø;ØKADM;2026;38.6
Førstegangsvitnemålskvote;UIO;Hovedopptak;185 340;Økonomi og datavitenskap;Oslo;ØKADM;2026;50.7
Ordinær kvote;UIO;Hovedopptak;185 340;Økonomi og datavitenskap;Oslo;ØKADM;2026;61.4
Førstegangsvitnemålskvote;UIO;Suppleringsopptak;185 340;Økonomi og datavitenskap;Oslo;ØKADM;2026;50.7
Ordinær kvote;UIO;Suppleringsopptak;185 340;Økonomi og datavitenskap;Oslo;ØKADM;2026;61.4
Førstegangsvitnemålskvote;UIO;Hovedopptak;185 369;Økonomi og finans;Oslo;ØKADM;2026;53.6
Ordinær kvote;UIO;Hovedopptak;185 369;Økonomi og finans;Oslo;ØKADM;2026;63.4
Førstegangsvitnemålskvote;UIO;Suppleringsopptak;185 369;Økonomi og finans;Oslo;ØKADM;2026;53.6
Ordinær kvote;UIO;Suppleringsopptak;185 369;Økonomi og finans;Oslo;ØKADM;2026;63.4
Førstegangsvitnemålskvote;HVL;Hovedopptak;203 526;Økonomi og jus;Sogndal;JUS;2026;0
Ordinær kvote;HVL;Hovedopptak;203 526;Økonomi og jus;Sogndal;JUS;2026;0
Førstegangsvitnemålskvote;HVL;Suppleringsopptak;203 526;Økonomi og jus;Sogndal;JUS;2026;0
Ordinær kvote;HVL;Suppleringsopptak;203 526;Økonomi og jus;Sogndal;JUS;2026;0
Førstegangsvitnemålskvote;UIS;Hovedopptak;217 097;Økonomi og jus;Stavanger;ØKADM;2026;31.9
Ordinær kvote;UIS;Hovedopptak;217 097;Økonomi og jus;Stavanger;ØKADM;2026;59.2
Førstegangsvitnemålskvote;UIS;Suppleringsopptak;217 097;Økonomi og jus;Stavanger;ØKADM;2026;31.3
Ordinær kvote;UIS;Suppleringsopptak;217 097;Økonomi og jus;Stavanger;ØKADM;2026;59
Førstegangsvitnemålskvote;OSLOMET;Hovedopptak;215 162;Økonomi og ledelse;Oslo;ØKADM;2026;48.2
Ordinær kvote;OSLOMET;Hovedopptak;215 162;Økonomi og ledelse;Oslo;ØKADM;2026;62.9
Førstegangsvitnemålskvote;OSLOMET;Suppleringsopptak;215 162;Økonomi og ledelse;Oslo;ØKADM;2026;47.8
Ordinær kvote;OSLOMET;Suppleringsopptak;215 162;Økonomi og ledelse;Oslo;ØKADM;2026;62.8
Førstegangsvitnemålskvote;UIS;Hovedopptak;217 218;Økonomi og ledelse;Stavanger;ØKADM;2026;44.9
Ordinær kvote;UIS;Hovedopptak;217 218;Økonomi og ledelse;Stavanger;ØKADM;2026;52
Førstegangsvitnemålskvote;UIS;Suppleringsopptak;217 218;Økonomi og ledelse;Stavanger;ØKADM;2026;44.9
Ordinær kvote;UIS;Suppleringsopptak;217 218;Økonomi og ledelse;Stavanger;ØKADM;2026;52
Førstegangsvitnemålskvote;NTNU;Hovedopptak;194 160;Økonomi og ledelse, årsstudium;Gjøvik;ØKADM;2026;35.4
Ordinær kvote;NTNU;Hovedopptak;194 160;Økonomi og ledelse, årsstudium;Gjøvik;ØKADM;2026;51.9
Førstegangsvitnemålskvote;NTNU;Suppleringsopptak;194 160;Økonomi og ledelse, årsstudium;Gjøvik;ØKADM;2026;35.4
Ordinær kvote;NTNU;Suppleringsopptak;194 160;Økonomi og ledelse, årsstudium;Gjøvik;ØKADM;2026;51.9
Førstegangsvitnemålskvote;NTNU;Hovedopptak;194 591;Økonomi og ledelse, bachelor;Gjøvik;ØKADM;2026;42.2
Ordinær kvote;NTNU;Hovedopptak;194 591;Økonomi og ledelse, bachelor;Gjøvik;ØKADM;2026;41.5
Førstegangsvitnemålskvote;NTNU;Suppleringsopptak;194 591;Økonomi og ledelse, bachelor;Gjøvik;ØKADM;2026;41.5
Ordinær kvote;NTNU;Suppleringsopptak;194 591;Økonomi og ledelse, bachelor;Gjøvik;ØKADM;2026;41.3
Førstegangsvitnemålskvote;USN;Hovedopptak;222 470;Økonomi og ledelse, Bø;Midt-Telemark;ØKADM;2026;0
Ordinær kvote;USN;Hovedopptak;222 470;Økonomi og ledelse, Bø;Midt-Telemark;ØKADM;2026;0
Førstegangsvitnemålskvote;USN;Suppleringsopptak;222 470;Økonomi og ledelse, Bø;Midt-Telemark;ØKADM;2026;0
Ordinær kvote;USN;Suppleringsopptak;222 470;Økonomi og ledelse, Bø;Midt-Telemark;ØKADM;2026;0
Førstegangsvitnemålskvote;NTNU;Hovedopptak;194 583;Økonomi og ledelse, deltid, årsstudium;Gjøvik;ØKADM;2026;0
Ordinær kvote;NTNU;Hovedopptak;194 583;Økonomi og ledelse, deltid, årsstudium;Gjøvik;ØKADM;2026;61.1
Førstegangsvitnemålskvote;NTNU;Suppleringsopptak;194 583;Økonomi og ledelse, deltid, årsstudium;Gjøvik;ØKADM;2026;0
Ordinær kvote;NTNU;Suppleringsopptak;194 583;Økonomi og ledelse, deltid, årsstudium;Gjøvik;ØKADM;2026;61.1
Førstegangsvitnemålskvote;NTNU;Hovedopptak;194 404;Økonomi og ledelse, deltid, bachelor;Gjøvik;ØKADM;2026;0
Ordinær kvote;NTNU;Hovedopptak;194 404;Økonomi og ledelse, deltid, bachelor;Gjøvik;ØKADM;2026;56.1
Førstegangsvitnemålskvote;NTNU;Suppleringsopptak;194 404;Økonomi og ledelse, deltid, bachelor;Gjøvik;ØKADM;2026;0
Ordinær kvote;NTNU;Suppleringsopptak;194 404;Økonomi og ledelse, deltid, bachelor;Gjøvik;ØKADM;2026;56.1
Førstegangsvitnemålskvote;USN;Hovedopptak;222 330;Økonomi og ledelse, Drammen;Drammen;ØKADM;2026;40.8
Ordinær kvote;USN;Hovedopptak;222 330;Økonomi og ledelse, Drammen;Drammen;ØKADM;2026;46
Førstegangsvitnemålskvote;USN;Suppleringsopptak;222 330;Økonomi og ledelse, Drammen;Drammen;ØKADM;2026;39.6
Ordinær kvote;USN;Suppleringsopptak;222 330;Økonomi og ledelse, Drammen;Drammen;ØKADM;2026;45.3
Førstegangsvitnemålskvote;USN;Hovedopptak;222 414;Økonomi og ledelse, Hønefoss;Hønefoss;ØKADM;2026;0
Ordinær kvote;USN;Hovedopptak;222 414;Økonomi og ledelse, Hønefoss;Hønefoss;ØKADM;2026;0
Førstegangsvitnemålskvote;USN;Suppleringsopptak;222 414;Økonomi og ledelse, Hønefoss;Hønefoss;ØKADM;2026;0
Ordinær kvote;USN;Suppleringsopptak;222 414;Økonomi og ledelse, Hønefoss;Hønefoss;ØKADM;2026;0
Førstegangsvitnemålskvote;USN;Hovedopptak;222 404;Økonomi og ledelse, Kongsberg;Kongsberg;ØKADM;2026;0
Ordinær kvote;USN;Hovedopptak;222 404;Økonomi og ledelse, Kongsberg;Kongsberg;ØKADM;2026;0
Førstegangsvitnemålskvote;USN;Suppleringsopptak;222 404;Økonomi og ledelse, Kongsberg;Kongsberg;ØKADM;2026;0
Ordinær kvote;USN;Suppleringsopptak;222 404;Økonomi og ledelse, Kongsberg;Kongsberg;ØKADM;2026;0
Førstegangsvitnemålskvote;USN;Hovedopptak;222 369;Økonomi og ledelse, Vestfold;Horten;ØKADM;2026;37.3
Ordinær kvote;USN;Hovedopptak;222 369;Økonomi og ledelse, Vestfold;Horten;ØKADM;2026;40.9
Førstegangsvitnemålskvote;USN;Suppleringsopptak;222 369;Økonomi og ledelse, Vestfold;Horten;ØKADM;2026;37.3
Ordinær kvote;USN;Suppleringsopptak;222 369;Økonomi og ledelse, Vestfold;Horten;ØKADM;2026;40.9
Førstegangsvitnemålskvote;NORD;Hovedopptak;204 340;Økonomi og teknologiledelse;Mo i Rana;ØKADM;2026;0
Ordinær kvote;NORD;Hovedopptak;204 340;Økonomi og teknologiledelse;Mo i Rana;ØKADM;2026;0
Førstegangsvitnemålskvote;NORD;Suppleringsopptak;204 340;Økonomi og teknologiledelse;Mo i Rana;ØKADM;2026;0
Ordinær kvote;NORD;Suppleringsopptak;204 340;Økonomi og teknologiledelse;Mo i Rana;ØKADM;2026;0
Førstegangsvitnemålskvote;NORD;Hovedopptak;204 515;Økonomi og teknologiledelse, nettbasert;Mo i Rana;ØKADM;2026;0
Ordinær kvote;NORD;Hovedopptak;204 515;Økonomi og teknologiledelse, nettbasert;Mo i Rana;ØKADM;2026;51.7
Førstegangsvitnemålskvote;NORD;Suppleringsopptak;204 515;Økonomi og teknologiledelse, nettbasert;Mo i Rana;ØKADM;2026;0
Ordinær kvote;NORD;Suppleringsopptak;204 515;Økonomi og teknologiledelse, nettbasert;Mo i Rana;ØKADM;2026;51.4
Førstegangsvitnemålskvote;NTNU;Hovedopptak;194 515;Økonomi, administrasjon og internasjonal business;Ålesund;ØKADM;2026;47.3
Ordinær kvote;NTNU;Hovedopptak;194 515;Økonomi, administrasjon og internasjonal business;Ålesund;ØKADM;2026;50
Førstegangsvitnemålskvote;NTNU;Suppleringsopptak;194 515;Økonomi, administrasjon og internasjonal business;Ålesund;ØKADM;2026;47.3
Ordinær kvote;NTNU;Suppleringsopptak;194 515;Økonomi, administrasjon og internasjonal business;Ålesund;ØKADM;2026;50
Førstegangsvitnemålskvote;NMBU;Hovedopptak;192 591;Økonomi, ledelse og IT;Ås;ØKADM;2026;41.6
Ordinær kvote;NMBU;Hovedopptak;192 591;Økonomi, ledelse og IT;Ås;ØKADM;2026;42.5
Førstegangsvitnemålskvote;NMBU;Suppleringsopptak;192 591;Økonomi, ledelse og IT;Ås;ØKADM;2026;41.6
Ordinær kvote;NMBU;Suppleringsopptak;192 591;Økonomi, ledelse og IT;Ås;ØKADM;2026;42.5
Førstegangsvitnemålskvote;NORD;Hovedopptak;204 218;Økonomi, markedsføring og ledelse, deltid, Bodø;Bodø;ØKADM;2026;0
Ordinær kvote;NORD;Hovedopptak;204 218;Økonomi, markedsføring og ledelse, deltid, Bodø;Bodø;ØKADM;2026;0
Førstegangsvitnemålskvote;NORD;Suppleringsopptak;204 218;Økonomi, markedsføring og ledelse, deltid, Bodø;Bodø;ØKADM;2026;0
Ordinær kvote;NORD;Suppleringsopptak;204 218;Økonomi, markedsføring og ledelse, deltid, Bodø;Bodø;ØKADM;2026;0
Førstegangsvitnemålskvote;NORD;Hovedopptak;204 209;Økonomi, markedsføring og ledelse, deltid, Stjørdal;Stjørdal;ØKADM;2026;0
Ordinær kvote;NORD;Hovedopptak;204 209;Økonomi, markedsføring og ledelse, deltid, Stjørdal;Stjørdal;ØKADM;2026;0
Førstegangsvitnemålskvote;NORD;Suppleringsopptak;204 209;Økonomi, markedsføring og ledelse, deltid, Stjørdal;Stjørdal;ØKADM;2026;0
Ordinær kvote;NORD;Suppleringsopptak;204 209;Økonomi, markedsføring og ledelse, deltid, Stjørdal;Stjørdal;ØKADM;2026;0
Førstegangsvitnemålskvote;USN;Hovedopptak;222 894;Optometri;Kongsberg;HELSEFAG - ANNET;2026;31.6
Ordinær kvote;USN;Hovedopptak;222 894;Optometri;Kongsberg;HELSEFAG - ANNET;2026;42.3
Førstegangsvitnemålskvote;USN;Suppleringsopptak;222 894;Optometri;Kongsberg;HELSEFAG - ANNET;2026;31.6
Ordinær kvote;USN;Suppleringsopptak;222 894;Optometri;Kongsberg;HELSEFAG - ANNET;2026;42.3
Førstegangsvitnemålskvote;NIH;Hovedopptak;150 583;Organisasjon og idrettsledelse , deltid;Oslo;IDRETT;2026;0
Ordinær kvote;NIH;Hovedopptak;150 583;Organisasjon og idrettsledelse , deltid;Oslo;IDRETT;2026;54.3
Førstegangsvitnemålskvote;NIH;Suppleringsopptak;150 583;Organisasjon og idrettsledelse , deltid;Oslo;IDRETT;2026;0
Ordinær kvote;NIH;Suppleringsopptak;150 583;Organisasjon og idrettsledelse , deltid;Oslo;IDRETT;2026;52.6
Førstegangsvitnemålskvote;INN;Hovedopptak;209 664;Organisasjon og ledelse, deltid;Åmot;ØKADM;2026;0
Ordinær kvote;INN;Hovedopptak;209 664;Organisasjon og ledelse, deltid;Åmot;ØKADM;2026;0
Førstegangsvitnemålskvote;INN;Suppleringsopptak;209 664;Organisasjon og ledelse, deltid;Åmot;ØKADM;2026;0
Ordinær kvote;INN;Suppleringsopptak;209 664;Organisasjon og ledelse, deltid;Åmot;ØKADM;2026;0
Førstegangsvitnemålskvote;INN;Hovedopptak;209 583;Organisasjon og ledelse, deltid, nettbasert;Åmot;ØKADM;2026;0
Ordinær kvote;INN;Hovedopptak;209 583;Organisasjon og ledelse, deltid, nettbasert;Åmot;ØKADM;2026;52.6
Førstegangsvitnemålskvote;INN;Suppleringsopptak;209 583;Organisasjon og ledelse, deltid, nettbasert;Åmot;ØKADM;2026;0
Ordinær kvote;INN;Suppleringsopptak;209 583;Organisasjon og ledelse, deltid, nettbasert;Åmot;ØKADM;2026;52.5
Førstegangsvitnemålskvote;INN;Hovedopptak;209 525;Organisasjon og ledelse, Lillehammer;Lillehammer;ØKADM;2026;0
Ordinær kvote;INN;Hovedopptak;209 525;Organisasjon og ledelse, Lillehammer;Lillehammer;ØKADM;2026;0
Førstegangsvitnemålskvote;INN;Suppleringsopptak;209 525;Organisasjon og ledelse, Lillehammer;Lillehammer;ØKADM;2026;0
Ordinær kvote;INN;Suppleringsopptak;209 525;Organisasjon og ledelse, Lillehammer;Lillehammer;ØKADM;2026;0
Førstegangsvitnemålskvote;INN;Hovedopptak;209 162;Organisasjon og ledelse, Rena;Åmot;ØKADM;2026;0
Ordinær kvote;INN;Hovedopptak;209 162;Organisasjon og ledelse, Rena;Åmot;ØKADM;2026;0
Førstegangsvitnemålskvote;INN;Suppleringsopptak;209 162;Organisasjon og ledelse, Rena;Åmot;ØKADM;2026;0
Ordinær kvote;INN;Suppleringsopptak;209 162;Organisasjon og ledelse, Rena;Åmot;ØKADM;2026;0
Førstegangsvitnemålskvote;HIM;Hovedopptak;211 232;Organisasjon og personalledelse;Molde;ØKADM;2026;0
Ordinær kvote;HIM;Hovedopptak;211 232;Organisasjon og personalledelse;Molde;ØKADM;2026;0
Førstegangsvitnemålskvote;HIM;Suppleringsopptak;211 232;Organisasjon og personalledelse;Molde;ØKADM;2026;0
Ordinær kvote;HIM;Suppleringsopptak;211 232;Organisasjon og personalledelse;Molde;ØKADM;2026;0
Førstegangsvitnemålskvote;OSLOMET;Hovedopptak;215 744;Ortopediingeniør;Oslo;HELSEFAG - ORTOPEDI;2026;50.9
Ordinær kvote;OSLOMET;Hovedopptak;215 744;Ortopediingeniør;Oslo;HELSEFAG - ORTOPEDI;2026;58.8
Førstegangsvitnemålskvote;OSLOMET;Suppleringsopptak;215 744;Ortopediingeniør;Oslo;HELSEFAG - ORTOPEDI;2026;45.6
Ordinær kvote;OSLOMET;Suppleringsopptak;215 744;Ortopediingeniør;Oslo;HELSEFAG - ORTOPEDI;2026;58.3
Førstegangsvitnemålskvote;UIO;Hovedopptak;185 237;Øst-Europa-studier;Oslo;HISTORIE;2026;0
Ordinær kvote;UIO;Hovedopptak;185 237;Øst-Europa-studier;Oslo;HISTORIE;2026;0
Førstegangsvitnemålskvote;UIO;Suppleringsopptak;185 237;Øst-Europa-studier;Oslo;HISTORIE;2026;0
Ordinær kvote;UIO;Suppleringsopptak;185 237;Øst-Europa-studier;Oslo;HISTORIE;2026;0
Førstegangsvitnemålskvote;NTNU;Hovedopptak;194 554;Paramedisin;Gjøvik;HELSEFAG - ANNET;2026;46.3
Ordinær kvote;NTNU;Hovedopptak;194 554;Paramedisin;Gjøvik;HELSEFAG - ANNET;2026;54.5
Førstegangsvitnemålskvote;NTNU;Suppleringsopptak;194 554;Paramedisin;Gjøvik;HELSEFAG - ANNET;2026;46.3
Ordinær kvote;NTNU;Suppleringsopptak;194 554;Paramedisin;Gjøvik;HELSEFAG - ANNET;2026;54.5
Førstegangsvitnemålskvote;HIM;Hovedopptak;211 554;Paramedisin;Molde;HELSEFAG - ANNET;2026;46.8
Ordinær kvote;HIM;Hovedopptak;211 554;Paramedisin;Molde;HELSEFAG - ANNET;2026;56.3
Førstegangsvitnemålskvote;HIM;Suppleringsopptak;211 554;Paramedisin;Molde;HELSEFAG - ANNET;2026;46.1
Ordinær kvote;HIM;Suppleringsopptak;211 554;Paramedisin;Molde;HELSEFAG - ANNET;2026;54.7
Førstegangsvitnemålskvote;OSLOMET;Hovedopptak;215 554;Paramedisin;Oslo;HELSEFAG - ANNET;2026;49.2
Ordinær kvote;OSLOMET;Hovedopptak;215 554;Paramedisin;Oslo;HELSEFAG - ANNET;2026;56.5
Førstegangsvitnemålskvote;OSLOMET;Suppleringsopptak;215 554;Paramedisin;Oslo;HELSEFAG - ANNET;2026;49.2
Ordinær kvote;OSLOMET;Suppleringsopptak;215 554;Paramedisin;Oslo;HELSEFAG - ANNET;2026;56.5
Førstegangsvitnemålskvote;UIS;Hovedopptak;217 554;Paramedisin;Stavanger;HELSEFAG - ANNET;2026;50.1
Ordinær kvote;UIS;Hovedopptak;217 554;Paramedisin;Stavanger;HELSEFAG - ANNET;2026;58
Førstegangsvitnemålskvote;UIS;Suppleringsopptak;217 554;Paramedisin;Stavanger;HELSEFAG - ANNET;2026;50.1
Ordinær kvote;UIS;Suppleringsopptak;217 554;Paramedisin;Stavanger;HELSEFAG - ANNET;2026;58
Førstegangsvitnemålskvote;UIT;Hovedopptak;186 554;Paramedisin;Tromsø;HELSEFAG - ANNET;2026;50.3
Ordinær kvote;UIT;Hovedopptak;186 554;Paramedisin;Tromsø;HELSEFAG - ANNET;2026;63.9
Førstegangsvitnemålskvote;UIT;Suppleringsopptak;186 554;Paramedisin;Tromsø;HELSEFAG - ANNET;2026;45
Ordinær kvote;UIT;Suppleringsopptak;186 554;Paramedisin;Tromsø;HELSEFAG - ANNET;2026;59.4
Førstegangsvitnemålskvote;UIO;Hovedopptak;185 852;Pedagogikk;Oslo;PEDFAG;2026;31
Ordinær kvote;UIO;Hovedopptak;185 852;Pedagogikk;Oslo;PEDFAG;2026;38.9
Førstegangsvitnemålskvote;UIO;Suppleringsopptak;185 852;Pedagogikk;Oslo;PEDFAG;2026;31
Ordinær kvote;UIO;Suppleringsopptak;185 852;Pedagogikk;Oslo;PEDFAG;2026;38.9
Førstegangsvitnemålskvote;INN;Hovedopptak;209 568;Pedagogikk - fleksibelt, deltid;Lillehammer;PEDFAG;2026;0
Ordinær kvote;INN;Hovedopptak;209 568;Pedagogikk - fleksibelt, deltid;Lillehammer;PEDFAG;2026;0
Førstegangsvitnemålskvote;INN;Suppleringsopptak;209 568;Pedagogikk - fleksibelt, deltid;Lillehammer;PEDFAG;2026;0
Ordinær kvote;INN;Suppleringsopptak;209 568;Pedagogikk - fleksibelt, deltid;Lillehammer;PEDFAG;2026;0
Førstegangsvitnemålskvote;NLA;Hovedopptak;254 220;Pedagogikk, årsstudium;Bergen;PEDFAG;2026;0
Førstegangsvitnemålskvote;UIB;Hovedopptak;184 220;Pedagogikk, årsstudium;Bergen;PEDFAG;2026;40.5
Ordinær kvote;NLA;Hovedopptak;254 220;Pedagogikk, årsstudium;Bergen;PEDFAG;2026;0
Ordinær kvote;UIB;Hovedopptak;184 220;Pedagogikk, årsstudium;Bergen;PEDFAG;2026;57
Førstegangsvitnemålskvote;NLA;Suppleringsopptak;254 220;Pedagogikk, årsstudium;Bergen;PEDFAG;2026;0
Førstegangsvitnemålskvote;UIB;Suppleringsopptak;184 220;Pedagogikk, årsstudium;Bergen;PEDFAG;2026;40.5
Ordinær kvote;NLA;Suppleringsopptak;254 220;Pedagogikk, årsstudium;Bergen;PEDFAG;2026;0
Ordinær kvote;UIB;Suppleringsopptak;184 220;Pedagogikk, årsstudium;Bergen;PEDFAG;2026;57
Førstegangsvitnemålskvote;UIA;Hovedopptak;201 676;Pedagogikk, årsstudium;Kristiansand;PEDFAG;2026;0
Ordinær kvote;UIA;Hovedopptak;201 676;Pedagogikk, årsstudium;Kristiansand;PEDFAG;2026;45.3
Førstegangsvitnemålskvote;UIA;Suppleringsopptak;201 676;Pedagogikk, årsstudium;Kristiansand;PEDFAG;2026;0
Ordinær kvote;UIA;Suppleringsopptak;201 676;Pedagogikk, årsstudium;Kristiansand;PEDFAG;2026;0
Førstegangsvitnemålskvote;INN;Hovedopptak;209 220;Pedagogikk, årsstudium;Lillehammer;PEDFAG;2026;0
Ordinær kvote;INN;Hovedopptak;209 220;Pedagogikk, årsstudium;Lillehammer;PEDFAG;2026;46.4
Førstegangsvitnemålskvote;INN;Suppleringsopptak;209 220;Pedagogikk, årsstudium;Lillehammer;PEDFAG;2026;0
Ordinær kvote;INN;Suppleringsopptak;209 220;Pedagogikk, årsstudium;Lillehammer;PEDFAG;2026;42.9
Førstegangsvitnemålskvote;UIT;Hovedopptak;186 220;Pedagogikk, årsstudium;Tromsø;PEDFAG;2026;0
Ordinær kvote;UIT;Hovedopptak;186 220;Pedagogikk, årsstudium;Tromsø;PEDFAG;2026;0
Førstegangsvitnemålskvote;UIT;Suppleringsopptak;186 220;Pedagogikk, årsstudium;Tromsø;PEDFAG;2026;0
Ordinær kvote;UIT;Suppleringsopptak;186 220;Pedagogikk, årsstudium;Tromsø;PEDFAG;2026;0
Førstegangsvitnemålskvote;NTNU;Hovedopptak;194 220;Pedagogikk, årsstudium;Trondheim;PEDFAG;2026;38.6
Ordinær kvote;NTNU;Hovedopptak;194 220;Pedagogikk, årsstudium;Trondheim;PEDFAG;2026;50.9
Førstegangsvitnemålskvote;NTNU;Suppleringsopptak;194 220;Pedagogikk, årsstudium;Trondheim;PEDFAG;2026;34.6
Ordinær kvote;NTNU;Suppleringsopptak;194 220;Pedagogikk, årsstudium;Trondheim;PEDFAG;2026;49
Førstegangsvitnemålskvote;NLA;Hovedopptak;254 852;Pedagogikk, bachelor;Bergen;PEDFAG;2026;0
Førstegangsvitnemålskvote;UIB;Hovedopptak;184 852;Pedagogikk, bachelor;Bergen;PEDFAG;2026;39.2
Ordinær kvote;NLA;Hovedopptak;254 852;Pedagogikk, bachelor;Bergen;PEDFAG;2026;0
Ordinær kvote;UIB;Hovedopptak;184 852;Pedagogikk, bachelor;Bergen;PEDFAG;2026;42.2
Førstegangsvitnemålskvote;NLA;Suppleringsopptak;254 852;Pedagogikk, bachelor;Bergen;PEDFAG;2026;0
Førstegangsvitnemålskvote;UIB;Suppleringsopptak;184 852;Pedagogikk, bachelor;Bergen;PEDFAG;2026;39.2
Ordinær kvote;NLA;Suppleringsopptak;254 852;Pedagogikk, bachelor;Bergen;PEDFAG;2026;0
Ordinær kvote;UIB;Suppleringsopptak;184 852;Pedagogikk, bachelor;Bergen;PEDFAG;2026;42.2
Førstegangsvitnemålskvote;UIA;Hovedopptak;201 852;Pedagogikk, bachelor;Kristiansand;PEDFAG;2026;0
Ordinær kvote;UIA;Hovedopptak;201 852;Pedagogikk, bachelor;Kristiansand;PEDFAG;2026;0
Førstegangsvitnemålskvote;UIA;Suppleringsopptak;201 852;Pedagogikk, bachelor;Kristiansand;PEDFAG;2026;-1
Ordinær kvote;UIA;Suppleringsopptak;201 852;Pedagogikk, bachelor;Kristiansand;PEDFAG;2026;-1
Førstegangsvitnemålskvote;INN;Hovedopptak;209 852;Pedagogikk, bachelor;Lillehammer;PEDFAG;2026;0
Ordinær kvote;INN;Hovedopptak;209 852;Pedagogikk, bachelor;Lillehammer;PEDFAG;2026;0
Førstegangsvitnemålskvote;INN;Suppleringsopptak;209 852;Pedagogikk, bachelor;Lillehammer;PEDFAG;2026;0
Ordinær kvote;INN;Suppleringsopptak;209 852;Pedagogikk, bachelor;Lillehammer;PEDFAG;2026;0
Førstegangsvitnemålskvote;UIT;Hovedopptak;186 852;Pedagogikk, bachelor;Tromsø;PEDFAG;2026;0
Ordinær kvote;UIT;Hovedopptak;186 852;Pedagogikk, bachelor;Tromsø;PEDFAG;2026;0
Førstegangsvitnemålskvote;UIT;Suppleringsopptak;186 852;Pedagogikk, bachelor;Tromsø;PEDFAG;2026;0
Ordinær kvote;UIT;Suppleringsopptak;186 852;Pedagogikk, bachelor;Tromsø;PEDFAG;2026;0
Førstegangsvitnemålskvote;NTNU;Hovedopptak;194 852;Pedagogikk, bachelor;Trondheim;PEDFAG;2026;36.9
Ordinær kvote;NTNU;Hovedopptak;194 852;Pedagogikk, bachelor;Trondheim;PEDFAG;2026;39.9
Førstegangsvitnemålskvote;NTNU;Suppleringsopptak;194 852;Pedagogikk, bachelor;Trondheim;PEDFAG;2026;36.8
Ordinær kvote;NTNU;Suppleringsopptak;194 852;Pedagogikk, bachelor;Trondheim;PEDFAG;2026;39.5
Førstegangsvitnemålskvote;NORD;Hovedopptak;204 162;Personalledelse og kompetanseutvikling, Bodø;Bodø;ØKADM;2026;0
Ordinær kvote;NORD;Hovedopptak;204 162;Personalledelse og kompetanseutvikling, Bodø;Bodø;ØKADM;2026;0
Førstegangsvitnemålskvote;NORD;Suppleringsopptak;204 162;Personalledelse og kompetanseutvikling, Bodø;Bodø;ØKADM;2026;0
Ordinær kvote;NORD;Suppleringsopptak;204 162;Personalledelse og kompetanseutvikling, Bodø;Bodø;ØKADM;2026;0
Førstegangsvitnemålskvote;NORD;Hovedopptak;204 583;Personalledelse og kompetanseutvikling, Levanger;Levanger;ØKADM;2026;0
Ordinær kvote;NORD;Hovedopptak;204 583;Personalledelse og kompetanseutvikling, Levanger;Levanger;ØKADM;2026;0
Førstegangsvitnemålskvote;NORD;Suppleringsopptak;204 583;Personalledelse og kompetanseutvikling, Levanger;Levanger;ØKADM;2026;0
Ordinær kvote;NORD;Suppleringsopptak;204 583;Personalledelse og kompetanseutvikling, Levanger;Levanger;ØKADM;2026;0
Førstegangsvitnemålskvote;NORD;Hovedopptak;204 185;Personlig trener;Bodø;IDRETT;2026;0
Ordinær kvote;NORD;Hovedopptak;204 185;Personlig trener;Bodø;IDRETT;2026;35
Førstegangsvitnemålskvote;NORD;Suppleringsopptak;204 185;Personlig trener;Bodø;IDRETT;2026;0
Ordinær kvote;NORD;Suppleringsopptak;204 185;Personlig trener;Bodø;IDRETT;2026;0
Førstegangsvitnemålskvote;NIH;Hovedopptak;150 509;Personlig trener;Oslo;IDRETT;2026;45.4
Ordinær kvote;NIH;Hovedopptak;150 509;Personlig trener;Oslo;IDRETT;2026;59.4
Førstegangsvitnemålskvote;NIH;Suppleringsopptak;150 509;Personlig trener;Oslo;IDRETT;2026;44.2
Ordinær kvote;NIH;Suppleringsopptak;150 509;Personlig trener;Oslo;IDRETT;2026;57.2
Førstegangsvitnemålskvote;HVL;Hovedopptak;203 509;Personlig trener;Sogndal;IDRETT;2026;0
Ordinær kvote;HVL;Hovedopptak;203 509;Personlig trener;Sogndal;IDRETT;2026;0
Førstegangsvitnemålskvote;HVL;Suppleringsopptak;203 509;Personlig trener;Sogndal;IDRETT;2026;0
Ordinær kvote;HVL;Suppleringsopptak;203 509;Personlig trener;Sogndal;IDRETT;2026;0
Førstegangsvitnemålskvote;HIM;Hovedopptak;211 866;Petroleumslogistikk og økonomi;Kristiansund;ØKADM;2026;0
Ordinær kvote;HIM;Hovedopptak;211 866;Petroleumslogistikk og økonomi;Kristiansund;ØKADM;2026;0
Førstegangsvitnemålskvote;HIM;Suppleringsopptak;211 866;Petroleumslogistikk og økonomi;Kristiansund;ØKADM;2026;0
Ordinær kvote;HIM;Suppleringsopptak;211 866;Petroleumslogistikk og økonomi;Kristiansund;ØKADM;2026;0
Førstegangsvitnemålskvote;HVO;Hovedopptak;223 452;Planlegging, administrasjon og ledelse;Volda;ØKADM;2026;0
Ordinær kvote;HVO;Hovedopptak;223 452;Planlegging, administrasjon og ledelse;Volda;ØKADM;2026;0
Førstegangsvitnemålskvote;HVO;Suppleringsopptak;223 452;Planlegging, administrasjon og ledelse;Volda;ØKADM;2026;0
Ordinær kvote;HVO;Suppleringsopptak;223 452;Planlegging, administrasjon og ledelse;Volda;ØKADM;2026;0
Førstegangsvitnemålskvote;NMBU;Hovedopptak;192 842;Plantevitenskap;Ås;LANDOGHAVBRUK;2026;0
Ordinær kvote;NMBU;Hovedopptak;192 842;Plantevitenskap;Ås;LANDOGHAVBRUK;2026;0
Førstegangsvitnemålskvote;NMBU;Suppleringsopptak;192 842;Plantevitenskap;Ås;LANDOGHAVBRUK;2026;0
Ordinær kvote;NMBU;Suppleringsopptak;192 842;Plantevitenskap;Ås;LANDOGHAVBRUK;2026;0
Førstegangsvitnemålskvote;UIB;Hovedopptak;184 162;Politikk og forvaltning, årsstudium;Bergen;SAMFUNN;2026;33.8
Ordinær kvote;UIB;Hovedopptak;184 162;Politikk og forvaltning, årsstudium;Bergen;SAMFUNN;2026;40.3
Førstegangsvitnemålskvote;UIB;Suppleringsopptak;184 162;Politikk og forvaltning, årsstudium;Bergen;SAMFUNN;2026;33.8
Ordinær kvote;UIB;Suppleringsopptak;184 162;Politikk og forvaltning, årsstudium;Bergen;SAMFUNN;2026;40.3
Førstegangsvitnemålskvote;UIB;Hovedopptak;184 867;Politikk og forvaltning, bachelor;Bergen;SAMFUNN;2026;41.6
Ordinær kvote;UIB;Hovedopptak;184 867;Politikk og forvaltning, bachelor;Bergen;SAMFUNN;2026;39.2
Førstegangsvitnemålskvote;UIB;Suppleringsopptak;184 867;Politikk og forvaltning, bachelor;Bergen;SAMFUNN;2026;41.6
Ordinær kvote;UIB;Suppleringsopptak;184 867;Politikk og forvaltning, bachelor;Bergen;SAMFUNN;2026;39.2
Førstegangsvitnemålskvote;HIM;Hovedopptak;211 841;Politikk, juss og administrasjon;Molde;SAMFUNN;2026;0
Ordinær kvote;HIM;Hovedopptak;211 841;Politikk, juss og administrasjon;Molde;SAMFUNN;2026;0
Førstegangsvitnemålskvote;HIM;Suppleringsopptak;211 841;Politikk, juss og administrasjon;Molde;SAMFUNN;2026;0
Ordinær kvote;HIM;Suppleringsopptak;211 841;Politikk, juss og administrasjon;Molde;SAMFUNN;2026;0
Ordinær kvote;PHS;Hovedopptak;233 571;Politiutdanning, Alta;Alta;JUS;2026;52.3
Ordinær kvote;PHS;Suppleringsopptak;233 571;Politiutdanning, Alta;Alta;JUS;2026;52.3
Ordinær kvote;PHS;Hovedopptak;233 682;Politiutdanning, Bodø;Bodø;JUS;2026;49.4
Ordinær kvote;PHS;Suppleringsopptak;233 682;Politiutdanning, Bodø;Bodø;JUS;2026;49.4
Ordinær kvote;PHS;Hovedopptak;233 681;Politiutdanning, Oslo;Oslo;JUS;2026;52.3
Ordinær kvote;PHS;Suppleringsopptak;233 681;Politiutdanning, Oslo;Oslo;JUS;2026;52.2
Ordinær kvote;PHS;Hovedopptak;233 679;Politiutdanning, Stavern;Larvik;JUS;2026;51.1
Ordinær kvote;PHS;Suppleringsopptak;233 679;Politiutdanning, Stavern;Larvik;JUS;2026;51.1
Førstegangsvitnemålskvote;HVO;Hovedopptak;223 453;PR, kommunikasjon og media;Volda;MEDIEFAG;2026;0
Ordinær kvote;HVO;Hovedopptak;223 453;PR, kommunikasjon og media;Volda;MEDIEFAG;2026;0
Førstegangsvitnemålskvote;HVO;Suppleringsopptak;223 453;PR, kommunikasjon og media;Volda;MEDIEFAG;2026;-1
Ordinær kvote;HVO;Suppleringsopptak;223 453;PR, kommunikasjon og media;Volda;MEDIEFAG;2026;-1
Førstegangsvitnemålskvote;UIT;Hovedopptak;186 162;Praktisk prosjektledelse, deltid;Harstad;ØKADM;2026;0
Ordinær kvote;UIT;Hovedopptak;186 162;Praktisk prosjektledelse, deltid;Harstad;ØKADM;2026;0
Førstegangsvitnemålskvote;UIT;Suppleringsopptak;186 162;Praktisk prosjektledelse, deltid;Harstad;ØKADM;2026;0
Ordinær kvote;UIT;Suppleringsopptak;186 162;Praktisk prosjektledelse, deltid;Harstad;ØKADM;2026;0
Førstegangsvitnemålskvote;NLA;Hovedopptak;254 195;Praktisk teologi og ledelse, Bergen;Bergen;HISTORIE;2026;0
Ordinær kvote;NLA;Hovedopptak;254 195;Praktisk teologi og ledelse, Bergen;Bergen;HISTORIE;2026;0
Førstegangsvitnemålskvote;NLA;Suppleringsopptak;254 195;Praktisk teologi og ledelse, Bergen;Bergen;HISTORIE;2026;0
Ordinær kvote;NLA;Suppleringsopptak;254 195;Praktisk teologi og ledelse, Bergen;Bergen;HISTORIE;2026;0
Førstegangsvitnemålskvote;NLA;Hovedopptak;254 652;Praktisk teologi og ledelse, Oslo;Oslo;HISTORIE;2026;0
Ordinær kvote;NLA;Hovedopptak;254 652;Praktisk teologi og ledelse, Oslo;Oslo;HISTORIE;2026;0
Førstegangsvitnemålskvote;NLA;Suppleringsopptak;254 652;Praktisk teologi og ledelse, Oslo;Oslo;HISTORIE;2026;0
Ordinær kvote;NLA;Suppleringsopptak;254 652;Praktisk teologi og ledelse, Oslo;Oslo;HISTORIE;2026;0
Førstegangsvitnemålskvote;OSLOMET;Hovedopptak;215 405;Produktdesign;Lillestrøm;ESTETISK;2026;-1
Ordinær kvote;OSLOMET;Hovedopptak;215 405;Produktdesign;Lillestrøm;ESTETISK;2026;-1
Førstegangsvitnemålskvote;OSLOMET;Suppleringsopptak;215 405;Produktdesign;Lillestrøm;ESTETISK;2026;-1
Ordinær kvote;OSLOMET;Suppleringsopptak;215 405;Produktdesign;Lillestrøm;ESTETISK;2026;-1
Førstegangsvitnemålskvote;NTNU;Hovedopptak;194 602;Produktdesign og teknologi, årsstudium;Gjøvik;TEKNO - ANNET;2026;0
Ordinær kvote;NTNU;Hovedopptak;194 602;Produktdesign og teknologi, årsstudium;Gjøvik;TEKNO - ANNET;2026;37.7
Førstegangsvitnemålskvote;NTNU;Suppleringsopptak;194 602;Produktdesign og teknologi, årsstudium;Gjøvik;TEKNO - ANNET;2026;0
Ordinær kvote;NTNU;Suppleringsopptak;194 602;Produktdesign og teknologi, årsstudium;Gjøvik;TEKNO - ANNET;2026;0
Førstegangsvitnemålskvote;NTNU;Hovedopptak;194 824;Produktdesign og teknologi, bachelor;Gjøvik;TEKNO - ANNET;2026;0
Ordinær kvote;NTNU;Hovedopptak;194 824;Produktdesign og teknologi, bachelor;Gjøvik;TEKNO - ANNET;2026;0
Førstegangsvitnemålskvote;NTNU;Suppleringsopptak;194 824;Produktdesign og teknologi, bachelor;Gjøvik;TEKNO - ANNET;2026;0
Ordinær kvote;NTNU;Suppleringsopptak;194 824;Produktdesign og teknologi, bachelor;Gjøvik;TEKNO - ANNET;2026;0
Førstegangsvitnemålskvote;NTNU;Hovedopptak;194 673;Programmering ;Gjøvik;INFOTEKN;2026;0
Ordinær kvote;NTNU;Hovedopptak;194 673;Programmering ;Gjøvik;INFOTEKN;2026;0
Førstegangsvitnemålskvote;NTNU;Suppleringsopptak;194 673;Programmering ;Gjøvik;INFOTEKN;2026;0
Ordinær kvote;NTNU;Suppleringsopptak;194 673;Programmering ;Gjøvik;INFOTEKN;2026;0
Førstegangsvitnemålskvote;INN;Hovedopptak;209 534;Prosjekt- og prod.ledelse for dokumentar og TV;Lillehammer;MEDIEFAG;2026;-1
Ordinær kvote;INN;Hovedopptak;209 534;Prosjekt- og prod.ledelse for dokumentar og TV;Lillehammer;MEDIEFAG;2026;-1
Førstegangsvitnemålskvote;INN;Suppleringsopptak;209 534;Prosjekt- og prod.ledelse for dokumentar og TV;Lillehammer;MEDIEFAG;2026;-1
Ordinær kvote;INN;Suppleringsopptak;209 534;Prosjekt- og prod.ledelse for dokumentar og TV;Lillehammer;MEDIEFAG;2026;-1
Førstegangsvitnemålskvote;UIA;Hovedopptak;201 941;Psykologi;Kristiansand;SAMFUNN;2026;55.9
Ordinær kvote;UIA;Hovedopptak;201 941;Psykologi;Kristiansand;SAMFUNN;2026;64.9
Førstegangsvitnemålskvote;UIA;Suppleringsopptak;201 941;Psykologi;Kristiansand;SAMFUNN;2026;55.6
Ordinær kvote;UIA;Suppleringsopptak;201 941;Psykologi;Kristiansand;SAMFUNN;2026;64.6
Førstegangsvitnemålskvote;OSLOMET;Hovedopptak;215 752;Psykologi;Lillestrøm;SAMFUNN;2026;40.8
Ordinær kvote;OSLOMET;Hovedopptak;215 752;Psykologi;Lillestrøm;SAMFUNN;2026;53.5
Førstegangsvitnemålskvote;OSLOMET;Suppleringsopptak;215 752;Psykologi;Lillestrøm;SAMFUNN;2026;0
Ordinær kvote;OSLOMET;Suppleringsopptak;215 752;Psykologi;Lillestrøm;SAMFUNN;2026;47.9
Førstegangsvitnemålskvote;UIO;Hovedopptak;185 941;Psykologi , høst;Oslo;SAMFUNN;2026;56.9
Ordinær kvote;UIO;Hovedopptak;185 941;Psykologi , høst;Oslo;SAMFUNN;2026;68.2
Førstegangsvitnemålskvote;UIO;Suppleringsopptak;185 941;Psykologi , høst;Oslo;SAMFUNN;2026;56.7
Ordinær kvote;UIO;Suppleringsopptak;185 941;Psykologi , høst;Oslo;SAMFUNN;2026;67.9
Førstegangsvitnemålskvote;UIO;Hovedopptak;185 942;Psykologi , vår;Oslo;SAMFUNN;2026;55.8
Ordinær kvote;UIO;Hovedopptak;185 942;Psykologi , vår;Oslo;SAMFUNN;2026;67.4
Førstegangsvitnemålskvote;UIO;Suppleringsopptak;185 942;Psykologi , vår;Oslo;SAMFUNN;2026;55.8
Ordinær kvote;UIO;Suppleringsopptak;185 942;Psykologi , vår;Oslo;SAMFUNN;2026;67.4
Førstegangsvitnemålskvote;OSLOMET;Hovedopptak;215 876;Psykologi med vekt på adferdsanalyse;Lillestrøm;SAMFUNN;2026;40.4
Ordinær kvote;OSLOMET;Hovedopptak;215 876;Psykologi med vekt på adferdsanalyse;Lillestrøm;SAMFUNN;2026;46.6
Førstegangsvitnemålskvote;OSLOMET;Suppleringsopptak;215 876;Psykologi med vekt på adferdsanalyse;Lillestrøm;SAMFUNN;2026;38.3
Ordinær kvote;OSLOMET;Suppleringsopptak;215 876;Psykologi med vekt på adferdsanalyse;Lillestrøm;SAMFUNN;2026;46
Førstegangsvitnemålskvote;UIB;Hovedopptak;184 752;Psykologi, årsstudium;Bergen;SAMFUNN;2026;46.4
Ordinær kvote;UIB;Hovedopptak;184 752;Psykologi, årsstudium;Bergen;SAMFUNN;2026;50
Førstegangsvitnemålskvote;UIB;Suppleringsopptak;184 752;Psykologi, årsstudium;Bergen;SAMFUNN;2026;46.3
Ordinær kvote;UIB;Suppleringsopptak;184 752;Psykologi, årsstudium;Bergen;SAMFUNN;2026;49.9
Førstegangsvitnemålskvote;AHS;Hovedopptak;255 752;Psykologi, årsstudium;Kristiansand;SAMFUNN;2026;42.9
Ordinær kvote;AHS;Hovedopptak;255 752;Psykologi, årsstudium;Kristiansand;SAMFUNN;2026;40.4
Førstegangsvitnemålskvote;AHS;Suppleringsopptak;255 752;Psykologi, årsstudium;Kristiansand;SAMFUNN;2026;37.3
Ordinær kvote;AHS;Suppleringsopptak;255 752;Psykologi, årsstudium;Kristiansand;SAMFUNN;2026;40.1
Førstegangsvitnemålskvote;INN;Hovedopptak;209 752;Psykologi, årsstudium;Lillehammer;SAMFUNN;2026;36.3
Ordinær kvote;INN;Hovedopptak;209 752;Psykologi, årsstudium;Lillehammer;SAMFUNN;2026;45.2
Førstegangsvitnemålskvote;INN;Suppleringsopptak;209 752;Psykologi, årsstudium;Lillehammer;SAMFUNN;2026;0
Ordinær kvote;INN;Suppleringsopptak;209 752;Psykologi, årsstudium;Lillehammer;SAMFUNN;2026;0
Førstegangsvitnemålskvote;UIO;Hovedopptak;185 752;Psykologi, årsstudium;Oslo;SAMFUNN;2026;50.6
Ordinær kvote;UIO;Hovedopptak;185 752;Psykologi, årsstudium;Oslo;SAMFUNN;2026;63
Førstegangsvitnemålskvote;UIO;Suppleringsopptak;185 752;Psykologi, årsstudium;Oslo;SAMFUNN;2026;50.6
Ordinær kvote;UIO;Suppleringsopptak;185 752;Psykologi, årsstudium;Oslo;SAMFUNN;2026;63
Førstegangsvitnemålskvote;UIS;Hovedopptak;217 752;Psykologi, årsstudium;Stavanger;SAMFUNN;2026;45.1
Ordinær kvote;UIS;Hovedopptak;217 752;Psykologi, årsstudium;Stavanger;SAMFUNN;2026;52.1
Førstegangsvitnemålskvote;UIS;Suppleringsopptak;217 752;Psykologi, årsstudium;Stavanger;SAMFUNN;2026;43
Ordinær kvote;UIS;Suppleringsopptak;217 752;Psykologi, årsstudium;Stavanger;SAMFUNN;2026;50.4
Førstegangsvitnemålskvote;UIT;Hovedopptak;186 752;Psykologi, årsstudium;Tromsø;SAMFUNN;2026;0
Ordinær kvote;UIT;Hovedopptak;186 752;Psykologi, årsstudium;Tromsø;SAMFUNN;2026;0
Førstegangsvitnemålskvote;UIT;Suppleringsopptak;186 752;Psykologi, årsstudium;Tromsø;SAMFUNN;2026;0
Ordinær kvote;UIT;Suppleringsopptak;186 752;Psykologi, årsstudium;Tromsø;SAMFUNN;2026;0
Førstegangsvitnemålskvote;NTNU;Hovedopptak;194 752;Psykologi, årsstudium;Trondheim;SAMFUNN;2026;48.8
Ordinær kvote;NTNU;Hovedopptak;194 752;Psykologi, årsstudium;Trondheim;SAMFUNN;2026;54.1
Førstegangsvitnemålskvote;NTNU;Suppleringsopptak;194 752;Psykologi, årsstudium;Trondheim;SAMFUNN;2026;48.8
Ordinær kvote;NTNU;Suppleringsopptak;194 752;Psykologi, årsstudium;Trondheim;SAMFUNN;2026;54.1
Førstegangsvitnemålskvote;AHS;Hovedopptak;255 903;Psykologi, bachelor;Kristiansand;SAMFUNN;2026;42.8
Ordinær kvote;AHS;Hovedopptak;255 903;Psykologi, bachelor;Kristiansand;SAMFUNN;2026;40.9
Førstegangsvitnemålskvote;AHS;Suppleringsopptak;255 903;Psykologi, bachelor;Kristiansand;SAMFUNN;2026;40.8
Ordinær kvote;AHS;Suppleringsopptak;255 903;Psykologi, bachelor;Kristiansand;SAMFUNN;2026;40.7
Førstegangsvitnemålskvote;INN;Hovedopptak;209 876;Psykologi, bachelor;Lillehammer;SAMFUNN;2026;43.4
Ordinær kvote;INN;Hovedopptak;209 876;Psykologi, bachelor;Lillehammer;SAMFUNN;2026;43.1
Førstegangsvitnemålskvote;INN;Suppleringsopptak;209 876;Psykologi, bachelor;Lillehammer;SAMFUNN;2026;43.4
Ordinær kvote;INN;Suppleringsopptak;209 876;Psykologi, bachelor;Lillehammer;SAMFUNN;2026;43.1
Førstegangsvitnemålskvote;UIO;Hovedopptak;185 876;Psykologi, bachelor;Oslo;SAMFUNN;2026;50.1
Ordinær kvote;UIO;Hovedopptak;185 876;Psykologi, bachelor;Oslo;SAMFUNN;2026;57.4
Førstegangsvitnemålskvote;UIO;Suppleringsopptak;185 876;Psykologi, bachelor;Oslo;SAMFUNN;2026;50.1
Ordinær kvote;UIO;Suppleringsopptak;185 876;Psykologi, bachelor;Oslo;SAMFUNN;2026;57.4
Førstegangsvitnemålskvote;UIS;Hovedopptak;217 876;Psykologi, bachelor;Stavanger;SAMFUNN;2026;48.3
Ordinær kvote;UIS;Hovedopptak;217 876;Psykologi, bachelor;Stavanger;SAMFUNN;2026;52.2
Førstegangsvitnemålskvote;UIS;Suppleringsopptak;217 876;Psykologi, bachelor;Stavanger;SAMFUNN;2026;48.3
Ordinær kvote;UIS;Suppleringsopptak;217 876;Psykologi, bachelor;Stavanger;SAMFUNN;2026;52.2
Førstegangsvitnemålskvote;UIT;Hovedopptak;186 876;Psykologi, bachelor;Tromsø;SAMFUNN;2026;43
Ordinær kvote;UIT;Hovedopptak;186 876;Psykologi, bachelor;Tromsø;SAMFUNN;2026;43.1
Førstegangsvitnemålskvote;UIT;Suppleringsopptak;186 876;Psykologi, bachelor;Tromsø;SAMFUNN;2026;43
Ordinær kvote;UIT;Suppleringsopptak;186 876;Psykologi, bachelor;Tromsø;SAMFUNN;2026;43.1
Førstegangsvitnemålskvote;NTNU;Hovedopptak;194 876;Psykologi, bachelor;Trondheim;SAMFUNN;2026;50.9
Ordinær kvote;NTNU;Hovedopptak;194 876;Psykologi, bachelor;Trondheim;SAMFUNN;2026;54.5
Førstegangsvitnemålskvote;NTNU;Suppleringsopptak;194 876;Psykologi, bachelor;Trondheim;SAMFUNN;2026;50.9
Ordinær kvote;NTNU;Suppleringsopptak;194 876;Psykologi, bachelor;Trondheim;SAMFUNN;2026;54.5
Førstegangsvitnemålskvote;UIB;Hovedopptak;184 941;Psykologi, profesjonsstudium;Bergen;SAMFUNN;2026;56.5
Ordinær kvote;UIB;Hovedopptak;184 941;Psykologi, profesjonsstudium;Bergen;SAMFUNN;2026;65.6
Førstegangsvitnemålskvote;UIB;Suppleringsopptak;184 941;Psykologi, profesjonsstudium;Bergen;SAMFUNN;2026;56.3
Ordinær kvote;UIB;Suppleringsopptak;184 941;Psykologi, profesjonsstudium;Bergen;SAMFUNN;2026;65.2
Førstegangsvitnemålskvote;UIS;Hovedopptak;217 941;Psykologi, profesjonsstudium;Stavanger;SAMFUNN;2026;55.9
Ordinær kvote;UIS;Hovedopptak;217 941;Psykologi, profesjonsstudium;Stavanger;SAMFUNN;2026;65
Førstegangsvitnemålskvote;UIS;Suppleringsopptak;217 941;Psykologi, profesjonsstudium;Stavanger;SAMFUNN;2026;55.5
Ordinær kvote;UIS;Suppleringsopptak;217 941;Psykologi, profesjonsstudium;Stavanger;SAMFUNN;2026;64.5
Førstegangsvitnemålskvote;UIT;Hovedopptak;186 941;Psykologi, profesjonsstudium;Tromsø;SAMFUNN;2026;55.8
Ordinær kvote;UIT;Hovedopptak;186 941;Psykologi, profesjonsstudium;Tromsø;SAMFUNN;2026;65.2
Førstegangsvitnemålskvote;UIT;Suppleringsopptak;186 941;Psykologi, profesjonsstudium;Tromsø;SAMFUNN;2026;55.6
Ordinær kvote;UIT;Suppleringsopptak;186 941;Psykologi, profesjonsstudium;Tromsø;SAMFUNN;2026;65
Førstegangsvitnemålskvote;NTNU;Hovedopptak;194 941;Psykologi, profesjonsstudium;Trondheim;SAMFUNN;2026;57.5
Ordinær kvote;NTNU;Hovedopptak;194 941;Psykologi, profesjonsstudium;Trondheim;SAMFUNN;2026;65.8
Førstegangsvitnemålskvote;NTNU;Suppleringsopptak;194 941;Psykologi, profesjonsstudium;Trondheim;SAMFUNN;2026;57.5
Ordinær kvote;NTNU;Suppleringsopptak;194 941;Psykologi, profesjonsstudium;Trondheim;SAMFUNN;2026;65.8
Førstegangsvitnemålskvote;NMBU;Hovedopptak;192 315;Radioaktivitet og miljø;Ås;REALFAG;2026;0
Ordinær kvote;NMBU;Hovedopptak;192 315;Radioaktivitet og miljø;Ås;REALFAG;2026;0
Førstegangsvitnemålskvote;NMBU;Suppleringsopptak;192 315;Radioaktivitet og miljø;Ås;REALFAG;2026;0
Ordinær kvote;NMBU;Suppleringsopptak;192 315;Radioaktivitet og miljø;Ås;REALFAG;2026;0
Førstegangsvitnemålskvote;HVL;Hovedopptak;203 701;Radiografi;Bergen;HELSEFAG - RADIO;2026;46.8
Ordinær kvote;HVL;Hovedopptak;203 701;Radiografi;Bergen;HELSEFAG - RADIO;2026;51.9
Førstegangsvitnemålskvote;HVL;Suppleringsopptak;203 701;Radiografi;Bergen;HELSEFAG - RADIO;2026;46.8
Ordinær kvote;HVL;Suppleringsopptak;203 701;Radiografi;Bergen;HELSEFAG - RADIO;2026;51.9
Førstegangsvitnemålskvote;USN;Hovedopptak;222 701;Radiografi;Drammen;HELSEFAG - RADIO;2026;44
Ordinær kvote;USN;Hovedopptak;222 701;Radiografi;Drammen;HELSEFAG - RADIO;2026;52.4
Førstegangsvitnemålskvote;USN;Suppleringsopptak;222 701;Radiografi;Drammen;HELSEFAG - RADIO;2026;44
Ordinær kvote;USN;Suppleringsopptak;222 701;Radiografi;Drammen;HELSEFAG - RADIO;2026;52.4
Førstegangsvitnemålskvote;OSLOMET;Hovedopptak;215 701;Radiografi;Oslo;HELSEFAG - RADIO;2026;47.5
Ordinær kvote;OSLOMET;Hovedopptak;215 701;Radiografi;Oslo;HELSEFAG - RADIO;2026;56.5
Førstegangsvitnemålskvote;OSLOMET;Suppleringsopptak;215 701;Radiografi;Oslo;HELSEFAG - RADIO;2026;47.5
Ordinær kvote;OSLOMET;Suppleringsopptak;215 701;Radiografi;Oslo;HELSEFAG - RADIO;2026;56.5
Førstegangsvitnemålskvote;UIT;Hovedopptak;186 701;Radiografi;Tromsø;HELSEFAG - RADIO;2026;45.9
Ordinær kvote;UIT;Hovedopptak;186 701;Radiografi;Tromsø;HELSEFAG - RADIO;2026;45.2
Førstegangsvitnemålskvote;UIT;Suppleringsopptak;186 701;Radiografi;Tromsø;HELSEFAG - RADIO;2026;45.9
Ordinær kvote;UIT;Suppleringsopptak;186 701;Radiografi;Tromsø;HELSEFAG - RADIO;2026;45.2
Førstegangsvitnemålskvote;NTNU;Hovedopptak;194 701;Radiografi, Gjøvik;Gjøvik;HELSEFAG - RADIO;2026;42.8
Ordinær kvote;NTNU;Hovedopptak;194 701;Radiografi, Gjøvik;Gjøvik;HELSEFAG - RADIO;2026;49.9
Førstegangsvitnemålskvote;NTNU;Suppleringsopptak;194 701;Radiografi, Gjøvik;Gjøvik;HELSEFAG - RADIO;2026;42.6
Ordinær kvote;NTNU;Suppleringsopptak;194 701;Radiografi, Gjøvik;Gjøvik;HELSEFAG - RADIO;2026;49.9
Førstegangsvitnemålskvote;NTNU;Hovedopptak;194 531;Radiografi, Trondheim;Trondheim;HELSEFAG - RADIO;2026;49
Ordinær kvote;NTNU;Hovedopptak;194 531;Radiografi, Trondheim;Trondheim;HELSEFAG - RADIO;2026;53
Førstegangsvitnemålskvote;NTNU;Suppleringsopptak;194 531;Radiografi, Trondheim;Trondheim;HELSEFAG - RADIO;2026;48.9
Ordinær kvote;NTNU;Suppleringsopptak;194 531;Radiografi, Trondheim;Trondheim;HELSEFAG - RADIO;2026;53
Førstegangsvitnemålskvote;UIB;Hovedopptak;184 670;Realfag;Bergen;REALFAG;2026;0
Ordinær kvote;UIB;Hovedopptak;184 670;Realfag;Bergen;REALFAG;2026;0
Førstegangsvitnemålskvote;UIB;Suppleringsopptak;184 670;Realfag;Bergen;REALFAG;2026;-1
Ordinær kvote;UIB;Suppleringsopptak;184 670;Realfag;Bergen;REALFAG;2026;-1
Førstegangsvitnemålskvote;UIO;Hovedopptak;185 233;Realfag;Oslo;REALFAG;2026;0
Ordinær kvote;UIO;Hovedopptak;185 233;Realfag;Oslo;REALFAG;2026;0
Førstegangsvitnemålskvote;UIO;Suppleringsopptak;185 233;Realfag;Oslo;REALFAG;2026;0
Ordinær kvote;UIO;Suppleringsopptak;185 233;Realfag;Oslo;REALFAG;2026;0
Førstegangsvitnemålskvote;UIS;Hovedopptak;217 233;Realfag og teknologi;Stavanger;TEKNO - INGENIØR;2026;0
Ordinær kvote;UIS;Hovedopptak;217 233;Realfag og teknologi;Stavanger;TEKNO - INGENIØR;2026;0
Førstegangsvitnemålskvote;UIS;Suppleringsopptak;217 233;Realfag og teknologi;Stavanger;TEKNO - INGENIØR;2026;0
Ordinær kvote;UIS;Suppleringsopptak;217 233;Realfag og teknologi;Stavanger;TEKNO - INGENIØR;2026;0
Førstegangsvitnemålskvote;HIØ;Hovedopptak;224 516;Regnskap;Halden;ØKADM;2026;0
Ordinær kvote;HIØ;Hovedopptak;224 516;Regnskap;Halden;ØKADM;2026;0
Førstegangsvitnemålskvote;HIØ;Suppleringsopptak;224 516;Regnskap;Halden;ØKADM;2026;0
Ordinær kvote;HIØ;Suppleringsopptak;224 516;Regnskap;Halden;ØKADM;2026;0
Førstegangsvitnemålskvote;INN;Hovedopptak;209 516;Regnskap og økonomirådgivning;Åmot;ØKADM;2026;0
Ordinær kvote;INN;Hovedopptak;209 516;Regnskap og økonomirådgivning;Åmot;ØKADM;2026;0
Førstegangsvitnemålskvote;INN;Suppleringsopptak;209 516;Regnskap og økonomirådgivning;Åmot;ØKADM;2026;0
Ordinær kvote;INN;Suppleringsopptak;209 516;Regnskap og økonomirådgivning;Åmot;ØKADM;2026;0
Førstegangsvitnemålskvote;INN;Hovedopptak;209 404;Regnskap og økonomirådgivning, deltid;Åmot;ØKADM;2026;0
Ordinær kvote;INN;Hovedopptak;209 404;Regnskap og økonomirådgivning, deltid;Åmot;ØKADM;2026;52.7
Førstegangsvitnemålskvote;INN;Suppleringsopptak;209 404;Regnskap og økonomirådgivning, deltid;Åmot;ØKADM;2026;0
Ordinær kvote;INN;Suppleringsopptak;209 404;Regnskap og økonomirådgivning, deltid;Åmot;ØKADM;2026;52.7
Førstegangsvitnemålskvote;INN;Hovedopptak;209 171;Regnskap og økonomirådgivning, nettbasert;Åmot;ØKADM;2026;0
Ordinær kvote;INN;Hovedopptak;209 171;Regnskap og økonomirådgivning, nettbasert;Åmot;ØKADM;2026;62.1
Førstegangsvitnemålskvote;INN;Suppleringsopptak;209 171;Regnskap og økonomirådgivning, nettbasert;Åmot;ØKADM;2026;0
Ordinær kvote;INN;Suppleringsopptak;209 171;Regnskap og økonomirådgivning, nettbasert;Åmot;ØKADM;2026;62.1
Førstegangsvitnemålskvote;UIS;Hovedopptak;217 527;Reiseliv i endring;Stavanger;REISELIV;2026;0
Ordinær kvote;UIS;Hovedopptak;217 527;Reiseliv i endring;Stavanger;REISELIV;2026;0
Førstegangsvitnemålskvote;UIS;Suppleringsopptak;217 527;Reiseliv i endring;Stavanger;REISELIV;2026;0
Ordinær kvote;UIS;Suppleringsopptak;217 527;Reiseliv i endring;Stavanger;REISELIV;2026;0
Førstegangsvitnemålskvote;HVL;Hovedopptak;203 754;Reiseliv, markedsføring og ledelse, årsstudium;Sogndal;REISELIV;2026;0
Ordinær kvote;HVL;Hovedopptak;203 754;Reiseliv, markedsføring og ledelse, årsstudium;Sogndal;REISELIV;2026;0
Førstegangsvitnemålskvote;HVL;Suppleringsopptak;203 754;Reiseliv, markedsføring og ledelse, årsstudium;Sogndal;REISELIV;2026;0
Ordinær kvote;HVL;Suppleringsopptak;203 754;Reiseliv, markedsføring og ledelse, årsstudium;Sogndal;REISELIV;2026;0
Førstegangsvitnemålskvote;HVL;Hovedopptak;203 330;Reiseliv, markedsføring og ledelse, bachelor;Sogndal;REISELIV;2026;0
Ordinær kvote;HVL;Hovedopptak;203 330;Reiseliv, markedsføring og ledelse, bachelor;Sogndal;REISELIV;2026;0
Førstegangsvitnemålskvote;HVL;Suppleringsopptak;203 330;Reiseliv, markedsføring og ledelse, bachelor;Sogndal;REISELIV;2026;0
Ordinær kvote;HVL;Suppleringsopptak;203 330;Reiseliv, markedsføring og ledelse, bachelor;Sogndal;REISELIV;2026;0
Førstegangsvitnemålskvote;HVO;Hovedopptak;223 902;Religion og kultur;Volda;HISTORIE;2026;0
Ordinær kvote;HVO;Hovedopptak;223 902;Religion og kultur;Volda;HISTORIE;2026;0
Førstegangsvitnemålskvote;HVO;Suppleringsopptak;223 902;Religion og kultur;Volda;HISTORIE;2026;0
Ordinær kvote;HVO;Suppleringsopptak;223 902;Religion og kultur;Volda;HISTORIE;2026;0
Førstegangsvitnemålskvote;MF;Hovedopptak;190 237;Religion og politikk, årsstudium;Oslo;SAMFUNN;2026;0
Ordinær kvote;MF;Hovedopptak;190 237;Religion og politikk, årsstudium;Oslo;SAMFUNN;2026;0
Førstegangsvitnemålskvote;MF;Suppleringsopptak;190 237;Religion og politikk, årsstudium;Oslo;SAMFUNN;2026;0
Ordinær kvote;MF;Suppleringsopptak;190 237;Religion og politikk, årsstudium;Oslo;SAMFUNN;2026;0
Førstegangsvitnemålskvote;UIO;Hovedopptak;185 482;Religion og samfunn;Oslo;HISTORIE;2026;0
Ordinær kvote;UIO;Hovedopptak;185 482;Religion og samfunn;Oslo;HISTORIE;2026;0
Førstegangsvitnemålskvote;UIO;Suppleringsopptak;185 482;Religion og samfunn;Oslo;HISTORIE;2026;0
Ordinær kvote;UIO;Suppleringsopptak;185 482;Religion og samfunn;Oslo;HISTORIE;2026;0
Førstegangsvitnemålskvote;INN;Hovedopptak;209 553;Religion, etikk og samfunn;Hamar;HISTORIE;2026;0
Ordinær kvote;INN;Hovedopptak;209 553;Religion, etikk og samfunn;Hamar;HISTORIE;2026;0
Førstegangsvitnemålskvote;INN;Suppleringsopptak;209 553;Religion, etikk og samfunn;Hamar;HISTORIE;2026;0
Ordinær kvote;INN;Suppleringsopptak;209 553;Religion, etikk og samfunn;Hamar;HISTORIE;2026;0
Førstegangsvitnemålskvote;UIA;Hovedopptak;201 652;Religion, etikk og samfunn, årsstudium;Kristiansand;HISTORIE;2026;0
Ordinær kvote;UIA;Hovedopptak;201 652;Religion, etikk og samfunn, årsstudium;Kristiansand;HISTORIE;2026;0
Førstegangsvitnemålskvote;UIA;Suppleringsopptak;201 652;Religion, etikk og samfunn, årsstudium;Kristiansand;HISTORIE;2026;0
Ordinær kvote;UIA;Suppleringsopptak;201 652;Religion, etikk og samfunn, årsstudium;Kristiansand;HISTORIE;2026;0
Førstegangsvitnemålskvote;UIA;Hovedopptak;201 482;Religion, etikk og samfunn, bachelor;Kristiansand;HISTORIE;2026;0
Ordinær kvote;UIA;Hovedopptak;201 482;Religion, etikk og samfunn, bachelor;Kristiansand;HISTORIE;2026;0
Førstegangsvitnemålskvote;UIA;Suppleringsopptak;201 482;Religion, etikk og samfunn, bachelor;Kristiansand;HISTORIE;2026;0
Ordinær kvote;UIA;Suppleringsopptak;201 482;Religion, etikk og samfunn, bachelor;Kristiansand;HISTORIE;2026;0
Førstegangsvitnemålskvote;UIS;Hovedopptak;217 196;Religion, kultur og samfunn, årsstudium;Stavanger;HISTORIE;2026;0
Ordinær kvote;UIS;Hovedopptak;217 196;Religion, kultur og samfunn, årsstudium;Stavanger;HISTORIE;2026;0
Førstegangsvitnemålskvote;UIS;Suppleringsopptak;217 196;Religion, kultur og samfunn, årsstudium;Stavanger;HISTORIE;2026;0
Ordinær kvote;UIS;Suppleringsopptak;217 196;Religion, kultur og samfunn, årsstudium;Stavanger;HISTORIE;2026;0
Førstegangsvitnemålskvote;UIS;Hovedopptak;217 482;Religion, kultur og samfunn, bachelor;Stavanger;HISTORIE;2026;0
Ordinær kvote;UIS;Hovedopptak;217 482;Religion, kultur og samfunn, bachelor;Stavanger;HISTORIE;2026;0
Førstegangsvitnemålskvote;UIS;Suppleringsopptak;217 482;Religion, kultur og samfunn, bachelor;Stavanger;HISTORIE;2026;0
Ordinær kvote;UIS;Suppleringsopptak;217 482;Religion, kultur og samfunn, bachelor;Stavanger;HISTORIE;2026;0
Førstegangsvitnemålskvote;HIØ;Hovedopptak;224 626;Religion, livssyn og etikk;Halden;HISTORIE;2026;0
Ordinær kvote;HIØ;Hovedopptak;224 626;Religion, livssyn og etikk;Halden;HISTORIE;2026;0
Førstegangsvitnemålskvote;HIØ;Suppleringsopptak;224 626;Religion, livssyn og etikk;Halden;HISTORIE;2026;0
Ordinær kvote;HIØ;Suppleringsopptak;224 626;Religion, livssyn og etikk;Halden;HISTORIE;2026;0
Førstegangsvitnemålskvote;UIT;Hovedopptak;186 910;Religionsvitenskap;Tromsø;HISTORIE;2026;0
Ordinær kvote;UIT;Hovedopptak;186 910;Religionsvitenskap;Tromsø;HISTORIE;2026;0
Førstegangsvitnemålskvote;UIT;Suppleringsopptak;186 910;Religionsvitenskap;Tromsø;HISTORIE;2026;0
Ordinær kvote;UIT;Suppleringsopptak;186 910;Religionsvitenskap;Tromsø;HISTORIE;2026;0
Førstegangsvitnemålskvote;UIB;Hovedopptak;184 910;Religionsvitenskap, årsstudium;Bergen;HISTORIE;2026;0
Ordinær kvote;UIB;Hovedopptak;184 910;Religionsvitenskap, årsstudium;Bergen;HISTORIE;2026;0
Førstegangsvitnemålskvote;UIB;Suppleringsopptak;184 910;Religionsvitenskap, årsstudium;Bergen;HISTORIE;2026;0
Ordinær kvote;UIB;Suppleringsopptak;184 910;Religionsvitenskap, årsstudium;Bergen;HISTORIE;2026;0
Førstegangsvitnemålskvote;UIO;Hovedopptak;185 910;Religionsvitenskap, årsstudium;Oslo;HISTORIE;2026;0
Ordinær kvote;UIO;Hovedopptak;185 910;Religionsvitenskap, årsstudium;Oslo;HISTORIE;2026;0
Førstegangsvitnemålskvote;UIO;Suppleringsopptak;185 910;Religionsvitenskap, årsstudium;Oslo;HISTORIE;2026;0
Ordinær kvote;UIO;Suppleringsopptak;185 910;Religionsvitenskap, årsstudium;Oslo;HISTORIE;2026;0
Førstegangsvitnemålskvote;NTNU;Hovedopptak;194 910;Religionsvitenskap, årsstudium;Trondheim;HISTORIE;2026;0
Ordinær kvote;NTNU;Hovedopptak;194 910;Religionsvitenskap, årsstudium;Trondheim;HISTORIE;2026;0
Førstegangsvitnemålskvote;NTNU;Suppleringsopptak;194 910;Religionsvitenskap, årsstudium;Trondheim;HISTORIE;2026;0
Ordinær kvote;NTNU;Suppleringsopptak;194 910;Religionsvitenskap, årsstudium;Trondheim;HISTORIE;2026;0
Førstegangsvitnemålskvote;UIB;Hovedopptak;184 929;Religionsvitenskap, bachelor;Bergen;HISTORIE;2026;0
Ordinær kvote;UIB;Hovedopptak;184 929;Religionsvitenskap, bachelor;Bergen;HISTORIE;2026;0
Førstegangsvitnemålskvote;UIB;Suppleringsopptak;184 929;Religionsvitenskap, bachelor;Bergen;HISTORIE;2026;0
Ordinær kvote;UIB;Suppleringsopptak;184 929;Religionsvitenskap, bachelor;Bergen;HISTORIE;2026;0
Førstegangsvitnemålskvote;UIO;Hovedopptak;185 929;Religionsvitenskap, bachelor;Oslo;HISTORIE;2026;0
Ordinær kvote;UIO;Hovedopptak;185 929;Religionsvitenskap, bachelor;Oslo;HISTORIE;2026;0
Førstegangsvitnemålskvote;UIO;Suppleringsopptak;185 929;Religionsvitenskap, bachelor;Oslo;HISTORIE;2026;0
Ordinær kvote;UIO;Suppleringsopptak;185 929;Religionsvitenskap, bachelor;Oslo;HISTORIE;2026;0
Førstegangsvitnemålskvote;NTNU;Hovedopptak;194 929;Religionsvitenskap, bachelor;Trondheim;HISTORIE;2026;0
Ordinær kvote;NTNU;Hovedopptak;194 929;Religionsvitenskap, bachelor;Trondheim;HISTORIE;2026;0
Førstegangsvitnemålskvote;NTNU;Suppleringsopptak;194 929;Religionsvitenskap, bachelor;Trondheim;HISTORIE;2026;0
Ordinær kvote;NTNU;Suppleringsopptak;194 929;Religionsvitenskap, bachelor;Trondheim;HISTORIE;2026;0
Førstegangsvitnemålskvote;UIO;Hovedopptak;185 909;Retorikk og språklig kommunikasjon;Oslo;SPRÅK;2026;0
Ordinær kvote;UIO;Hovedopptak;185 909;Retorikk og språklig kommunikasjon;Oslo;SPRÅK;2026;0
Førstegangsvitnemålskvote;UIO;Suppleringsopptak;185 909;Retorikk og språklig kommunikasjon;Oslo;SPRÅK;2026;0
Ordinær kvote;UIO;Suppleringsopptak;185 909;Retorikk og språklig kommunikasjon;Oslo;SPRÅK;2026;0
Førstegangsvitnemålskvote;UIB;Hovedopptak;184 724;Rettsvitenskap;Bergen;JUS;2026;55
Ordinær kvote;UIB;Hovedopptak;184 724;Rettsvitenskap;Bergen;JUS;2026;63
Førstegangsvitnemålskvote;UIB;Suppleringsopptak;184 724;Rettsvitenskap;Bergen;JUS;2026;54.8
Ordinær kvote;UIB;Suppleringsopptak;184 724;Rettsvitenskap;Bergen;JUS;2026;62.7
Førstegangsvitnemålskvote;UIA;Hovedopptak;201 526;Rettsvitenskap;Kristiansand;JUS;2026;53.5
Ordinær kvote;UIA;Hovedopptak;201 526;Rettsvitenskap;Kristiansand;JUS;2026;60.1
Førstegangsvitnemålskvote;UIA;Suppleringsopptak;201 526;Rettsvitenskap;Kristiansand;JUS;2026;53.5
Ordinær kvote;UIA;Suppleringsopptak;201 526;Rettsvitenskap;Kristiansand;JUS;2026;60.1
Førstegangsvitnemålskvote;INN;Hovedopptak;209 526;Rettsvitenskap;Lillehammer;JUS;2026;51.2
Ordinær kvote;INN;Hovedopptak;209 526;Rettsvitenskap;Lillehammer;JUS;2026;57.3
Førstegangsvitnemålskvote;INN;Suppleringsopptak;209 526;Rettsvitenskap;Lillehammer;JUS;2026;51.1
Ordinær kvote;INN;Suppleringsopptak;209 526;Rettsvitenskap;Lillehammer;JUS;2026;57.3
Førstegangsvitnemålskvote;HIM;Hovedopptak;211 526;Rettsvitenskap;Molde;JUS;2026;50.5
Ordinær kvote;HIM;Hovedopptak;211 526;Rettsvitenskap;Molde;JUS;2026;55.6
Førstegangsvitnemålskvote;HIM;Suppleringsopptak;211 526;Rettsvitenskap;Molde;JUS;2026;50.3
Ordinær kvote;HIM;Suppleringsopptak;211 526;Rettsvitenskap;Molde;JUS;2026;55.6
Førstegangsvitnemålskvote;UIS;Hovedopptak;217 526;Rettsvitenskap;Stavanger;JUS;2026;53.1
Ordinær kvote;UIS;Hovedopptak;217 526;Rettsvitenskap;Stavanger;JUS;2026;60.5
Førstegangsvitnemålskvote;UIS;Suppleringsopptak;217 526;Rettsvitenskap;Stavanger;JUS;2026;53.1
Ordinær kvote;UIS;Suppleringsopptak;217 526;Rettsvitenskap;Stavanger;JUS;2026;60.5
Førstegangsvitnemålskvote;UIT;Hovedopptak;186 724;Rettsvitenskap;Tromsø;JUS;2026;54.1
Ordinær kvote;UIT;Hovedopptak;186 724;Rettsvitenskap;Tromsø;JUS;2026;62.6
Førstegangsvitnemålskvote;UIT;Suppleringsopptak;186 724;Rettsvitenskap;Tromsø;JUS;2026;54.1
Ordinær kvote;UIT;Suppleringsopptak;186 724;Rettsvitenskap;Tromsø;JUS;2026;62.6
Førstegangsvitnemålskvote;UIO;Hovedopptak;185 724;Rettsvitenskap (jus), høst;Oslo;JUS;2026;56.2
Ordinær kvote;UIO;Hovedopptak;185 724;Rettsvitenskap (jus), høst;Oslo;JUS;2026;65.5
Førstegangsvitnemålskvote;UIO;Suppleringsopptak;185 724;Rettsvitenskap (jus), høst;Oslo;JUS;2026;56.2
Ordinær kvote;UIO;Suppleringsopptak;185 724;Rettsvitenskap (jus), høst;Oslo;JUS;2026;65.5
Førstegangsvitnemålskvote;UIO;Hovedopptak;185 725;Rettsvitenskap (jus), vår;Oslo;JUS;2026;54.4
Ordinær kvote;UIO;Hovedopptak;185 725;Rettsvitenskap (jus), vår;Oslo;JUS;2026;64
Førstegangsvitnemålskvote;UIO;Suppleringsopptak;185 725;Rettsvitenskap (jus), vår;Oslo;JUS;2026;54.4
Ordinær kvote;UIO;Suppleringsopptak;185 725;Rettsvitenskap (jus), vår;Oslo;JUS;2026;64
Førstegangsvitnemålskvote;UIT;Hovedopptak;186 814;Romfysikk;Tromsø;TEKNO - SIVING;2026;0
Ordinær kvote;UIT;Hovedopptak;186 814;Romfysikk;Tromsø;TEKNO - SIVING;2026;0
Førstegangsvitnemålskvote;UIT;Suppleringsopptak;186 814;Romfysikk;Tromsø;TEKNO - SIVING;2026;0
Ordinær kvote;UIT;Suppleringsopptak;186 814;Romfysikk;Tromsø;TEKNO - SIVING;2026;0
Førstegangsvitnemålskvote;UIB;Hovedopptak;184 886;Russisk;Bergen;SPRÅK;2026;0
Ordinær kvote;UIB;Hovedopptak;184 886;Russisk;Bergen;SPRÅK;2026;0
Førstegangsvitnemålskvote;UIB;Suppleringsopptak;184 886;Russisk;Bergen;SPRÅK;2026;0
Ordinær kvote;UIB;Suppleringsopptak;184 886;Russisk;Bergen;SPRÅK;2026;0
Førstegangsvitnemålskvote;UIO;Hovedopptak;185 483;Russisk;Oslo;SPRÅK;2026;0
Ordinær kvote;UIO;Hovedopptak;185 483;Russisk;Oslo;SPRÅK;2026;47.3
Førstegangsvitnemålskvote;UIO;Suppleringsopptak;185 483;Russisk;Oslo;SPRÅK;2026;0
Ordinær kvote;UIO;Suppleringsopptak;185 483;Russisk;Oslo;SPRÅK;2026;0
Førstegangsvitnemålskvote;UIT;Hovedopptak;186 616;Russisk;Tromsø;SPRÅK;2026;0
Ordinær kvote;UIT;Hovedopptak;186 616;Russisk;Tromsø;SPRÅK;2026;0
Førstegangsvitnemålskvote;UIT;Suppleringsopptak;186 616;Russisk;Tromsø;SPRÅK;2026;0
Ordinær kvote;UIT;Suppleringsopptak;186 616;Russisk;Tromsø;SPRÅK;2026;0
Førstegangsvitnemålskvote;UIT;Hovedopptak;186 886;Russisk og russlandsstudier;Tromsø;SPRÅK;2026;0
Ordinær kvote;UIT;Hovedopptak;186 886;Russisk og russlandsstudier;Tromsø;SPRÅK;2026;0
Førstegangsvitnemålskvote;UIT;Suppleringsopptak;186 886;Russisk og russlandsstudier;Tromsø;SPRÅK;2026;0
Ordinær kvote;UIT;Suppleringsopptak;186 886;Russisk og russlandsstudier;Tromsø;SPRÅK;2026;0
Førstegangsvitnemålskvote;NTNU;Hovedopptak;194 486;Samfunns- og idrettsvitenskap;Trondheim;IDRETT;2026;42.4
Ordinær kvote;NTNU;Hovedopptak;194 486;Samfunns- og idrettsvitenskap;Trondheim;IDRETT;2026;43.4
Førstegangsvitnemålskvote;NTNU;Suppleringsopptak;194 486;Samfunns- og idrettsvitenskap;Trondheim;IDRETT;2026;42.4
Ordinær kvote;NTNU;Suppleringsopptak;194 486;Samfunns- og idrettsvitenskap;Trondheim;IDRETT;2026;43.4
Førstegangsvitnemålskvote;HIØ;Hovedopptak;224 680;Samfunnsfag;Halden;SAMFUNN;2026;0
Ordinær kvote;HIØ;Hovedopptak;224 680;Samfunnsfag;Halden;SAMFUNN;2026;0
Førstegangsvitnemålskvote;HIØ;Suppleringsopptak;224 680;Samfunnsfag;Halden;SAMFUNN;2026;0
Ordinær kvote;HIØ;Suppleringsopptak;224 680;Samfunnsfag;Halden;SAMFUNN;2026;0
Førstegangsvitnemålskvote;INN;Hovedopptak;209 242;Samfunnsfag;Hamar;SAMFUNN;2026;0
Ordinær kvote;INN;Hovedopptak;209 242;Samfunnsfag;Hamar;SAMFUNN;2026;0
Førstegangsvitnemålskvote;INN;Suppleringsopptak;209 242;Samfunnsfag;Hamar;SAMFUNN;2026;0
Ordinær kvote;INN;Suppleringsopptak;209 242;Samfunnsfag;Hamar;SAMFUNN;2026;0
Førstegangsvitnemålskvote;NORD;Hovedopptak;204 680;Samfunnsfag;Levanger;SAMFUNN;2026;0
Ordinær kvote;NORD;Hovedopptak;204 680;Samfunnsfag;Levanger;SAMFUNN;2026;0
Førstegangsvitnemålskvote;NORD;Suppleringsopptak;204 680;Samfunnsfag;Levanger;SAMFUNN;2026;0
Ordinær kvote;NORD;Suppleringsopptak;204 680;Samfunnsfag;Levanger;SAMFUNN;2026;0
Førstegangsvitnemålskvote;MF;Hovedopptak;190 242;Samfunnsfag;Oslo;SAMFUNN;2026;0
Ordinær kvote;MF;Hovedopptak;190 242;Samfunnsfag;Oslo;SAMFUNN;2026;0
Førstegangsvitnemålskvote;MF;Suppleringsopptak;190 242;Samfunnsfag;Oslo;SAMFUNN;2026;0
Ordinær kvote;MF;Suppleringsopptak;190 242;Samfunnsfag;Oslo;SAMFUNN;2026;0
Førstegangsvitnemålskvote;HVL;Hovedopptak;203 242;Samfunnsfag;Sogndal;SAMFUNN;2026;0
Ordinær kvote;HVL;Hovedopptak;203 242;Samfunnsfag;Sogndal;SAMFUNN;2026;58.8
Førstegangsvitnemålskvote;HVL;Suppleringsopptak;203 242;Samfunnsfag;Sogndal;SAMFUNN;2026;0
Ordinær kvote;HVL;Suppleringsopptak;203 242;Samfunnsfag;Sogndal;SAMFUNN;2026;58.8
Førstegangsvitnemålskvote;NLA;Hovedopptak;254 242;Samfunnsfag, Bergen;Bergen;SAMFUNN;2026;0
Ordinær kvote;NLA;Hovedopptak;254 242;Samfunnsfag, Bergen;Bergen;SAMFUNN;2026;0
Førstegangsvitnemålskvote;NLA;Suppleringsopptak;254 242;Samfunnsfag, Bergen;Bergen;SAMFUNN;2026;0
Ordinær kvote;NLA;Suppleringsopptak;254 242;Samfunnsfag, Bergen;Bergen;SAMFUNN;2026;0
Førstegangsvitnemålskvote;NLA;Hovedopptak;254 285;Samfunnsfag, Oslo;Oslo;SAMFUNN;2026;0
Ordinær kvote;NLA;Hovedopptak;254 285;Samfunnsfag, Oslo;Oslo;SAMFUNN;2026;0
Førstegangsvitnemålskvote;NLA;Suppleringsopptak;254 285;Samfunnsfag, Oslo;Oslo;SAMFUNN;2026;0
Ordinær kvote;NLA;Suppleringsopptak;254 285;Samfunnsfag, Oslo;Oslo;SAMFUNN;2026;0
Førstegangsvitnemålskvote;UIO;Hovedopptak;185 438;Samfunnsgeografi;Oslo;SAMFUNN;2026;41
Ordinær kvote;UIO;Hovedopptak;185 438;Samfunnsgeografi;Oslo;SAMFUNN;2026;51
Førstegangsvitnemålskvote;UIO;Suppleringsopptak;185 438;Samfunnsgeografi;Oslo;SAMFUNN;2026;41
Ordinær kvote;UIO;Suppleringsopptak;185 438;Samfunnsgeografi;Oslo;SAMFUNN;2026;51
Førstegangsvitnemålskvote;HVO;Hovedopptak;223 285;Samfunnskunnskap;Volda;SAMFUNN;2026;0
Ordinær kvote;HVO;Hovedopptak;223 285;Samfunnskunnskap;Volda;SAMFUNN;2026;0
Førstegangsvitnemålskvote;HVO;Suppleringsopptak;223 285;Samfunnskunnskap;Volda;SAMFUNN;2026;0
Ordinær kvote;HVO;Suppleringsopptak;223 285;Samfunnskunnskap;Volda;SAMFUNN;2026;0
Førstegangsvitnemålskvote;NMBU;Hovedopptak;192 468;Samfunnsøkonomi;Ås;ØKADM;2026;45.9
Ordinær kvote;NMBU;Hovedopptak;192 468;Samfunnsøkonomi;Ås;ØKADM;2026;48.4
Førstegangsvitnemålskvote;NMBU;Suppleringsopptak;192 468;Samfunnsøkonomi;Ås;ØKADM;2026;45.8
Ordinær kvote;NMBU;Suppleringsopptak;192 468;Samfunnsøkonomi;Ås;ØKADM;2026;48
Førstegangsvitnemålskvote;UIT;Hovedopptak;186 898;Samfunnsøkonomi med datavitenskap;Tromsø;ØKADM;2026;0
Ordinær kvote;UIT;Hovedopptak;186 898;Samfunnsøkonomi med datavitenskap;Tromsø;ØKADM;2026;0
Førstegangsvitnemålskvote;UIT;Suppleringsopptak;186 898;Samfunnsøkonomi med datavitenskap;Tromsø;ØKADM;2026;0
Ordinær kvote;UIT;Suppleringsopptak;186 898;Samfunnsøkonomi med datavitenskap;Tromsø;ØKADM;2026;0
Førstegangsvitnemålskvote;UIB;Hovedopptak;184 239;Samfunnsøkonomi, årsstudium;Bergen;ØKADM;2026;47.3
Ordinær kvote;UIB;Hovedopptak;184 239;Samfunnsøkonomi, årsstudium;Bergen;ØKADM;2026;55
Førstegangsvitnemålskvote;UIB;Suppleringsopptak;184 239;Samfunnsøkonomi, årsstudium;Bergen;ØKADM;2026;47.2
Ordinær kvote;UIB;Suppleringsopptak;184 239;Samfunnsøkonomi, årsstudium;Bergen;ØKADM;2026;54.8
Førstegangsvitnemålskvote;UIO;Hovedopptak;185 239;Samfunnsøkonomi, årsstudium;Oslo;ØKADM;2026;46.5
Ordinær kvote;UIO;Hovedopptak;185 239;Samfunnsøkonomi, årsstudium;Oslo;ØKADM;2026;63.2
Førstegangsvitnemålskvote;UIO;Suppleringsopptak;185 239;Samfunnsøkonomi, årsstudium;Oslo;ØKADM;2026;46.5
Ordinær kvote;UIO;Suppleringsopptak;185 239;Samfunnsøkonomi, årsstudium;Oslo;ØKADM;2026;63.2
Førstegangsvitnemålskvote;NTNU;Hovedopptak;194 239;Samfunnsøkonomi, årsstudium;Trondheim;ØKADM;2026;49.2
Ordinær kvote;NTNU;Hovedopptak;194 239;Samfunnsøkonomi, årsstudium;Trondheim;ØKADM;2026;61.5
Førstegangsvitnemålskvote;NTNU;Suppleringsopptak;194 239;Samfunnsøkonomi, årsstudium;Trondheim;ØKADM;2026;49.2
Ordinær kvote;NTNU;Suppleringsopptak;194 239;Samfunnsøkonomi, årsstudium;Trondheim;ØKADM;2026;61.5
Førstegangsvitnemålskvote;UIB;Hovedopptak;184 369;Samfunnsøkonomi, bachelor;Bergen;ØKADM;2026;49.8
Ordinær kvote;UIB;Hovedopptak;184 369;Samfunnsøkonomi, bachelor;Bergen;ØKADM;2026;53.1
Førstegangsvitnemålskvote;UIB;Suppleringsopptak;184 369;Samfunnsøkonomi, bachelor;Bergen;ØKADM;2026;49.7
Ordinær kvote;UIB;Suppleringsopptak;184 369;Samfunnsøkonomi, bachelor;Bergen;ØKADM;2026;53.1
Førstegangsvitnemålskvote;UIO;Hovedopptak;185 898;Samfunnsøkonomi, bachelor;Oslo;ØKADM;2026;50.5
Ordinær kvote;UIO;Hovedopptak;185 898;Samfunnsøkonomi, bachelor;Oslo;ØKADM;2026;61.1
Førstegangsvitnemålskvote;UIO;Suppleringsopptak;185 898;Samfunnsøkonomi, bachelor;Oslo;ØKADM;2026;50.5
Ordinær kvote;UIO;Suppleringsopptak;185 898;Samfunnsøkonomi, bachelor;Oslo;ØKADM;2026;61.1
Førstegangsvitnemålskvote;NTNU;Hovedopptak;194 898;Samfunnsøkonomi, bachelor;Trondheim;ØKADM;2026;50.9
Ordinær kvote;NTNU;Hovedopptak;194 898;Samfunnsøkonomi, bachelor;Trondheim;ØKADM;2026;56.7
Førstegangsvitnemålskvote;NTNU;Suppleringsopptak;194 898;Samfunnsøkonomi, bachelor;Trondheim;ØKADM;2026;50.6
Ordinær kvote;NTNU;Suppleringsopptak;194 898;Samfunnsøkonomi, bachelor;Trondheim;ØKADM;2026;56.1
Førstegangsvitnemålskvote;UIB;Hovedopptak;184 698;Samfunnsøkonomi, master;Bergen;ØKADM;2026;50.4
Ordinær kvote;UIB;Hovedopptak;184 698;Samfunnsøkonomi, master;Bergen;ØKADM;2026;53.2
Førstegangsvitnemålskvote;UIB;Suppleringsopptak;184 698;Samfunnsøkonomi, master;Bergen;ØKADM;2026;50.2
Ordinær kvote;UIB;Suppleringsopptak;184 698;Samfunnsøkonomi, master;Bergen;ØKADM;2026;53.2
Førstegangsvitnemålskvote;NTNU;Hovedopptak;194 818;Samfunnsøkonomi, master;Trondheim;ØKADM;2026;50.2
Ordinær kvote;NTNU;Hovedopptak;194 818;Samfunnsøkonomi, master;Trondheim;ØKADM;2026;53.9
Førstegangsvitnemålskvote;NTNU;Suppleringsopptak;194 818;Samfunnsøkonomi, master;Trondheim;ØKADM;2026;50.2
Ordinær kvote;NTNU;Suppleringsopptak;194 818;Samfunnsøkonomi, master;Trondheim;ØKADM;2026;53.9
Førstegangsvitnemålskvote;UIO;Hovedopptak;185 698;Samfunnsøkonomisk analyse;Oslo;ØKADM;2026;45.7
Ordinær kvote;UIO;Hovedopptak;185 698;Samfunnsøkonomisk analyse;Oslo;ØKADM;2026;57.6
Førstegangsvitnemålskvote;UIO;Suppleringsopptak;185 698;Samfunnsøkonomisk analyse;Oslo;ØKADM;2026;45.7
Ordinær kvote;UIO;Suppleringsopptak;185 698;Samfunnsøkonomisk analyse;Oslo;ØKADM;2026;57.6
Førstegangsvitnemålskvote;UIT;Hovedopptak;186 474;Samfunnsplanlegging ;Tromsø;SAMFUNN;2026;0
Ordinær kvote;UIT;Hovedopptak;186 474;Samfunnsplanlegging ;Tromsø;SAMFUNN;2026;0
Førstegangsvitnemålskvote;UIT;Suppleringsopptak;186 474;Samfunnsplanlegging ;Tromsø;SAMFUNN;2026;0
Ordinær kvote;UIT;Suppleringsopptak;186 474;Samfunnsplanlegging ;Tromsø;SAMFUNN;2026;0
Førstegangsvitnemålskvote;UIA;Hovedopptak;201 474;Samfunnsplanlegging og kommunikasjon;Kristiansand;SAMFUNN;2026;0
Ordinær kvote;UIA;Hovedopptak;201 474;Samfunnsplanlegging og kommunikasjon;Kristiansand;SAMFUNN;2026;0
Førstegangsvitnemålskvote;UIA;Suppleringsopptak;201 474;Samfunnsplanlegging og kommunikasjon;Kristiansand;SAMFUNN;2026;0
Ordinær kvote;UIA;Suppleringsopptak;201 474;Samfunnsplanlegging og kommunikasjon;Kristiansand;SAMFUNN;2026;0
Førstegangsvitnemålskvote;UIA;Hovedopptak;201 646;Samfunnsrettet ernæring;Kristiansand;HELSEFAG - ANNET;2026;0
Ordinær kvote;UIA;Hovedopptak;201 646;Samfunnsrettet ernæring;Kristiansand;HELSEFAG - ANNET;2026;46.7
Førstegangsvitnemålskvote;UIA;Suppleringsopptak;201 646;Samfunnsrettet ernæring;Kristiansand;HELSEFAG - ANNET;2026;0
Ordinær kvote;UIA;Suppleringsopptak;201 646;Samfunnsrettet ernæring;Kristiansand;HELSEFAG - ANNET;2026;46.7
Førstegangsvitnemålskvote;UIA;Hovedopptak;201 864;Samfunnsrettet ernæringsarbeid;Kristiansand;HELSEFAG - ERNÆRING;2026;0
Ordinær kvote;UIA;Hovedopptak;201 864;Samfunnsrettet ernæringsarbeid;Kristiansand;HELSEFAG - ERNÆRING;2026;0
Førstegangsvitnemålskvote;UIA;Suppleringsopptak;201 864;Samfunnsrettet ernæringsarbeid;Kristiansand;HELSEFAG - ERNÆRING;2026;0
Ordinær kvote;UIA;Suppleringsopptak;201 864;Samfunnsrettet ernæringsarbeid;Kristiansand;HELSEFAG - ERNÆRING;2026;0
Førstegangsvitnemålskvote;UIT;Hovedopptak;186 877;Samfunnssikkerhet;Tromsø;SAMFUNN;2026;38.7
Ordinær kvote;UIT;Hovedopptak;186 877;Samfunnssikkerhet;Tromsø;SAMFUNN;2026;44.3
Førstegangsvitnemålskvote;UIT;Suppleringsopptak;186 877;Samfunnssikkerhet;Tromsø;SAMFUNN;2026;38.7
Ordinær kvote;UIT;Suppleringsopptak;186 877;Samfunnssikkerhet;Tromsø;SAMFUNN;2026;44.3
Førstegangsvitnemålskvote;NTNU;Hovedopptak;194 324;Samfunnsvitenskapelige fag, emnestudier;Trondheim;SAMFUNN;2026;0
Ordinær kvote;NTNU;Hovedopptak;194 324;Samfunnsvitenskapelige fag, emnestudier;Trondheim;SAMFUNN;2026;50.4
Førstegangsvitnemålskvote;NTNU;Suppleringsopptak;194 324;Samfunnsvitenskapelige fag, emnestudier;Trondheim;SAMFUNN;2026;0
Ordinær kvote;NTNU;Suppleringsopptak;194 324;Samfunnsvitenskapelige fag, emnestudier;Trondheim;SAMFUNN;2026;0
Førstegangsvitnemålskvote;SA/SH;Hovedopptak;231 131;Samisk barnehagelærerutdanning - fleksibel, deltid;Guovdageaidnu Kautokeino;LÆRER - BHGLÆRER;2026;0
Ordinær kvote;SA/SH;Hovedopptak;231 131;Samisk barnehagelærerutdanning - fleksibel, deltid;Guovdageaidnu Kautokeino;LÆRER - BHGLÆRER;2026;0
Førstegangsvitnemålskvote;SA/SH;Suppleringsopptak;231 131;Samisk barnehagelærerutdanning - fleksibel, deltid;Guovdageaidnu Kautokeino;LÆRER - BHGLÆRER;2026;0
Ordinær kvote;SA/SH;Suppleringsopptak;231 131;Samisk barnehagelærerutdanning - fleksibel, deltid;Guovdageaidnu Kautokeino;LÆRER - BHGLÆRER;2026;0
Førstegangsvitnemålskvote;UIB;Hovedopptak;184 238;Sammenliknende politikk, årsstudium;Bergen;SAMFUNN;2026;47.5
Ordinær kvote;UIB;Hovedopptak;184 238;Sammenliknende politikk, årsstudium;Bergen;SAMFUNN;2026;55.2
Førstegangsvitnemålskvote;UIB;Suppleringsopptak;184 238;Sammenliknende politikk, årsstudium;Bergen;SAMFUNN;2026;47.5
Ordinær kvote;UIB;Suppleringsopptak;184 238;Sammenliknende politikk, årsstudium;Bergen;SAMFUNN;2026;52.8
Førstegangsvitnemålskvote;UIB;Hovedopptak;184 878;Sammenliknende politikk, bachelor;Bergen;SAMFUNN;2026;50
Ordinær kvote;UIB;Hovedopptak;184 878;Sammenliknende politikk, bachelor;Bergen;SAMFUNN;2026;51.6
Førstegangsvitnemålskvote;UIB;Suppleringsopptak;184 878;Sammenliknende politikk, bachelor;Bergen;SAMFUNN;2026;50
Ordinær kvote;UIB;Suppleringsopptak;184 878;Sammenliknende politikk, bachelor;Bergen;SAMFUNN;2026;51.5
Førstegangsvitnemålskvote;NTNU;Hovedopptak;194 470;Shipping management;Ålesund;TEKNO - MARITIM;2026;48.9
Ordinær kvote;NTNU;Hovedopptak;194 470;Shipping management;Ålesund;TEKNO - MARITIM;2026;53.9
Førstegangsvitnemålskvote;NTNU;Suppleringsopptak;194 470;Shipping management;Ålesund;TEKNO - MARITIM;2026;48.9
Ordinær kvote;NTNU;Suppleringsopptak;194 470;Shipping management;Ålesund;TEKNO - MARITIM;2026;53.9
Førstegangsvitnemålskvote;UIT;Hovedopptak;186 955;Sikkerhet og beredskap;Sør-Varanger;SAMFUNN;2026;0
Ordinær kvote;UIT;Hovedopptak;186 955;Sikkerhet og beredskap;Sør-Varanger;SAMFUNN;2026;45
Førstegangsvitnemålskvote;UIT;Suppleringsopptak;186 955;Sikkerhet og beredskap;Sør-Varanger;SAMFUNN;2026;0
Ordinær kvote;UIT;Suppleringsopptak;186 955;Sikkerhet og beredskap;Sør-Varanger;SAMFUNN;2026;45
Førstegangsvitnemålskvote;USN;Hovedopptak;222 044;Skipsfart og logistikk;Horten;TEKNO - MARITIM;2026;46.2
Ordinær kvote;USN;Hovedopptak;222 044;Skipsfart og logistikk;Horten;TEKNO - MARITIM;2026;50.6
Førstegangsvitnemålskvote;USN;Suppleringsopptak;222 044;Skipsfart og logistikk;Horten;TEKNO - MARITIM;2026;46.2
Ordinær kvote;USN;Suppleringsopptak;222 044;Skipsfart og logistikk;Horten;TEKNO - MARITIM;2026;50.6
Førstegangsvitnemålskvote;INN;Hovedopptak;209 322;Skogfag;Stor-Elvdal;LANDOGHAVBRUK;2026;0
Ordinær kvote;INN;Hovedopptak;209 322;Skogfag;Stor-Elvdal;LANDOGHAVBRUK;2026;0
Førstegangsvitnemålskvote;INN;Suppleringsopptak;209 322;Skogfag;Stor-Elvdal;LANDOGHAVBRUK;2026;0
Ordinær kvote;INN;Suppleringsopptak;209 322;Skogfag;Stor-Elvdal;LANDOGHAVBRUK;2026;0
Førstegangsvitnemålskvote;NMBU;Hovedopptak;192 322;Skogfag;Ås;REALFAG;2026;0
Ordinær kvote;NMBU;Hovedopptak;192 322;Skogfag;Ås;REALFAG;2026;44.8
Førstegangsvitnemålskvote;NMBU;Suppleringsopptak;192 322;Skogfag;Ås;REALFAG;2026;0
Ordinær kvote;NMBU;Suppleringsopptak;192 322;Skogfag;Ås;REALFAG;2026;44.8
Førstegangsvitnemålskvote;NORD;Hovedopptak;204 736;Skogfag, årsstudium;Steinkjer;LANDOGHAVBRUK;2026;0
Ordinær kvote;NORD;Hovedopptak;204 736;Skogfag, årsstudium;Steinkjer;LANDOGHAVBRUK;2026;0
Førstegangsvitnemålskvote;NORD;Suppleringsopptak;204 736;Skogfag, årsstudium;Steinkjer;LANDOGHAVBRUK;2026;0
Ordinær kvote;NORD;Suppleringsopptak;204 736;Skogfag, årsstudium;Steinkjer;LANDOGHAVBRUK;2026;0
Førstegangsvitnemålskvote;NORD;Hovedopptak;204 322;Skogfag, bachelor;Steinkjer;LANDOGHAVBRUK;2026;0
Ordinær kvote;NORD;Hovedopptak;204 322;Skogfag, bachelor;Steinkjer;LANDOGHAVBRUK;2026;0
Førstegangsvitnemålskvote;NORD;Suppleringsopptak;204 322;Skogfag, bachelor;Steinkjer;LANDOGHAVBRUK;2026;0
Ordinær kvote;NORD;Suppleringsopptak;204 322;Skogfag, bachelor;Steinkjer;LANDOGHAVBRUK;2026;0
Førstegangsvitnemålskvote;UIA;Hovedopptak;201 336;Skolebibliotekkunnskap, deltid;Kristiansand;MEDIEFAG;2026;0
Ordinær kvote;UIA;Hovedopptak;201 336;Skolebibliotekkunnskap, deltid;Kristiansand;MEDIEFAG;2026;0
Førstegangsvitnemålskvote;UIA;Suppleringsopptak;201 336;Skolebibliotekkunnskap, deltid;Kristiansand;MEDIEFAG;2026;0
Ordinær kvote;UIA;Suppleringsopptak;201 336;Skolebibliotekkunnskap, deltid;Kristiansand;MEDIEFAG;2026;0
Førstegangsvitnemålskvote;UIS;Hovedopptak;217 852;Skolefritidspedagogikk, deltid;Stavanger;PEDFAG;2026;0
Ordinær kvote;UIS;Hovedopptak;217 852;Skolefritidspedagogikk, deltid;Stavanger;PEDFAG;2026;0
Førstegangsvitnemålskvote;UIS;Suppleringsopptak;217 852;Skolefritidspedagogikk, deltid;Stavanger;PEDFAG;2026;0
Ordinær kvote;UIS;Suppleringsopptak;217 852;Skolefritidspedagogikk, deltid;Stavanger;PEDFAG;2026;0
Førstegangsvitnemålskvote;OSLOMET;Hovedopptak;215 220;Skolefritidspedagogikk, deltid, årsstudium;Oslo;PEDFAG;2026;0
Ordinær kvote;OSLOMET;Hovedopptak;215 220;Skolefritidspedagogikk, deltid, årsstudium;Oslo;PEDFAG;2026;53.5
Førstegangsvitnemålskvote;OSLOMET;Suppleringsopptak;215 220;Skolefritidspedagogikk, deltid, årsstudium;Oslo;PEDFAG;2026;0
Ordinær kvote;OSLOMET;Suppleringsopptak;215 220;Skolefritidspedagogikk, deltid, årsstudium;Oslo;PEDFAG;2026;41.5
Førstegangsvitnemålskvote;OSLOMET;Hovedopptak;215 852;Skolefritidspedagogikk, deltid, bachelor;Oslo;PEDFAG;2026;0
Ordinær kvote;OSLOMET;Hovedopptak;215 852;Skolefritidspedagogikk, deltid, bachelor;Oslo;PEDFAG;2026;30.5
Førstegangsvitnemålskvote;OSLOMET;Suppleringsopptak;215 852;Skolefritidspedagogikk, deltid, bachelor;Oslo;PEDFAG;2026;0
Ordinær kvote;OSLOMET;Suppleringsopptak;215 852;Skolefritidspedagogikk, deltid, bachelor;Oslo;PEDFAG;2026;0
Førstegangsvitnemålskvote;HVL;Hovedopptak;203 413;Skolefritidspedagogikk, deltid, Bergen;Bergen;PEDFAG;2026;0
Ordinær kvote;HVL;Hovedopptak;203 413;Skolefritidspedagogikk, deltid, Bergen;Bergen;PEDFAG;2026;0
Førstegangsvitnemålskvote;HVL;Suppleringsopptak;203 413;Skolefritidspedagogikk, deltid, Bergen;Bergen;PEDFAG;2026;0
Ordinær kvote;HVL;Suppleringsopptak;203 413;Skolefritidspedagogikk, deltid, Bergen;Bergen;PEDFAG;2026;0
Førstegangsvitnemålskvote;USN;Hovedopptak;222 088;Skriving og formidling;Horten;SPRÅK;2026;0
Ordinær kvote;USN;Hovedopptak;222 088;Skriving og formidling;Horten;SPRÅK;2026;0
Førstegangsvitnemålskvote;USN;Suppleringsopptak;222 088;Skriving og formidling;Horten;SPRÅK;2026;0
Ordinær kvote;USN;Suppleringsopptak;222 088;Skriving og formidling;Horten;SPRÅK;2026;0
Førstegangsvitnemålskvote;HVO;Hovedopptak;223 439;Skuespill og scenekunst;Volda;ESTETISK;2026;0
Ordinær kvote;HVO;Hovedopptak;223 439;Skuespill og scenekunst;Volda;ESTETISK;2026;0
Førstegangsvitnemålskvote;HVO;Suppleringsopptak;223 439;Skuespill og scenekunst;Volda;ESTETISK;2026;0
Ordinær kvote;HVO;Suppleringsopptak;223 439;Skuespill og scenekunst;Volda;ESTETISK;2026;0
Førstegangsvitnemålskvote;VID;Hovedopptak;251 791;Sosial bærekraft;Stavanger;SAMFUNN;2026;0
Ordinær kvote;VID;Hovedopptak;251 791;Sosial bærekraft;Stavanger;SAMFUNN;2026;0
Førstegangsvitnemålskvote;VID;Suppleringsopptak;251 791;Sosial bærekraft;Stavanger;SAMFUNN;2026;0
Ordinær kvote;VID;Suppleringsopptak;251 791;Sosial bærekraft;Stavanger;SAMFUNN;2026;0
Førstegangsvitnemålskvote;VID;Hovedopptak;251 502;Sosial bærekraft og ledelse;Stavanger;SAMFUNN;2026;0
Ordinær kvote;VID;Hovedopptak;251 502;Sosial bærekraft og ledelse;Stavanger;SAMFUNN;2026;0
Førstegangsvitnemålskvote;VID;Suppleringsopptak;251 502;Sosial bærekraft og ledelse;Stavanger;SAMFUNN;2026;0
Ordinær kvote;VID;Suppleringsopptak;251 502;Sosial bærekraft og ledelse;Stavanger;SAMFUNN;2026;0
Førstegangsvitnemålskvote;UIO;Hovedopptak;185 879;Sosialantropologi;Oslo;SAMFUNN;2026;37.5
Ordinær kvote;UIO;Hovedopptak;185 879;Sosialantropologi;Oslo;SAMFUNN;2026;45
Førstegangsvitnemålskvote;UIO;Suppleringsopptak;185 879;Sosialantropologi;Oslo;SAMFUNN;2026;37.5
Ordinær kvote;UIO;Suppleringsopptak;185 879;Sosialantropologi;Oslo;SAMFUNN;2026;45
Førstegangsvitnemålskvote;UIT;Hovedopptak;186 879;Sosialantropologi;Tromsø;SAMFUNN;2026;0
Ordinær kvote;UIT;Hovedopptak;186 879;Sosialantropologi;Tromsø;SAMFUNN;2026;0
Førstegangsvitnemålskvote;UIT;Suppleringsopptak;186 879;Sosialantropologi;Tromsø;SAMFUNN;2026;0
Ordinær kvote;UIT;Suppleringsopptak;186 879;Sosialantropologi;Tromsø;SAMFUNN;2026;0
Førstegangsvitnemålskvote;UIB;Hovedopptak;184 367;Sosialantropologi, årsstudium;Bergen;SAMFUNN;2026;0
Ordinær kvote;UIB;Hovedopptak;184 367;Sosialantropologi, årsstudium;Bergen;SAMFUNN;2026;0
Førstegangsvitnemålskvote;UIB;Suppleringsopptak;184 367;Sosialantropologi, årsstudium;Bergen;SAMFUNN;2026;-1
Ordinær kvote;UIB;Suppleringsopptak;184 367;Sosialantropologi, årsstudium;Bergen;SAMFUNN;2026;-1
Førstegangsvitnemålskvote;NTNU;Hovedopptak;194 367;Sosialantropologi, årsstudium;Trondheim;SAMFUNN;2026;40
Ordinær kvote;NTNU;Hovedopptak;194 367;Sosialantropologi, årsstudium;Trondheim;SAMFUNN;2026;47.2
Førstegangsvitnemålskvote;NTNU;Suppleringsopptak;194 367;Sosialantropologi, årsstudium;Trondheim;SAMFUNN;2026;0
Ordinær kvote;NTNU;Suppleringsopptak;194 367;Sosialantropologi, årsstudium;Trondheim;SAMFUNN;2026;0
Førstegangsvitnemålskvote;UIB;Hovedopptak;184 879;Sosialantropologi, bachelor;Bergen;SAMFUNN;2026;0
Ordinær kvote;UIB;Hovedopptak;184 879;Sosialantropologi, bachelor;Bergen;SAMFUNN;2026;0
Førstegangsvitnemålskvote;UIB;Suppleringsopptak;184 879;Sosialantropologi, bachelor;Bergen;SAMFUNN;2026;-1
Ordinær kvote;UIB;Suppleringsopptak;184 879;Sosialantropologi, bachelor;Bergen;SAMFUNN;2026;-1
Førstegangsvitnemålskvote;NTNU;Hovedopptak;194 879;Sosialantropologi, bachelor;Trondheim;SAMFUNN;2026;0
Ordinær kvote;NTNU;Hovedopptak;194 879;Sosialantropologi, bachelor;Trondheim;SAMFUNN;2026;0
Førstegangsvitnemålskvote;NTNU;Suppleringsopptak;194 879;Sosialantropologi, bachelor;Trondheim;SAMFUNN;2026;0
Ordinær kvote;NTNU;Suppleringsopptak;194 879;Sosialantropologi, bachelor;Trondheim;SAMFUNN;2026;0
Førstegangsvitnemålskvote;HIØ;Hovedopptak;224 080;Sosialt arbeid;Fredrikstad;HELSEFAG - SOSIONOM;2026;41.3
Ordinær kvote;HIØ;Hovedopptak;224 080;Sosialt arbeid;Fredrikstad;HELSEFAG - SOSIONOM;2026;48.5
Førstegangsvitnemålskvote;HIØ;Suppleringsopptak;224 080;Sosialt arbeid;Fredrikstad;HELSEFAG - SOSIONOM;2026;41.3
Ordinær kvote;HIØ;Suppleringsopptak;224 080;Sosialt arbeid;Fredrikstad;HELSEFAG - SOSIONOM;2026;48.5
Førstegangsvitnemålskvote;UIA;Hovedopptak;201 080;Sosialt arbeid;Kristiansand;HELSEFAG - SOSIONOM;2026;47.6
Ordinær kvote;UIA;Hovedopptak;201 080;Sosialt arbeid;Kristiansand;HELSEFAG - SOSIONOM;2026;52.5
Førstegangsvitnemålskvote;UIA;Suppleringsopptak;201 080;Sosialt arbeid;Kristiansand;HELSEFAG - SOSIONOM;2026;47.1
Ordinær kvote;UIA;Suppleringsopptak;201 080;Sosialt arbeid;Kristiansand;HELSEFAG - SOSIONOM;2026;51.7
Førstegangsvitnemålskvote;INN;Hovedopptak;209 080;Sosialt arbeid;Lillehammer;HELSEFAG - SOSIONOM;2026;39.6
Ordinær kvote;INN;Hovedopptak;209 080;Sosialt arbeid;Lillehammer;HELSEFAG - SOSIONOM;2026;43.7
Førstegangsvitnemålskvote;INN;Suppleringsopptak;209 080;Sosialt arbeid;Lillehammer;HELSEFAG - SOSIONOM;2026;39.6
Ordinær kvote;INN;Suppleringsopptak;209 080;Sosialt arbeid;Lillehammer;HELSEFAG - SOSIONOM;2026;43.7
Førstegangsvitnemålskvote;OSLOMET;Hovedopptak;215 080;Sosialt arbeid;Oslo;HELSEFAG - SOSIONOM;2026;45.9
Førstegangsvitnemålskvote;VID;Hovedopptak;251 080;Sosialt arbeid;Oslo;HELSEFAG - SOSIONOM;2026;43.3
Ordinær kvote;OSLOMET;Hovedopptak;215 080;Sosialt arbeid;Oslo;HELSEFAG - SOSIONOM;2026;53.8
Ordinær kvote;VID;Hovedopptak;251 080;Sosialt arbeid;Oslo;HELSEFAG - SOSIONOM;2026;50.6
Førstegangsvitnemålskvote;OSLOMET;Suppleringsopptak;215 080;Sosialt arbeid;Oslo;HELSEFAG - SOSIONOM;2026;45
Førstegangsvitnemålskvote;VID;Suppleringsopptak;251 080;Sosialt arbeid;Oslo;HELSEFAG - SOSIONOM;2026;42.3
Ordinær kvote;OSLOMET;Suppleringsopptak;215 080;Sosialt arbeid;Oslo;HELSEFAG - SOSIONOM;2026;52.5
Ordinær kvote;VID;Suppleringsopptak;251 080;Sosialt arbeid;Oslo;HELSEFAG - SOSIONOM;2026;49.7
Førstegangsvitnemålskvote;UIS;Hovedopptak;217 080;Sosialt arbeid;Stavanger;HELSEFAG - SOSIONOM;2026;44
Ordinær kvote;UIS;Hovedopptak;217 080;Sosialt arbeid;Stavanger;HELSEFAG - SOSIONOM;2026;47.7
Førstegangsvitnemålskvote;UIS;Suppleringsopptak;217 080;Sosialt arbeid;Stavanger;HELSEFAG - SOSIONOM;2026;44
Ordinær kvote;UIS;Suppleringsopptak;217 080;Sosialt arbeid;Stavanger;HELSEFAG - SOSIONOM;2026;47.7
Førstegangsvitnemålskvote;NTNU;Hovedopptak;194 080;Sosialt arbeid;Trondheim;HELSEFAG - SOSIONOM;2026;48.3
Ordinær kvote;NTNU;Hovedopptak;194 080;Sosialt arbeid;Trondheim;HELSEFAG - SOSIONOM;2026;53.3
Førstegangsvitnemålskvote;NTNU;Suppleringsopptak;194 080;Sosialt arbeid;Trondheim;HELSEFAG - SOSIONOM;2026;47.6
Ordinær kvote;NTNU;Suppleringsopptak;194 080;Sosialt arbeid;Trondheim;HELSEFAG - SOSIONOM;2026;52.8
Førstegangsvitnemålskvote;UIT;Hovedopptak;186 080;Sosialt arbeid, Alta;Alta;HELSEFAG - SOSIONOM;2026;0
Ordinær kvote;UIT;Hovedopptak;186 080;Sosialt arbeid, Alta;Alta;HELSEFAG - SOSIONOM;2026;0
Førstegangsvitnemålskvote;UIT;Suppleringsopptak;186 080;Sosialt arbeid, Alta;Alta;HELSEFAG - SOSIONOM;2026;0
Ordinær kvote;UIT;Suppleringsopptak;186 080;Sosialt arbeid, Alta;Alta;HELSEFAG - SOSIONOM;2026;0
Førstegangsvitnemålskvote;HVO;Hovedopptak;223 070;Sosialt arbeid, barnevernspedagog;Volda;HELSEFAG - BARNEVER;2026;0
Ordinær kvote;HVO;Hovedopptak;223 070;Sosialt arbeid, barnevernspedagog;Volda;HELSEFAG - BARNEVER;2026;0
Førstegangsvitnemålskvote;HVO;Suppleringsopptak;223 070;Sosialt arbeid, barnevernspedagog;Volda;HELSEFAG - BARNEVER;2026;0
Ordinær kvote;HVO;Suppleringsopptak;223 070;Sosialt arbeid, barnevernspedagog;Volda;HELSEFAG - BARNEVER;2026;0
Førstegangsvitnemålskvote;HVL;Hovedopptak;203 080;Sosialt arbeid, Bergen;Bergen;HELSEFAG - SOSIONOM;2026;50
Ordinær kvote;HVL;Hovedopptak;203 080;Sosialt arbeid, Bergen;Bergen;HELSEFAG - SOSIONOM;2026;55.5
Førstegangsvitnemålskvote;HVL;Suppleringsopptak;203 080;Sosialt arbeid, Bergen;Bergen;HELSEFAG - SOSIONOM;2026;50
Ordinær kvote;HVL;Suppleringsopptak;203 080;Sosialt arbeid, Bergen;Bergen;HELSEFAG - SOSIONOM;2026;55.5
Førstegangsvitnemålskvote;NORD;Hovedopptak;204 080;Sosialt arbeid, Bodø;Bodø;HELSEFAG - SOSIONOM;2026;35
Ordinær kvote;NORD;Hovedopptak;204 080;Sosialt arbeid, Bodø;Bodø;HELSEFAG - SOSIONOM;2026;37.2
Førstegangsvitnemålskvote;NORD;Suppleringsopptak;204 080;Sosialt arbeid, Bodø;Bodø;HELSEFAG - SOSIONOM;2026;34.8
Ordinær kvote;NORD;Suppleringsopptak;204 080;Sosialt arbeid, Bodø;Bodø;HELSEFAG - SOSIONOM;2026;37.2
Ordinær kvote;VID;Hovedopptak;251 081;Sosialt arbeid, deltid;Oslo;HELSEFAG - SOSIONOM;2026;44
Ordinær kvote;VID;Suppleringsopptak;251 081;Sosialt arbeid, deltid;Oslo;HELSEFAG - SOSIONOM;2026;42.8
Førstegangsvitnemålskvote;NORD;Hovedopptak;204 576;Sosialt arbeid, Levanger;Levanger;HELSEFAG - SOSIONOM;2026;40.4
Ordinær kvote;NORD;Hovedopptak;204 576;Sosialt arbeid, Levanger;Levanger;HELSEFAG - SOSIONOM;2026;44.3
Førstegangsvitnemålskvote;NORD;Suppleringsopptak;204 576;Sosialt arbeid, Levanger;Levanger;HELSEFAG - SOSIONOM;2026;40.4
Ordinær kvote;NORD;Suppleringsopptak;204 576;Sosialt arbeid, Levanger;Levanger;HELSEFAG - SOSIONOM;2026;44.3
Førstegangsvitnemålskvote;HVL;Hovedopptak;203 081;Sosialt arbeid, Sogndal;Sogndal;HELSEFAG - SOSIONOM;2026;37.3
Ordinær kvote;HVL;Hovedopptak;203 081;Sosialt arbeid, Sogndal;Sogndal;HELSEFAG - SOSIONOM;2026;37
Førstegangsvitnemålskvote;HVL;Suppleringsopptak;203 081;Sosialt arbeid, Sogndal;Sogndal;HELSEFAG - SOSIONOM;2026;37.3
Ordinær kvote;HVL;Suppleringsopptak;203 081;Sosialt arbeid, Sogndal;Sogndal;HELSEFAG - SOSIONOM;2026;37
Førstegangsvitnemålskvote;HVO;Hovedopptak;223 080;Sosialt arbeid, sosionom;Volda;HELSEFAG - SOSIONOM;2026;0
Ordinær kvote;HVO;Hovedopptak;223 080;Sosialt arbeid, sosionom;Volda;HELSEFAG - SOSIONOM;2026;0
Førstegangsvitnemålskvote;HVO;Suppleringsopptak;223 080;Sosialt arbeid, sosionom;Volda;HELSEFAG - SOSIONOM;2026;0
Ordinær kvote;HVO;Suppleringsopptak;223 080;Sosialt arbeid, sosionom;Volda;HELSEFAG - SOSIONOM;2026;0
Førstegangsvitnemålskvote;UIT;Hovedopptak;186 081;Sosialt arbeid, Tromsø;Tromsø;HELSEFAG - SOSIONOM;2026;34.4
Ordinær kvote;UIT;Hovedopptak;186 081;Sosialt arbeid, Tromsø;Tromsø;HELSEFAG - SOSIONOM;2026;46.8
Førstegangsvitnemålskvote;UIT;Suppleringsopptak;186 081;Sosialt arbeid, Tromsø;Tromsø;HELSEFAG - SOSIONOM;2026;34.4
Ordinær kvote;UIT;Suppleringsopptak;186 081;Sosialt arbeid, Tromsø;Tromsø;HELSEFAG - SOSIONOM;2026;46.8
Førstegangsvitnemålskvote;UIA;Hovedopptak;201 240;Sosiologi;Kristiansand;SAMFUNN;2026;31.7
Ordinær kvote;UIA;Hovedopptak;201 240;Sosiologi;Kristiansand;SAMFUNN;2026;39.5
Førstegangsvitnemålskvote;UIA;Suppleringsopptak;201 240;Sosiologi;Kristiansand;SAMFUNN;2026;31.7
Ordinær kvote;UIA;Suppleringsopptak;201 240;Sosiologi;Kristiansand;SAMFUNN;2026;39.5
Førstegangsvitnemålskvote;UIT;Hovedopptak;186 880;Sosiologi;Tromsø;SAMFUNN;2026;0
Ordinær kvote;UIT;Hovedopptak;186 880;Sosiologi;Tromsø;SAMFUNN;2026;0
Førstegangsvitnemålskvote;UIT;Suppleringsopptak;186 880;Sosiologi;Tromsø;SAMFUNN;2026;0
Ordinær kvote;UIT;Suppleringsopptak;186 880;Sosiologi;Tromsø;SAMFUNN;2026;0
Førstegangsvitnemålskvote;UIA;Hovedopptak;201 900;Sosiologi ;Kristiansand;SAMFUNN;2026;38.3
Ordinær kvote;UIA;Hovedopptak;201 900;Sosiologi ;Kristiansand;SAMFUNN;2026;38.8
Førstegangsvitnemålskvote;UIA;Suppleringsopptak;201 900;Sosiologi ;Kristiansand;SAMFUNN;2026;38.3
Ordinær kvote;UIA;Suppleringsopptak;201 900;Sosiologi ;Kristiansand;SAMFUNN;2026;38.8
Førstegangsvitnemålskvote;NORD;Hovedopptak;204 880;Sosiologi og samfunnsanalyse, Bodø;Bodø;SAMFUNN;2026;0
Ordinær kvote;NORD;Hovedopptak;204 880;Sosiologi og samfunnsanalyse, Bodø;Bodø;SAMFUNN;2026;0
Førstegangsvitnemålskvote;NORD;Suppleringsopptak;204 880;Sosiologi og samfunnsanalyse, Bodø;Bodø;SAMFUNN;2026;0
Ordinær kvote;NORD;Suppleringsopptak;204 880;Sosiologi og samfunnsanalyse, Bodø;Bodø;SAMFUNN;2026;0
Førstegangsvitnemålskvote;UIB;Hovedopptak;184 240;Sosiologi, årsstudium;Bergen;SAMFUNN;2026;41.9
Ordinær kvote;UIB;Hovedopptak;184 240;Sosiologi, årsstudium;Bergen;SAMFUNN;2026;46.7
Førstegangsvitnemålskvote;UIB;Suppleringsopptak;184 240;Sosiologi, årsstudium;Bergen;SAMFUNN;2026;41.6
Ordinær kvote;UIB;Suppleringsopptak;184 240;Sosiologi, årsstudium;Bergen;SAMFUNN;2026;46.3
Førstegangsvitnemålskvote;USN;Hovedopptak;222 240;Sosiologi, årsstudium;Horten;SAMFUNN;2026;0
Ordinær kvote;USN;Hovedopptak;222 240;Sosiologi, årsstudium;Horten;SAMFUNN;2026;0
Førstegangsvitnemålskvote;USN;Suppleringsopptak;222 240;Sosiologi, årsstudium;Horten;SAMFUNN;2026;0
Ordinær kvote;USN;Suppleringsopptak;222 240;Sosiologi, årsstudium;Horten;SAMFUNN;2026;0
Førstegangsvitnemålskvote;UIO;Hovedopptak;185 240;Sosiologi, årsstudium;Oslo;SAMFUNN;2026;44.8
Ordinær kvote;UIO;Hovedopptak;185 240;Sosiologi, årsstudium;Oslo;SAMFUNN;2026;58.4
Førstegangsvitnemålskvote;UIO;Suppleringsopptak;185 240;Sosiologi, årsstudium;Oslo;SAMFUNN;2026;44.8
Ordinær kvote;UIO;Suppleringsopptak;185 240;Sosiologi, årsstudium;Oslo;SAMFUNN;2026;58.4
Førstegangsvitnemålskvote;HVL;Hovedopptak;203 351;Sosiologi, årsstudium;Sogndal;SAMFUNN;2026;0
Ordinær kvote;HVL;Hovedopptak;203 351;Sosiologi, årsstudium;Sogndal;SAMFUNN;2026;54.3
Førstegangsvitnemålskvote;HVL;Suppleringsopptak;203 351;Sosiologi, årsstudium;Sogndal;SAMFUNN;2026;0
Ordinær kvote;HVL;Suppleringsopptak;203 351;Sosiologi, årsstudium;Sogndal;SAMFUNN;2026;53.9
Førstegangsvitnemålskvote;UIS;Hovedopptak;217 240;Sosiologi, årsstudium;Stavanger;SAMFUNN;2026;35.6
Ordinær kvote;UIS;Hovedopptak;217 240;Sosiologi, årsstudium;Stavanger;SAMFUNN;2026;42.6
Førstegangsvitnemålskvote;UIS;Suppleringsopptak;217 240;Sosiologi, årsstudium;Stavanger;SAMFUNN;2026;32.5
Ordinær kvote;UIS;Suppleringsopptak;217 240;Sosiologi, årsstudium;Stavanger;SAMFUNN;2026;42.6
Førstegangsvitnemålskvote;NTNU;Hovedopptak;194 240;Sosiologi, årsstudium;Trondheim;SAMFUNN;2026;45
Ordinær kvote;NTNU;Hovedopptak;194 240;Sosiologi, årsstudium;Trondheim;SAMFUNN;2026;50.5
Førstegangsvitnemålskvote;NTNU;Suppleringsopptak;194 240;Sosiologi, årsstudium;Trondheim;SAMFUNN;2026;45
Ordinær kvote;NTNU;Suppleringsopptak;194 240;Sosiologi, årsstudium;Trondheim;SAMFUNN;2026;50.5
Førstegangsvitnemålskvote;UIB;Hovedopptak;184 880;Sosiologi, bachelor;Bergen;SAMFUNN;2026;40.4
Ordinær kvote;UIB;Hovedopptak;184 880;Sosiologi, bachelor;Bergen;SAMFUNN;2026;41.2
Førstegangsvitnemålskvote;UIB;Suppleringsopptak;184 880;Sosiologi, bachelor;Bergen;SAMFUNN;2026;40.4
Ordinær kvote;UIB;Suppleringsopptak;184 880;Sosiologi, bachelor;Bergen;SAMFUNN;2026;41.1
Førstegangsvitnemålskvote;USN;Hovedopptak;222 880;Sosiologi, bachelor;Horten;SAMFUNN;2026;0
Ordinær kvote;USN;Hovedopptak;222 880;Sosiologi, bachelor;Horten;SAMFUNN;2026;0
Førstegangsvitnemålskvote;USN;Suppleringsopptak;222 880;Sosiologi, bachelor;Horten;SAMFUNN;2026;0
Ordinær kvote;USN;Suppleringsopptak;222 880;Sosiologi, bachelor;Horten;SAMFUNN;2026;0
Førstegangsvitnemålskvote;UIO;Hovedopptak;185 880;Sosiologi, bachelor;Oslo;SAMFUNN;2026;44.5
Ordinær kvote;UIO;Hovedopptak;185 880;Sosiologi, bachelor;Oslo;SAMFUNN;2026;51.6
Førstegangsvitnemålskvote;UIO;Suppleringsopptak;185 880;Sosiologi, bachelor;Oslo;SAMFUNN;2026;44.5
Ordinær kvote;UIO;Suppleringsopptak;185 880;Sosiologi, bachelor;Oslo;SAMFUNN;2026;51.6
Førstegangsvitnemålskvote;HVL;Hovedopptak;203 927;Sosiologi, bachelor;Sogndal;SAMFUNN;2026;0
Ordinær kvote;HVL;Hovedopptak;203 927;Sosiologi, bachelor;Sogndal;SAMFUNN;2026;47.7
Førstegangsvitnemålskvote;HVL;Suppleringsopptak;203 927;Sosiologi, bachelor;Sogndal;SAMFUNN;2026;0
Ordinær kvote;HVL;Suppleringsopptak;203 927;Sosiologi, bachelor;Sogndal;SAMFUNN;2026;47.5
Førstegangsvitnemålskvote;UIS;Hovedopptak;217 880;Sosiologi, bachelor;Stavanger;SAMFUNN;2026;0
Ordinær kvote;UIS;Hovedopptak;217 880;Sosiologi, bachelor;Stavanger;SAMFUNN;2026;0
Førstegangsvitnemålskvote;UIS;Suppleringsopptak;217 880;Sosiologi, bachelor;Stavanger;SAMFUNN;2026;0
Ordinær kvote;UIS;Suppleringsopptak;217 880;Sosiologi, bachelor;Stavanger;SAMFUNN;2026;0
Førstegangsvitnemålskvote;NTNU;Hovedopptak;194 880;Sosiologi, bachelor;Trondheim;SAMFUNN;2026;44.8
Ordinær kvote;NTNU;Hovedopptak;194 880;Sosiologi, bachelor;Trondheim;SAMFUNN;2026;45.3
Førstegangsvitnemålskvote;NTNU;Suppleringsopptak;194 880;Sosiologi, bachelor;Trondheim;SAMFUNN;2026;44.8
Ordinær kvote;NTNU;Suppleringsopptak;194 880;Sosiologi, bachelor;Trondheim;SAMFUNN;2026;45.3
Førstegangsvitnemålskvote;NORD;Hovedopptak;204 249;Sosiologi, Bodø;Bodø;SAMFUNN;2026;0
Ordinær kvote;NORD;Hovedopptak;204 249;Sosiologi, Bodø;Bodø;SAMFUNN;2026;0
Førstegangsvitnemålskvote;NORD;Suppleringsopptak;204 249;Sosiologi, Bodø;Bodø;SAMFUNN;2026;0
Ordinær kvote;NORD;Suppleringsopptak;204 249;Sosiologi, Bodø;Bodø;SAMFUNN;2026;0
Førstegangsvitnemålskvote;HIØ;Hovedopptak;224 912;Spansk;Halden;SPRÅK;2026;0
Ordinær kvote;HIØ;Hovedopptak;224 912;Spansk;Halden;SPRÅK;2026;53.1
Førstegangsvitnemålskvote;HIØ;Suppleringsopptak;224 912;Spansk;Halden;SPRÅK;2026;0
Ordinær kvote;HIØ;Suppleringsopptak;224 912;Spansk;Halden;SPRÅK;2026;53.1
Førstegangsvitnemålskvote;UIA;Hovedopptak;201 912;Spansk;Kristiansand;SPRÅK;2026;0
Ordinær kvote;UIA;Hovedopptak;201 912;Spansk;Kristiansand;SPRÅK;2026;0
Førstegangsvitnemålskvote;UIA;Suppleringsopptak;201 912;Spansk;Kristiansand;SPRÅK;2026;0
Ordinær kvote;UIA;Suppleringsopptak;201 912;Spansk;Kristiansand;SPRÅK;2026;0
Førstegangsvitnemålskvote;USN;Hovedopptak;222 913;Spansk;Midt-Telemark;SPRÅK;2026;0
Ordinær kvote;USN;Hovedopptak;222 913;Spansk;Midt-Telemark;SPRÅK;2026;0
Førstegangsvitnemålskvote;USN;Suppleringsopptak;222 913;Spansk;Midt-Telemark;SPRÅK;2026;0
Ordinær kvote;USN;Suppleringsopptak;222 913;Spansk;Midt-Telemark;SPRÅK;2026;0
Førstegangsvitnemålskvote;UIT;Hovedopptak;186 912;Spansk ;Tromsø;SPRÅK;2026;0
Ordinær kvote;UIT;Hovedopptak;186 912;Spansk ;Tromsø;SPRÅK;2026;0
Førstegangsvitnemålskvote;UIT;Suppleringsopptak;186 912;Spansk ;Tromsø;SPRÅK;2026;0
Ordinær kvote;UIT;Suppleringsopptak;186 912;Spansk ;Tromsø;SPRÅK;2026;0
Førstegangsvitnemålskvote;UIO;Hovedopptak;185 324;Spansk og samfunnsvitenskap;Oslo;SPRÅK;2026;0
Ordinær kvote;UIO;Hovedopptak;185 324;Spansk og samfunnsvitenskap;Oslo;SPRÅK;2026;0
Førstegangsvitnemålskvote;UIO;Suppleringsopptak;185 324;Spansk og samfunnsvitenskap;Oslo;SPRÅK;2026;0
Ordinær kvote;UIO;Suppleringsopptak;185 324;Spansk og samfunnsvitenskap;Oslo;SPRÅK;2026;0
Førstegangsvitnemålskvote;UIB;Hovedopptak;184 912;Spansk språk og latinamerikastudier, årsstudium;Bergen;SPRÅK;2026;0
Ordinær kvote;UIB;Hovedopptak;184 912;Spansk språk og latinamerikastudier, årsstudium;Bergen;SPRÅK;2026;0
Førstegangsvitnemålskvote;UIB;Suppleringsopptak;184 912;Spansk språk og latinamerikastudier, årsstudium;Bergen;SPRÅK;2026;0
Ordinær kvote;UIB;Suppleringsopptak;184 912;Spansk språk og latinamerikastudier, årsstudium;Bergen;SPRÅK;2026;0
Førstegangsvitnemålskvote;UIB;Hovedopptak;184 924;Spansk språk og latinamerikastudier, bachelor;Bergen;SPRÅK;2026;0
Ordinær kvote;UIB;Hovedopptak;184 924;Spansk språk og latinamerikastudier, bachelor;Bergen;SPRÅK;2026;0
Førstegangsvitnemålskvote;UIB;Suppleringsopptak;184 924;Spansk språk og latinamerikastudier, bachelor;Bergen;SPRÅK;2026;0
Ordinær kvote;UIB;Suppleringsopptak;184 924;Spansk språk og latinamerikastudier, bachelor;Bergen;SPRÅK;2026;0
Førstegangsvitnemålskvote;UIT;Hovedopptak;186 924;Spansk- og latinamerikanske studier;Tromsø;SPRÅK;2026;0
Ordinær kvote;UIT;Hovedopptak;186 924;Spansk- og latinamerikanske studier;Tromsø;SPRÅK;2026;0
Førstegangsvitnemålskvote;UIT;Suppleringsopptak;186 924;Spansk- og latinamerikanske studier;Tromsø;SPRÅK;2026;0
Ordinær kvote;UIT;Suppleringsopptak;186 924;Spansk- og latinamerikanske studier;Tromsø;SPRÅK;2026;0
Førstegangsvitnemålskvote;UIO;Hovedopptak;185 912;Spansk, årsstudium;Oslo;SPRÅK;2026;0
Ordinær kvote;UIO;Hovedopptak;185 912;Spansk, årsstudium;Oslo;SPRÅK;2026;41.8
Førstegangsvitnemålskvote;UIO;Suppleringsopptak;185 912;Spansk, årsstudium;Oslo;SPRÅK;2026;0
Ordinær kvote;UIO;Suppleringsopptak;185 912;Spansk, årsstudium;Oslo;SPRÅK;2026;41.8
Førstegangsvitnemålskvote;NTNU;Hovedopptak;194 912;Spansk, årsstudium;Trondheim;SPRÅK;2026;0
Ordinær kvote;NTNU;Hovedopptak;194 912;Spansk, årsstudium;Trondheim;SPRÅK;2026;0
Førstegangsvitnemålskvote;NTNU;Suppleringsopptak;194 912;Spansk, årsstudium;Trondheim;SPRÅK;2026;0
Ordinær kvote;NTNU;Suppleringsopptak;194 912;Spansk, årsstudium;Trondheim;SPRÅK;2026;0
Førstegangsvitnemålskvote;UIO;Hovedopptak;185 924;Spansk, bachelor;Oslo;SPRÅK;2026;0
Ordinær kvote;UIO;Hovedopptak;185 924;Spansk, bachelor;Oslo;SPRÅK;2026;0
Førstegangsvitnemålskvote;UIO;Suppleringsopptak;185 924;Spansk, bachelor;Oslo;SPRÅK;2026;0
Ordinær kvote;UIO;Suppleringsopptak;185 924;Spansk, bachelor;Oslo;SPRÅK;2026;0
Førstegangsvitnemålskvote;NTNU;Hovedopptak;194 924;Spansk, bachelor;Trondheim;SPRÅK;2026;0
Ordinær kvote;NTNU;Hovedopptak;194 924;Spansk, bachelor;Trondheim;SPRÅK;2026;0
Førstegangsvitnemålskvote;NTNU;Suppleringsopptak;194 924;Spansk, bachelor;Trondheim;SPRÅK;2026;0
Ordinær kvote;NTNU;Suppleringsopptak;194 924;Spansk, bachelor;Trondheim;SPRÅK;2026;0
Førstegangsvitnemålskvote;HIØ;Hovedopptak;224 913;Spansk, deltid;Halden;SPRÅK;2026;0
Ordinær kvote;HIØ;Hovedopptak;224 913;Spansk, deltid;Halden;SPRÅK;2026;0
Førstegangsvitnemålskvote;HIØ;Suppleringsopptak;224 913;Spansk, deltid;Halden;SPRÅK;2026;0
Ordinær kvote;HIØ;Suppleringsopptak;224 913;Spansk, deltid;Halden;SPRÅK;2026;0
Førstegangsvitnemålskvote;USN;Hovedopptak;222 912;Spansk, deltid;Midt-Telemark;SPRÅK;2026;0
Ordinær kvote;USN;Hovedopptak;222 912;Spansk, deltid;Midt-Telemark;SPRÅK;2026;0
Førstegangsvitnemålskvote;USN;Suppleringsopptak;222 912;Spansk, deltid;Midt-Telemark;SPRÅK;2026;0
Ordinær kvote;USN;Suppleringsopptak;222 912;Spansk, deltid;Midt-Telemark;SPRÅK;2026;0
Førstegangsvitnemålskvote;NLA;Hovedopptak;254 853;Spesialpedagogikk;Bergen;PEDFAG;2026;0
Førstegangsvitnemålskvote;UIB;Hovedopptak;184 853;Spesialpedagogikk;Bergen;PEDFAG;2026;45.9
Ordinær kvote;NLA;Hovedopptak;254 853;Spesialpedagogikk;Bergen;PEDFAG;2026;0
Ordinær kvote;UIB;Hovedopptak;184 853;Spesialpedagogikk;Bergen;PEDFAG;2026;50.4
Førstegangsvitnemålskvote;NLA;Suppleringsopptak;254 853;Spesialpedagogikk;Bergen;PEDFAG;2026;0
Førstegangsvitnemålskvote;UIB;Suppleringsopptak;184 853;Spesialpedagogikk;Bergen;PEDFAG;2026;45
Ordinær kvote;NLA;Suppleringsopptak;254 853;Spesialpedagogikk;Bergen;PEDFAG;2026;0
Ordinær kvote;UIB;Suppleringsopptak;184 853;Spesialpedagogikk;Bergen;PEDFAG;2026;48.4
Førstegangsvitnemålskvote;UIA;Hovedopptak;201 853;Spesialpedagogikk;Kristiansand;PEDFAG;2026;43.8
Ordinær kvote;UIA;Hovedopptak;201 853;Spesialpedagogikk;Kristiansand;PEDFAG;2026;46.4
Førstegangsvitnemålskvote;UIA;Suppleringsopptak;201 853;Spesialpedagogikk;Kristiansand;PEDFAG;2026;42.9
Ordinær kvote;UIA;Suppleringsopptak;201 853;Spesialpedagogikk;Kristiansand;PEDFAG;2026;46.4
Førstegangsvitnemålskvote;INN;Hovedopptak;209 853;Spesialpedagogikk;Lillehammer;PEDFAG;2026;0
Ordinær kvote;INN;Hovedopptak;209 853;Spesialpedagogikk;Lillehammer;PEDFAG;2026;0
Førstegangsvitnemålskvote;INN;Suppleringsopptak;209 853;Spesialpedagogikk;Lillehammer;PEDFAG;2026;0
Ordinær kvote;INN;Suppleringsopptak;209 853;Spesialpedagogikk;Lillehammer;PEDFAG;2026;0
Førstegangsvitnemålskvote;USN;Hovedopptak;222 853;Spesialpedagogikk;Notodden;PEDFAG;2026;0
Ordinær kvote;USN;Hovedopptak;222 853;Spesialpedagogikk;Notodden;PEDFAG;2026;0
Førstegangsvitnemålskvote;USN;Suppleringsopptak;222 853;Spesialpedagogikk;Notodden;PEDFAG;2026;0
Ordinær kvote;USN;Suppleringsopptak;222 853;Spesialpedagogikk;Notodden;PEDFAG;2026;0
Førstegangsvitnemålskvote;UIO;Hovedopptak;185 853;Spesialpedagogikk;Oslo;PEDFAG;2026;37.1
Ordinær kvote;UIO;Hovedopptak;185 853;Spesialpedagogikk;Oslo;PEDFAG;2026;43.5
Førstegangsvitnemålskvote;UIO;Suppleringsopptak;185 853;Spesialpedagogikk;Oslo;PEDFAG;2026;35.3
Ordinær kvote;UIO;Suppleringsopptak;185 853;Spesialpedagogikk;Oslo;PEDFAG;2026;43.2
Førstegangsvitnemålskvote;UIS;Hovedopptak;217 676;Spesialpedagogikk;Stavanger;PEDFAG;2026;0
Ordinær kvote;UIS;Hovedopptak;217 676;Spesialpedagogikk;Stavanger;PEDFAG;2026;62.8
Førstegangsvitnemålskvote;UIS;Suppleringsopptak;217 676;Spesialpedagogikk;Stavanger;PEDFAG;2026;0
Ordinær kvote;UIS;Suppleringsopptak;217 676;Spesialpedagogikk;Stavanger;PEDFAG;2026;62.8
Førstegangsvitnemålskvote;UIT;Hovedopptak;186 853;Spesialpedagogikk;Tromsø;PEDFAG;2026;0
Ordinær kvote;UIT;Hovedopptak;186 853;Spesialpedagogikk;Tromsø;PEDFAG;2026;0
Førstegangsvitnemålskvote;UIT;Suppleringsopptak;186 853;Spesialpedagogikk;Tromsø;PEDFAG;2026;0
Ordinær kvote;UIT;Suppleringsopptak;186 853;Spesialpedagogikk;Tromsø;PEDFAG;2026;0
Førstegangsvitnemålskvote;USN;Hovedopptak;222 676;Spesialpedagogikk ;Notodden;PEDFAG;2026;0
Ordinær kvote;USN;Hovedopptak;222 676;Spesialpedagogikk ;Notodden;PEDFAG;2026;0
Førstegangsvitnemålskvote;USN;Suppleringsopptak;222 676;Spesialpedagogikk ;Notodden;PEDFAG;2026;0
Ordinær kvote;USN;Suppleringsopptak;222 676;Spesialpedagogikk ;Notodden;PEDFAG;2026;0
Førstegangsvitnemålskvote;NORD;Hovedopptak;204 673;Spill- og opplevelsesteknologi;Levanger;MEDIEFAG;2026;0
Ordinær kvote;NORD;Hovedopptak;204 673;Spill- og opplevelsesteknologi;Levanger;MEDIEFAG;2026;0
Førstegangsvitnemålskvote;NORD;Suppleringsopptak;204 673;Spill- og opplevelsesteknologi;Levanger;MEDIEFAG;2026;0
Ordinær kvote;NORD;Suppleringsopptak;204 673;Spill- og opplevelsesteknologi;Levanger;MEDIEFAG;2026;0
Førstegangsvitnemålskvote;INN;Hovedopptak;209 183;Spillkunst og animasjon;Hamar;MEDIEFAG;2026;0
Ordinær kvote;INN;Hovedopptak;209 183;Spillkunst og animasjon;Hamar;MEDIEFAG;2026;0
Førstegangsvitnemålskvote;INN;Suppleringsopptak;209 183;Spillkunst og animasjon;Hamar;MEDIEFAG;2026;0
Ordinær kvote;INN;Suppleringsopptak;209 183;Spillkunst og animasjon;Hamar;MEDIEFAG;2026;0
Førstegangsvitnemålskvote;INN;Hovedopptak;209 839;Spillteknologi ;Hamar;INFOTEKN;2026;0
Ordinær kvote;INN;Hovedopptak;209 839;Spillteknologi ;Hamar;INFOTEKN;2026;0
Førstegangsvitnemålskvote;INN;Suppleringsopptak;209 839;Spillteknologi ;Hamar;INFOTEKN;2026;0
Ordinær kvote;INN;Suppleringsopptak;209 839;Spillteknologi ;Hamar;INFOTEKN;2026;0
Førstegangsvitnemålskvote;NIH;Hovedopptak;150 486;Sport Management;Oslo;IDRETT;2026;46.4
Ordinær kvote;NIH;Hovedopptak;150 486;Sport Management;Oslo;IDRETT;2026;51.4
Førstegangsvitnemålskvote;NIH;Suppleringsopptak;150 486;Sport Management;Oslo;IDRETT;2026;46.4
Ordinær kvote;NIH;Suppleringsopptak;150 486;Sport Management;Oslo;IDRETT;2026;51.1
Førstegangsvitnemålskvote;INN;Hovedopptak;209 485;Sport Management;Lillehammer;ØKADM;2026;0
Ordinær kvote;INN;Hovedopptak;209 485;Sport Management;Lillehammer;ØKADM;2026;0
Førstegangsvitnemålskvote;INN;Suppleringsopptak;209 485;Sport Management;Lillehammer;ØKADM;2026;0
Ordinær kvote;INN;Suppleringsopptak;209 485;Sport Management;Lillehammer;ØKADM;2026;0
Førstegangsvitnemålskvote;HIM;Hovedopptak;211 488;Sport Management;Molde;SAMFUNN;2026;0
Ordinær kvote;HIM;Hovedopptak;211 488;Sport Management;Molde;SAMFUNN;2026;0
Førstegangsvitnemålskvote;HIM;Suppleringsopptak;211 488;Sport Management;Molde;SAMFUNN;2026;0
Ordinær kvote;HIM;Suppleringsopptak;211 488;Sport Management;Molde;SAMFUNN;2026;0
Førstegangsvitnemålskvote;HIØ;Hovedopptak;224 901;Språk (engelsk/fransk/spansk/tysk);Halden;SPRÅK;2026;0
Ordinær kvote;HIØ;Hovedopptak;224 901;Språk (engelsk/fransk/spansk/tysk);Halden;SPRÅK;2026;0
Førstegangsvitnemålskvote;HIØ;Suppleringsopptak;224 901;Språk (engelsk/fransk/spansk/tysk);Halden;SPRÅK;2026;0
Ordinær kvote;HIØ;Suppleringsopptak;224 901;Språk (engelsk/fransk/spansk/tysk);Halden;SPRÅK;2026;0
Førstegangsvitnemålskvote;USN;Hovedopptak;222 885;Språk og formidling;Horten;SPRÅK;2026;0
Ordinær kvote;USN;Hovedopptak;222 885;Språk og formidling;Horten;SPRÅK;2026;0
Førstegangsvitnemålskvote;USN;Suppleringsopptak;222 885;Språk og formidling;Horten;SPRÅK;2026;0
Ordinær kvote;USN;Suppleringsopptak;222 885;Språk og formidling;Horten;SPRÅK;2026;0
Førstegangsvitnemålskvote;HVO;Hovedopptak;223 891;Språk og litteratur;Volda;SPRÅK;2026;0
Ordinær kvote;HVO;Hovedopptak;223 891;Språk og litteratur;Volda;SPRÅK;2026;0
Førstegangsvitnemålskvote;HVO;Suppleringsopptak;223 891;Språk og litteratur;Volda;SPRÅK;2026;0
Ordinær kvote;HVO;Suppleringsopptak;223 891;Språk og litteratur;Volda;SPRÅK;2026;0
Førstegangsvitnemålskvote;USN;Hovedopptak;222 922;Språk og litteratur - engelsk;Midt-Telemark;SPRÅK;2026;0
Ordinær kvote;USN;Hovedopptak;222 922;Språk og litteratur - engelsk;Midt-Telemark;SPRÅK;2026;0
Førstegangsvitnemålskvote;USN;Suppleringsopptak;222 922;Språk og litteratur - engelsk;Midt-Telemark;SPRÅK;2026;0
Ordinær kvote;USN;Suppleringsopptak;222 922;Språk og litteratur - engelsk;Midt-Telemark;SPRÅK;2026;0
Førstegangsvitnemålskvote;USN;Hovedopptak;222 456;Språk og litteratur - engelsk, deltid;Midt-Telemark;SPRÅK;2026;0
Ordinær kvote;USN;Hovedopptak;222 456;Språk og litteratur - engelsk, deltid;Midt-Telemark;SPRÅK;2026;0
Førstegangsvitnemålskvote;USN;Suppleringsopptak;222 456;Språk og litteratur - engelsk, deltid;Midt-Telemark;SPRÅK;2026;0
Ordinær kvote;USN;Suppleringsopptak;222 456;Språk og litteratur - engelsk, deltid;Midt-Telemark;SPRÅK;2026;0
Førstegangsvitnemålskvote;USN;Hovedopptak;222 474;Språk og litteratur - norsk;Midt-Telemark;SPRÅK;2026;0
Ordinær kvote;USN;Hovedopptak;222 474;Språk og litteratur - norsk;Midt-Telemark;SPRÅK;2026;0
Førstegangsvitnemålskvote;USN;Suppleringsopptak;222 474;Språk og litteratur - norsk;Midt-Telemark;SPRÅK;2026;0
Ordinær kvote;USN;Suppleringsopptak;222 474;Språk og litteratur - norsk;Midt-Telemark;SPRÅK;2026;0
Førstegangsvitnemålskvote;USN;Hovedopptak;222 954;Språk og litteratur - norsk, deltid;Midt-Telemark;SPRÅK;2026;0
Ordinær kvote;USN;Hovedopptak;222 954;Språk og litteratur - norsk, deltid;Midt-Telemark;SPRÅK;2026;0
Førstegangsvitnemålskvote;USN;Suppleringsopptak;222 954;Språk og litteratur - norsk, deltid;Midt-Telemark;SPRÅK;2026;0
Ordinær kvote;USN;Suppleringsopptak;222 954;Språk og litteratur - norsk, deltid;Midt-Telemark;SPRÅK;2026;0
Førstegangsvitnemålskvote;USN;Hovedopptak;222 455;Språk og litteratur - spansk;Midt-Telemark;SPRÅK;2026;0
Ordinær kvote;USN;Hovedopptak;222 455;Språk og litteratur - spansk;Midt-Telemark;SPRÅK;2026;0
Førstegangsvitnemålskvote;USN;Suppleringsopptak;222 455;Språk og litteratur - spansk;Midt-Telemark;SPRÅK;2026;0
Ordinær kvote;USN;Suppleringsopptak;222 455;Språk og litteratur - spansk;Midt-Telemark;SPRÅK;2026;0
Førstegangsvitnemålskvote;USN;Hovedopptak;222 924;Språk og litteratur - spansk, deltid;Midt-Telemark;SPRÅK;2026;0
Ordinær kvote;USN;Hovedopptak;222 924;Språk og litteratur - spansk, deltid;Midt-Telemark;SPRÅK;2026;0
Førstegangsvitnemålskvote;USN;Suppleringsopptak;222 924;Språk og litteratur - spansk, deltid;Midt-Telemark;SPRÅK;2026;0
Ordinær kvote;USN;Suppleringsopptak;222 924;Språk og litteratur - spansk, deltid;Midt-Telemark;SPRÅK;2026;0
Førstegangsvitnemålskvote;UIB;Hovedopptak;184 893;Språkvitenskap;Bergen;SPRÅK;2026;0
Ordinær kvote;UIB;Hovedopptak;184 893;Språkvitenskap;Bergen;SPRÅK;2026;0
Førstegangsvitnemålskvote;UIB;Suppleringsopptak;184 893;Språkvitenskap;Bergen;SPRÅK;2026;0
Ordinær kvote;UIB;Suppleringsopptak;184 893;Språkvitenskap;Bergen;SPRÅK;2026;0
Førstegangsvitnemålskvote;UIB;Hovedopptak;184 914;Statistikk og data science;Bergen;REALFAG;2026;0
Ordinær kvote;UIB;Hovedopptak;184 914;Statistikk og data science;Bergen;REALFAG;2026;0
Førstegangsvitnemålskvote;UIB;Suppleringsopptak;184 914;Statistikk og data science;Bergen;REALFAG;2026;-1
Ordinær kvote;UIB;Suppleringsopptak;184 914;Statistikk og data science;Bergen;REALFAG;2026;-1
Førstegangsvitnemålskvote;USN;Hovedopptak;222 881;Statsvitenskap;Drammen;SAMFUNN;2026;39.5
Ordinær kvote;USN;Hovedopptak;222 881;Statsvitenskap;Drammen;SAMFUNN;2026;42.7
Førstegangsvitnemålskvote;USN;Suppleringsopptak;222 881;Statsvitenskap;Drammen;SAMFUNN;2026;39.2
Ordinær kvote;USN;Suppleringsopptak;222 881;Statsvitenskap;Drammen;SAMFUNN;2026;41.8
Førstegangsvitnemålskvote;UIT;Hovedopptak;186 881;Statsvitenskap;Tromsø;SAMFUNN;2026;0
Ordinær kvote;UIT;Hovedopptak;186 881;Statsvitenskap;Tromsø;SAMFUNN;2026;0
Førstegangsvitnemålskvote;UIT;Suppleringsopptak;186 881;Statsvitenskap;Tromsø;SAMFUNN;2026;0
Ordinær kvote;UIT;Suppleringsopptak;186 881;Statsvitenskap;Tromsø;SAMFUNN;2026;0
Førstegangsvitnemålskvote;UIA;Hovedopptak;201 238;Statsvitenskap, årsstudium;Kristiansand;SAMFUNN;2026;39.3
Ordinær kvote;UIA;Hovedopptak;201 238;Statsvitenskap, årsstudium;Kristiansand;SAMFUNN;2026;35.7
Førstegangsvitnemålskvote;UIA;Suppleringsopptak;201 238;Statsvitenskap, årsstudium;Kristiansand;SAMFUNN;2026;39.3
Ordinær kvote;UIA;Suppleringsopptak;201 238;Statsvitenskap, årsstudium;Kristiansand;SAMFUNN;2026;35.3
Førstegangsvitnemålskvote;UIO;Hovedopptak;185 238;Statsvitenskap, årsstudium;Oslo;SAMFUNN;2026;46.9
Ordinær kvote;UIO;Hovedopptak;185 238;Statsvitenskap, årsstudium;Oslo;SAMFUNN;2026;58.4
Førstegangsvitnemålskvote;UIO;Suppleringsopptak;185 238;Statsvitenskap, årsstudium;Oslo;SAMFUNN;2026;46.9
Ordinær kvote;UIO;Suppleringsopptak;185 238;Statsvitenskap, årsstudium;Oslo;SAMFUNN;2026;58.4
Førstegangsvitnemålskvote;UIS;Hovedopptak;217 238;Statsvitenskap, årsstudium;Stavanger;SAMFUNN;2026;0
Ordinær kvote;UIS;Hovedopptak;217 238;Statsvitenskap, årsstudium;Stavanger;SAMFUNN;2026;0
Førstegangsvitnemålskvote;UIS;Suppleringsopptak;217 238;Statsvitenskap, årsstudium;Stavanger;SAMFUNN;2026;0
Ordinær kvote;UIS;Suppleringsopptak;217 238;Statsvitenskap, årsstudium;Stavanger;SAMFUNN;2026;0
Førstegangsvitnemålskvote;NTNU;Hovedopptak;194 238;Statsvitenskap, årsstudium;Trondheim;SAMFUNN;2026;48.3
Ordinær kvote;NTNU;Hovedopptak;194 238;Statsvitenskap, årsstudium;Trondheim;SAMFUNN;2026;54.7
Førstegangsvitnemålskvote;NTNU;Suppleringsopptak;194 238;Statsvitenskap, årsstudium;Trondheim;SAMFUNN;2026;48.3
Ordinær kvote;NTNU;Suppleringsopptak;194 238;Statsvitenskap, årsstudium;Trondheim;SAMFUNN;2026;54.7
Førstegangsvitnemålskvote;UIA;Hovedopptak;201 881;Statsvitenskap, bachelor;Kristiansand;SAMFUNN;2026;47.3
Ordinær kvote;UIA;Hovedopptak;201 881;Statsvitenskap, bachelor;Kristiansand;SAMFUNN;2026;47.7
Førstegangsvitnemålskvote;UIA;Suppleringsopptak;201 881;Statsvitenskap, bachelor;Kristiansand;SAMFUNN;2026;46.7
Ordinær kvote;UIA;Suppleringsopptak;201 881;Statsvitenskap, bachelor;Kristiansand;SAMFUNN;2026;47
Førstegangsvitnemålskvote;UIO;Hovedopptak;185 881;Statsvitenskap, bachelor;Oslo;SAMFUNN;2026;51.7
Ordinær kvote;UIO;Hovedopptak;185 881;Statsvitenskap, bachelor;Oslo;SAMFUNN;2026;56.8
Førstegangsvitnemålskvote;UIO;Suppleringsopptak;185 881;Statsvitenskap, bachelor;Oslo;SAMFUNN;2026;51.2
Ordinær kvote;UIO;Suppleringsopptak;185 881;Statsvitenskap, bachelor;Oslo;SAMFUNN;2026;56.8
Førstegangsvitnemålskvote;UIS;Hovedopptak;217 881;Statsvitenskap, bachelor;Stavanger;SAMFUNN;2026;45.8
Ordinær kvote;UIS;Hovedopptak;217 881;Statsvitenskap, bachelor;Stavanger;SAMFUNN;2026;46
Førstegangsvitnemålskvote;UIS;Suppleringsopptak;217 881;Statsvitenskap, bachelor;Stavanger;SAMFUNN;2026;45.8
Ordinær kvote;UIS;Suppleringsopptak;217 881;Statsvitenskap, bachelor;Stavanger;SAMFUNN;2026;45.7
Førstegangsvitnemålskvote;NTNU;Hovedopptak;194 881;Statsvitenskap, bachelor;Trondheim;SAMFUNN;2026;51.3
Ordinær kvote;NTNU;Hovedopptak;194 881;Statsvitenskap, bachelor;Trondheim;SAMFUNN;2026;55.2
Førstegangsvitnemålskvote;NTNU;Suppleringsopptak;194 881;Statsvitenskap, bachelor;Trondheim;SAMFUNN;2026;51.3
Ordinær kvote;NTNU;Suppleringsopptak;194 881;Statsvitenskap, bachelor;Trondheim;SAMFUNN;2026;55.2
Førstegangsvitnemålskvote;NTNU;Hovedopptak;194 242;Studier av kunnskap, teknologi og samfunn (STS);Trondheim;SAMFUNN;2026;0
Ordinær kvote;NTNU;Hovedopptak;194 242;Studier av kunnskap, teknologi og samfunn (STS);Trondheim;SAMFUNN;2026;45.9
Førstegangsvitnemålskvote;NTNU;Suppleringsopptak;194 242;Studier av kunnskap, teknologi og samfunn (STS);Trondheim;SAMFUNN;2026;0
Ordinær kvote;NTNU;Suppleringsopptak;194 242;Studier av kunnskap, teknologi og samfunn (STS);Trondheim;SAMFUNN;2026;45.9
Førstegangsvitnemålskvote;LDH;Hovedopptak;230 050;Sykepleie;Oslo;HELSEFAG - SYKEPL;2026;46
Ordinær kvote;LDH;Hovedopptak;230 050;Sykepleie;Oslo;HELSEFAG - SYKEPL;2026;53.4
Førstegangsvitnemålskvote;LDH;Suppleringsopptak;230 050;Sykepleie;Oslo;HELSEFAG - SYKEPL;2026;46
Ordinær kvote;LDH;Suppleringsopptak;230 050;Sykepleie;Oslo;HELSEFAG - SYKEPL;2026;53.4
Førstegangsvitnemålskvote;UIS;Hovedopptak;217 050;Sykepleie;Stavanger;HELSEFAG - SYKEPL;2026;41.3
Ordinær kvote;UIS;Hovedopptak;217 050;Sykepleie;Stavanger;HELSEFAG - SYKEPL;2026;45.1
Førstegangsvitnemålskvote;UIS;Suppleringsopptak;217 050;Sykepleie;Stavanger;HELSEFAG - SYKEPL;2026;41.3
Ordinær kvote;UIS;Suppleringsopptak;217 050;Sykepleie;Stavanger;HELSEFAG - SYKEPL;2026;45
Førstegangsvitnemålskvote;NTNU;Hovedopptak;194 056;Sykepleie, Ålesund;Ålesund;HELSEFAG - SYKEPL;2026;39
Ordinær kvote;NTNU;Hovedopptak;194 056;Sykepleie, Ålesund;Ålesund;HELSEFAG - SYKEPL;2026;41.8
Førstegangsvitnemålskvote;NTNU;Suppleringsopptak;194 056;Sykepleie, Ålesund;Ålesund;HELSEFAG - SYKEPL;2026;38.1
Ordinær kvote;NTNU;Suppleringsopptak;194 056;Sykepleie, Ålesund;Ålesund;HELSEFAG - SYKEPL;2026;41.4
Førstegangsvitnemålskvote;VID;Hovedopptak;251 055;Sykepleie, Bergen;Bergen;HELSEFAG - SYKEPL;2026;45.3
Ordinær kvote;VID;Hovedopptak;251 055;Sykepleie, Bergen;Bergen;HELSEFAG - SYKEPL;2026;48.2
Førstegangsvitnemålskvote;VID;Suppleringsopptak;251 055;Sykepleie, Bergen;Bergen;HELSEFAG - SYKEPL;2026;45
Ordinær kvote;VID;Suppleringsopptak;251 055;Sykepleie, Bergen;Bergen;HELSEFAG - SYKEPL;2026;47.9
Førstegangsvitnemålskvote;HVL;Hovedopptak;203 050;Sykepleie, Bergen, høst;Bergen;HELSEFAG - SYKEPL;2026;48.4
Ordinær kvote;HVL;Hovedopptak;203 050;Sykepleie, Bergen, høst;Bergen;HELSEFAG - SYKEPL;2026;52.1
Førstegangsvitnemålskvote;HVL;Suppleringsopptak;203 050;Sykepleie, Bergen, høst;Bergen;HELSEFAG - SYKEPL;2026;48
Ordinær kvote;HVL;Suppleringsopptak;203 050;Sykepleie, Bergen, høst;Bergen;HELSEFAG - SYKEPL;2026;51.9
Førstegangsvitnemålskvote;NORD;Hovedopptak;204 050;Sykepleie, Bodø;Bodø;HELSEFAG - SYKEPL;2026;38.8
Ordinær kvote;NORD;Hovedopptak;204 050;Sykepleie, Bodø;Bodø;HELSEFAG - SYKEPL;2026;41.3
Førstegangsvitnemålskvote;NORD;Suppleringsopptak;204 050;Sykepleie, Bodø;Bodø;HELSEFAG - SYKEPL;2026;38.8
Ordinær kvote;NORD;Suppleringsopptak;204 050;Sykepleie, Bodø;Bodø;HELSEFAG - SYKEPL;2026;41.3
Førstegangsvitnemålskvote;OSLOMET;Hovedopptak;215 051;Sykepleie, deltid;Lillestrøm;HELSEFAG - SYKEPL;2026;32.7
Ordinær kvote;OSLOMET;Hovedopptak;215 051;Sykepleie, deltid;Lillestrøm;HELSEFAG - SYKEPL;2026;55
Førstegangsvitnemålskvote;OSLOMET;Suppleringsopptak;215 051;Sykepleie, deltid;Lillestrøm;HELSEFAG - SYKEPL;2026;28
Ordinær kvote;OSLOMET;Suppleringsopptak;215 051;Sykepleie, deltid;Lillestrøm;HELSEFAG - SYKEPL;2026;52.8
Førstegangsvitnemålskvote;VID;Hovedopptak;251 059;Sykepleie, deltid;Oslo;HELSEFAG - SYKEPL;2026;0
Ordinær kvote;VID;Hovedopptak;251 059;Sykepleie, deltid;Oslo;HELSEFAG - SYKEPL;2026;52.5
Førstegangsvitnemålskvote;VID;Suppleringsopptak;251 059;Sykepleie, deltid;Oslo;HELSEFAG - SYKEPL;2026;0
Ordinær kvote;VID;Suppleringsopptak;251 059;Sykepleie, deltid;Oslo;HELSEFAG - SYKEPL;2026;48.4
Førstegangsvitnemålskvote;INN;Hovedopptak;209 052;Sykepleie, deltid, Elverum;Elverum;HELSEFAG - SYKEPL;2026;0
Ordinær kvote;INN;Hovedopptak;209 052;Sykepleie, deltid, Elverum;Elverum;HELSEFAG - SYKEPL;2026;44.7
Førstegangsvitnemålskvote;INN;Suppleringsopptak;209 052;Sykepleie, deltid, Elverum;Elverum;HELSEFAG - SYKEPL;2026;0
Ordinær kvote;INN;Suppleringsopptak;209 052;Sykepleie, deltid, Elverum;Elverum;HELSEFAG - SYKEPL;2026;44.5
Førstegangsvitnemålskvote;HVL;Hovedopptak;203 051;Sykepleie, deltid, Førde;Sunnfjord;HELSEFAG - SYKEPL;2026;0
Ordinær kvote;HVL;Hovedopptak;203 051;Sykepleie, deltid, Førde;Sunnfjord;HELSEFAG - SYKEPL;2026;37
Førstegangsvitnemålskvote;HVL;Suppleringsopptak;203 051;Sykepleie, deltid, Førde;Sunnfjord;HELSEFAG - SYKEPL;2026;0
Ordinær kvote;HVL;Suppleringsopptak;203 051;Sykepleie, deltid, Førde;Sunnfjord;HELSEFAG - SYKEPL;2026;36.9
Førstegangsvitnemålskvote;USN;Hovedopptak;222 589;Sykepleie, deltid, Hallingdal;Gol;HELSEFAG - SYKEPL;2026;-1
Ordinær kvote;USN;Hovedopptak;222 589;Sykepleie, deltid, Hallingdal;Gol;HELSEFAG - SYKEPL;2026;55.2
Førstegangsvitnemålskvote;USN;Suppleringsopptak;222 589;Sykepleie, deltid, Hallingdal;Gol;HELSEFAG - SYKEPL;2026;-1
Ordinær kvote;USN;Suppleringsopptak;222 589;Sykepleie, deltid, Hallingdal;Gol;HELSEFAG - SYKEPL;2026;54.5
Førstegangsvitnemålskvote;NORD;Hovedopptak;204 054;Sykepleie, deltid, Mo i Rana;Mo i Rana;HELSEFAG - SYKEPL;2026;0
Ordinær kvote;NORD;Hovedopptak;204 054;Sykepleie, deltid, Mo i Rana;Mo i Rana;HELSEFAG - SYKEPL;2026;41.6
Førstegangsvitnemålskvote;NORD;Suppleringsopptak;204 054;Sykepleie, deltid, Mo i Rana;Mo i Rana;HELSEFAG - SYKEPL;2026;0
Ordinær kvote;NORD;Suppleringsopptak;204 054;Sykepleie, deltid, Mo i Rana;Mo i Rana;HELSEFAG - SYKEPL;2026;41.6
Førstegangsvitnemålskvote;NORD;Hovedopptak;204 579;Sykepleie, deltid, Namsos;Namsos;HELSEFAG - SYKEPL;2026;0
Ordinær kvote;NORD;Hovedopptak;204 579;Sykepleie, deltid, Namsos;Namsos;HELSEFAG - SYKEPL;2026;0
Førstegangsvitnemålskvote;NORD;Suppleringsopptak;204 579;Sykepleie, deltid, Namsos;Namsos;HELSEFAG - SYKEPL;2026;0
Ordinær kvote;NORD;Suppleringsopptak;204 579;Sykepleie, deltid, Namsos;Namsos;HELSEFAG - SYKEPL;2026;0
Førstegangsvitnemålskvote;HVL;Hovedopptak;203 059;Sykepleie, deltid, Stord;Stord;HELSEFAG - SYKEPL;2026;0
Ordinær kvote;HVL;Hovedopptak;203 059;Sykepleie, deltid, Stord;Stord;HELSEFAG - SYKEPL;2026;41.3
Førstegangsvitnemålskvote;HVL;Suppleringsopptak;203 059;Sykepleie, deltid, Stord;Stord;HELSEFAG - SYKEPL;2026;0
Ordinær kvote;HVL;Suppleringsopptak;203 059;Sykepleie, deltid, Stord;Stord;HELSEFAG - SYKEPL;2026;40.9
Førstegangsvitnemålskvote;INN;Hovedopptak;209 051;Sykepleie, deltid, Tynset;Tynset;HELSEFAG - SYKEPL;2026;0
Ordinær kvote;INN;Hovedopptak;209 051;Sykepleie, deltid, Tynset;Tynset;HELSEFAG - SYKEPL;2026;46.7
Førstegangsvitnemålskvote;INN;Suppleringsopptak;209 051;Sykepleie, deltid, Tynset;Tynset;HELSEFAG - SYKEPL;2026;0
Ordinær kvote;INN;Suppleringsopptak;209 051;Sykepleie, deltid, Tynset;Tynset;HELSEFAG - SYKEPL;2026;43
Førstegangsvitnemålskvote;NORD;Hovedopptak;204 053;Sykepleie, deltid, Vesterålen;Vesterålen;HELSEFAG - SYKEPL;2026;0
Ordinær kvote;NORD;Hovedopptak;204 053;Sykepleie, deltid, Vesterålen;Vesterålen;HELSEFAG - SYKEPL;2026;43.8
Førstegangsvitnemålskvote;NORD;Suppleringsopptak;204 053;Sykepleie, deltid, Vesterålen;Vesterålen;HELSEFAG - SYKEPL;2026;0
Ordinær kvote;NORD;Suppleringsopptak;204 053;Sykepleie, deltid, Vesterålen;Vesterålen;HELSEFAG - SYKEPL;2026;42.7
Førstegangsvitnemålskvote;USN;Hovedopptak;222 059;Sykepleie, deltid, Vestfold og Telemark;Notodden;HELSEFAG - SYKEPL;2026;0
Ordinær kvote;USN;Hovedopptak;222 059;Sykepleie, deltid, Vestfold og Telemark;Notodden;HELSEFAG - SYKEPL;2026;59.7
Førstegangsvitnemålskvote;USN;Suppleringsopptak;222 059;Sykepleie, deltid, Vestfold og Telemark;Notodden;HELSEFAG - SYKEPL;2026;0
Ordinær kvote;USN;Suppleringsopptak;222 059;Sykepleie, deltid, Vestfold og Telemark;Notodden;HELSEFAG - SYKEPL;2026;59.7
Førstegangsvitnemålskvote;UIS;Hovedopptak;217 053;Sykepleie, distriktsvennlig i Ryfylke;Stavanger;HELSEFAG - SYKEPL;2026;29.6
Ordinær kvote;UIS;Hovedopptak;217 053;Sykepleie, distriktsvennlig i Ryfylke;Stavanger;HELSEFAG - SYKEPL;2026;48.1
Førstegangsvitnemålskvote;UIS;Suppleringsopptak;217 053;Sykepleie, distriktsvennlig i Ryfylke;Stavanger;HELSEFAG - SYKEPL;2026;29.5
Ordinær kvote;UIS;Suppleringsopptak;217 053;Sykepleie, distriktsvennlig i Ryfylke;Stavanger;HELSEFAG - SYKEPL;2026;48
Førstegangsvitnemålskvote;USN;Hovedopptak;222 051;Sykepleie, Drammen;Drammen;HELSEFAG - SYKEPL;2026;36.4
Ordinær kvote;USN;Hovedopptak;222 051;Sykepleie, Drammen;Drammen;HELSEFAG - SYKEPL;2026;46.4
Førstegangsvitnemålskvote;USN;Suppleringsopptak;222 051;Sykepleie, Drammen;Drammen;HELSEFAG - SYKEPL;2026;35.4
Ordinær kvote;USN;Suppleringsopptak;222 051;Sykepleie, Drammen;Drammen;HELSEFAG - SYKEPL;2026;45.5
Førstegangsvitnemålskvote;INN;Hovedopptak;209 050;Sykepleie, Elverum;Elverum;HELSEFAG - SYKEPL;2026;30.9
Ordinær kvote;INN;Hovedopptak;209 050;Sykepleie, Elverum;Elverum;HELSEFAG - SYKEPL;2026;39.8
Førstegangsvitnemålskvote;INN;Suppleringsopptak;209 050;Sykepleie, Elverum;Elverum;HELSEFAG - SYKEPL;2026;30.4
Ordinær kvote;INN;Suppleringsopptak;209 050;Sykepleie, Elverum;Elverum;HELSEFAG - SYKEPL;2026;39.8
Førstegangsvitnemålskvote;NTNU;Hovedopptak;194 579;Sykepleie, fleksibelt;Gjøvik;HELSEFAG - SYKEPL;2026;0
Ordinær kvote;NTNU;Hovedopptak;194 579;Sykepleie, fleksibelt;Gjøvik;HELSEFAG - SYKEPL;2026;52.3
Førstegangsvitnemålskvote;NTNU;Suppleringsopptak;194 579;Sykepleie, fleksibelt;Gjøvik;HELSEFAG - SYKEPL;2026;0
Ordinær kvote;NTNU;Suppleringsopptak;194 579;Sykepleie, fleksibelt;Gjøvik;HELSEFAG - SYKEPL;2026;51.1
Førstegangsvitnemålskvote;HVL;Hovedopptak;203 054;Sykepleie, Førde, høst;Sunnfjord;HELSEFAG - SYKEPL;2026;33
Ordinær kvote;HVL;Hovedopptak;203 054;Sykepleie, Førde, høst;Sunnfjord;HELSEFAG - SYKEPL;2026;35.2
Førstegangsvitnemålskvote;HVL;Suppleringsopptak;203 054;Sykepleie, Førde, høst;Sunnfjord;HELSEFAG - SYKEPL;2026;33
Ordinær kvote;HVL;Suppleringsopptak;203 054;Sykepleie, Førde, høst;Sunnfjord;HELSEFAG - SYKEPL;2026;34.5
Førstegangsvitnemålskvote;HVL;Hovedopptak;203 052;Sykepleie, Førde, vår;Sunnfjord;HELSEFAG - SYKEPL;2026;0
Ordinær kvote;HVL;Hovedopptak;203 052;Sykepleie, Førde, vår;Sunnfjord;HELSEFAG - SYKEPL;2026;0
Førstegangsvitnemålskvote;HVL;Suppleringsopptak;203 052;Sykepleie, Førde, vår;Sunnfjord;HELSEFAG - SYKEPL;2026;0
Ordinær kvote;HVL;Suppleringsopptak;203 052;Sykepleie, Førde, vår;Sunnfjord;HELSEFAG - SYKEPL;2026;0
Førstegangsvitnemålskvote;HIØ;Hovedopptak;224 050;Sykepleie, Fredrikstad;Fredrikstad;HELSEFAG - SYKEPL;2026;36.9
Ordinær kvote;HIØ;Hovedopptak;224 050;Sykepleie, Fredrikstad;Fredrikstad;HELSEFAG - SYKEPL;2026;44.4
Førstegangsvitnemålskvote;HIØ;Suppleringsopptak;224 050;Sykepleie, Fredrikstad;Fredrikstad;HELSEFAG - SYKEPL;2026;36.9
Ordinær kvote;HIØ;Suppleringsopptak;224 050;Sykepleie, Fredrikstad;Fredrikstad;HELSEFAG - SYKEPL;2026;44.4
Førstegangsvitnemålskvote;NTNU;Hovedopptak;194 050;Sykepleie, Gjøvik;Gjøvik;HELSEFAG - SYKEPL;2026;36.2
Ordinær kvote;NTNU;Hovedopptak;194 050;Sykepleie, Gjøvik;Gjøvik;HELSEFAG - SYKEPL;2026;43
Førstegangsvitnemålskvote;NTNU;Suppleringsopptak;194 050;Sykepleie, Gjøvik;Gjøvik;HELSEFAG - SYKEPL;2026;0
Ordinær kvote;NTNU;Suppleringsopptak;194 050;Sykepleie, Gjøvik;Gjøvik;HELSEFAG - SYKEPL;2026;40.9
Førstegangsvitnemålskvote;UIA;Hovedopptak;201 052;Sykepleie, Grimstad;Grimstad;HELSEFAG - SYKEPL;2026;41.7
Ordinær kvote;UIA;Hovedopptak;201 052;Sykepleie, Grimstad;Grimstad;HELSEFAG - SYKEPL;2026;45
Førstegangsvitnemålskvote;UIA;Suppleringsopptak;201 052;Sykepleie, Grimstad;Grimstad;HELSEFAG - SYKEPL;2026;41.7
Ordinær kvote;UIA;Suppleringsopptak;201 052;Sykepleie, Grimstad;Grimstad;HELSEFAG - SYKEPL;2026;45
Førstegangsvitnemålskvote;UIT;Hovedopptak;186 051;Sykepleie, Hammerfest;Hammerfest;HELSEFAG - SYKEPL;2026;0
Ordinær kvote;UIT;Hovedopptak;186 051;Sykepleie, Hammerfest;Hammerfest;HELSEFAG - SYKEPL;2026;0
Førstegangsvitnemålskvote;UIT;Suppleringsopptak;186 051;Sykepleie, Hammerfest;Hammerfest;HELSEFAG - SYKEPL;2026;0
Ordinær kvote;UIT;Suppleringsopptak;186 051;Sykepleie, Hammerfest;Hammerfest;HELSEFAG - SYKEPL;2026;0
Førstegangsvitnemålskvote;UIT;Hovedopptak;186 055;Sykepleie, Harstad;Harstad;HELSEFAG - SYKEPL;2026;0
Ordinær kvote;UIT;Hovedopptak;186 055;Sykepleie, Harstad;Harstad;HELSEFAG - SYKEPL;2026;0
Førstegangsvitnemålskvote;UIT;Suppleringsopptak;186 055;Sykepleie, Harstad;Harstad;HELSEFAG - SYKEPL;2026;0
Ordinær kvote;UIT;Suppleringsopptak;186 055;Sykepleie, Harstad;Harstad;HELSEFAG - SYKEPL;2026;0
Førstegangsvitnemålskvote;HVL;Hovedopptak;203 056;Sykepleie, Haugesund, høst;Haugesund;HELSEFAG - SYKEPL;2026;32.5
Ordinær kvote;HVL;Hovedopptak;203 056;Sykepleie, Haugesund, høst;Haugesund;HELSEFAG - SYKEPL;2026;38.6
Førstegangsvitnemålskvote;HVL;Suppleringsopptak;203 056;Sykepleie, Haugesund, høst;Haugesund;HELSEFAG - SYKEPL;2026;32
Ordinær kvote;HVL;Suppleringsopptak;203 056;Sykepleie, Haugesund, høst;Haugesund;HELSEFAG - SYKEPL;2026;38.3
Førstegangsvitnemålskvote;HIØ;Hovedopptak;224 052;Sykepleie, Indre Østfold;Indre Østfold;HELSEFAG - SYKEPL;2026;32.1
Ordinær kvote;HIØ;Hovedopptak;224 052;Sykepleie, Indre Østfold;Indre Østfold;HELSEFAG - SYKEPL;2026;44.2
Førstegangsvitnemålskvote;HIØ;Suppleringsopptak;224 052;Sykepleie, Indre Østfold;Indre Østfold;HELSEFAG - SYKEPL;2026;32.1
Ordinær kvote;HIØ;Suppleringsopptak;224 052;Sykepleie, Indre Østfold;Indre Østfold;HELSEFAG - SYKEPL;2026;44.2
Førstegangsvitnemålskvote;OSLOMET;Hovedopptak;215 054;Sykepleie, Kjeller;Lillestrøm;HELSEFAG - SYKEPL;2026;38.2
Ordinær kvote;OSLOMET;Hovedopptak;215 054;Sykepleie, Kjeller;Lillestrøm;HELSEFAG - SYKEPL;2026;45.8
Førstegangsvitnemålskvote;OSLOMET;Suppleringsopptak;215 054;Sykepleie, Kjeller;Lillestrøm;HELSEFAG - SYKEPL;2026;38
Ordinær kvote;OSLOMET;Suppleringsopptak;215 054;Sykepleie, Kjeller;Lillestrøm;HELSEFAG - SYKEPL;2026;45.6
Førstegangsvitnemålskvote;INN;Hovedopptak;209 053;Sykepleie, Kongsvinger;Kongsvinger;HELSEFAG - SYKEPL;2026;28.8
Ordinær kvote;INN;Hovedopptak;209 053;Sykepleie, Kongsvinger;Kongsvinger;HELSEFAG - SYKEPL;2026;44.3
Førstegangsvitnemålskvote;INN;Suppleringsopptak;209 053;Sykepleie, Kongsvinger;Kongsvinger;HELSEFAG - SYKEPL;2026;28.7
Ordinær kvote;INN;Suppleringsopptak;209 053;Sykepleie, Kongsvinger;Kongsvinger;HELSEFAG - SYKEPL;2026;43.6
Førstegangsvitnemålskvote;UIA;Hovedopptak;201 050;Sykepleie, Kristiansand;Kristiansand;HELSEFAG - SYKEPL;2026;46.7
Ordinær kvote;UIA;Hovedopptak;201 050;Sykepleie, Kristiansand;Kristiansand;HELSEFAG - SYKEPL;2026;49.3
Førstegangsvitnemålskvote;UIA;Suppleringsopptak;201 050;Sykepleie, Kristiansand;Kristiansand;HELSEFAG - SYKEPL;2026;46.7
Ordinær kvote;UIA;Suppleringsopptak;201 050;Sykepleie, Kristiansand;Kristiansand;HELSEFAG - SYKEPL;2026;49.3
Førstegangsvitnemålskvote;HIM;Hovedopptak;211 589;Sykepleie, Kristiansund;Kristiansund;HELSEFAG - SYKEPL;2026;27
Ordinær kvote;HIM;Hovedopptak;211 589;Sykepleie, Kristiansund;Kristiansund;HELSEFAG - SYKEPL;2026;42
Førstegangsvitnemålskvote;HIM;Suppleringsopptak;211 589;Sykepleie, Kristiansund;Kristiansund;HELSEFAG - SYKEPL;2026;0
Ordinær kvote;HIM;Suppleringsopptak;211 589;Sykepleie, Kristiansund;Kristiansund;HELSEFAG - SYKEPL;2026;42
Førstegangsvitnemålskvote;NORD;Hovedopptak;204 056;Sykepleie, Levanger;Levanger;HELSEFAG - SYKEPL;2026;41.9
Ordinær kvote;NORD;Hovedopptak;204 056;Sykepleie, Levanger;Levanger;HELSEFAG - SYKEPL;2026;46.2
Førstegangsvitnemålskvote;NORD;Suppleringsopptak;204 056;Sykepleie, Levanger;Levanger;HELSEFAG - SYKEPL;2026;41.9
Ordinær kvote;NORD;Suppleringsopptak;204 056;Sykepleie, Levanger;Levanger;HELSEFAG - SYKEPL;2026;46.2
Førstegangsvitnemålskvote;NORD;Hovedopptak;204 055;Sykepleie, Mo i Rana;Mo i Rana;HELSEFAG - SYKEPL;2026;0
Ordinær kvote;NORD;Hovedopptak;204 055;Sykepleie, Mo i Rana;Mo i Rana;HELSEFAG - SYKEPL;2026;0
Førstegangsvitnemålskvote;NORD;Suppleringsopptak;204 055;Sykepleie, Mo i Rana;Mo i Rana;HELSEFAG - SYKEPL;2026;0
Ordinær kvote;NORD;Suppleringsopptak;204 055;Sykepleie, Mo i Rana;Mo i Rana;HELSEFAG - SYKEPL;2026;0
Førstegangsvitnemålskvote;HIM;Hovedopptak;211 050;Sykepleie, Molde;Molde;HELSEFAG - SYKEPL;2026;0
Ordinær kvote;HIM;Hovedopptak;211 050;Sykepleie, Molde;Molde;HELSEFAG - SYKEPL;2026;33.8
Førstegangsvitnemålskvote;HIM;Suppleringsopptak;211 050;Sykepleie, Molde;Molde;HELSEFAG - SYKEPL;2026;0
Ordinær kvote;HIM;Suppleringsopptak;211 050;Sykepleie, Molde;Molde;HELSEFAG - SYKEPL;2026;31.9
Førstegangsvitnemålskvote;NORD;Hovedopptak;204 058;Sykepleie, Namsos;Namsos;HELSEFAG - SYKEPL;2026;31.8
Ordinær kvote;NORD;Hovedopptak;204 058;Sykepleie, Namsos;Namsos;HELSEFAG - SYKEPL;2026;37
Førstegangsvitnemålskvote;NORD;Suppleringsopptak;204 058;Sykepleie, Namsos;Namsos;HELSEFAG - SYKEPL;2026;31.8
Ordinær kvote;NORD;Suppleringsopptak;204 058;Sykepleie, Namsos;Namsos;HELSEFAG - SYKEPL;2026;37
Førstegangsvitnemålskvote;UIT;Hovedopptak;186 056;Sykepleie, Narvik;Narvik;HELSEFAG - SYKEPL;2026;0
Ordinær kvote;UIT;Hovedopptak;186 056;Sykepleie, Narvik;Narvik;HELSEFAG - SYKEPL;2026;0
Førstegangsvitnemålskvote;UIT;Suppleringsopptak;186 056;Sykepleie, Narvik;Narvik;HELSEFAG - SYKEPL;2026;0
Ordinær kvote;UIT;Suppleringsopptak;186 056;Sykepleie, Narvik;Narvik;HELSEFAG - SYKEPL;2026;0
Førstegangsvitnemålskvote;OSLOMET;Hovedopptak;215 050;Sykepleie, Oslo;Oslo;HELSEFAG - SYKEPL;2026;41.3
Førstegangsvitnemålskvote;VID;Hovedopptak;251 050;Sykepleie, Oslo;Oslo;HELSEFAG - SYKEPL;2026;39.2
Ordinær kvote;OSLOMET;Hovedopptak;215 050;Sykepleie, Oslo;Oslo;HELSEFAG - SYKEPL;2026;47.1
Ordinær kvote;VID;Hovedopptak;251 050;Sykepleie, Oslo;Oslo;HELSEFAG - SYKEPL;2026;45.4
Førstegangsvitnemålskvote;OSLOMET;Suppleringsopptak;215 050;Sykepleie, Oslo;Oslo;HELSEFAG - SYKEPL;2026;41.1
Førstegangsvitnemålskvote;VID;Suppleringsopptak;251 050;Sykepleie, Oslo;Oslo;HELSEFAG - SYKEPL;2026;38.4
Ordinær kvote;OSLOMET;Suppleringsopptak;215 050;Sykepleie, Oslo;Oslo;HELSEFAG - SYKEPL;2026;46.9
Ordinær kvote;VID;Suppleringsopptak;251 050;Sykepleie, Oslo;Oslo;HELSEFAG - SYKEPL;2026;45.1
Førstegangsvitnemålskvote;USN;Hovedopptak;222 054;Sykepleie, Porsgrunn;Porsgrunn;HELSEFAG - SYKEPL;2026;34.8
Ordinær kvote;USN;Hovedopptak;222 054;Sykepleie, Porsgrunn;Porsgrunn;HELSEFAG - SYKEPL;2026;44.7
Førstegangsvitnemålskvote;USN;Suppleringsopptak;222 054;Sykepleie, Porsgrunn;Porsgrunn;HELSEFAG - SYKEPL;2026;33.8
Ordinær kvote;USN;Suppleringsopptak;222 054;Sykepleie, Porsgrunn;Porsgrunn;HELSEFAG - SYKEPL;2026;44.3
Førstegangsvitnemålskvote;HVL;Hovedopptak;203 053;Sykepleie, Stord, høst;Stord;HELSEFAG - SYKEPL;2026;35.9
Ordinær kvote;HVL;Hovedopptak;203 053;Sykepleie, Stord, høst;Stord;HELSEFAG - SYKEPL;2026;37.6
Førstegangsvitnemålskvote;HVL;Suppleringsopptak;203 053;Sykepleie, Stord, høst;Stord;HELSEFAG - SYKEPL;2026;35.9
Ordinær kvote;HVL;Suppleringsopptak;203 053;Sykepleie, Stord, høst;Stord;HELSEFAG - SYKEPL;2026;37.6
Førstegangsvitnemålskvote;UIT;Hovedopptak;186 050;Sykepleie, Tromsø;Tromsø;HELSEFAG - SYKEPL;2026;46.3
Ordinær kvote;UIT;Hovedopptak;186 050;Sykepleie, Tromsø;Tromsø;HELSEFAG - SYKEPL;2026;53.5
Førstegangsvitnemålskvote;UIT;Suppleringsopptak;186 050;Sykepleie, Tromsø;Tromsø;HELSEFAG - SYKEPL;2026;46.3
Ordinær kvote;UIT;Suppleringsopptak;186 050;Sykepleie, Tromsø;Tromsø;HELSEFAG - SYKEPL;2026;53.5
Førstegangsvitnemålskvote;NTNU;Hovedopptak;194 055;Sykepleie, Trondheim;Trondheim;HELSEFAG - SYKEPL;2026;48.5
Ordinær kvote;NTNU;Hovedopptak;194 055;Sykepleie, Trondheim;Trondheim;HELSEFAG - SYKEPL;2026;52.7
Førstegangsvitnemålskvote;NTNU;Suppleringsopptak;194 055;Sykepleie, Trondheim;Trondheim;HELSEFAG - SYKEPL;2026;48.4
Ordinær kvote;NTNU;Suppleringsopptak;194 055;Sykepleie, Trondheim;Trondheim;HELSEFAG - SYKEPL;2026;52.7
Førstegangsvitnemålskvote;USN;Hovedopptak;222 050;Sykepleie, Vestfold;Horten;HELSEFAG - SYKEPL;2026;34.3
Ordinær kvote;USN;Hovedopptak;222 050;Sykepleie, Vestfold;Horten;HELSEFAG - SYKEPL;2026;44
Førstegangsvitnemålskvote;USN;Suppleringsopptak;222 050;Sykepleie, Vestfold;Horten;HELSEFAG - SYKEPL;2026;33.6
Ordinær kvote;USN;Suppleringsopptak;222 050;Sykepleie, Vestfold;Horten;HELSEFAG - SYKEPL;2026;43.6
Førstegangsvitnemålskvote;UIB;Hovedopptak;184 743;Tannpleie;Bergen;HELSEFAG - ODONT;2026;45.2
Ordinær kvote;UIB;Hovedopptak;184 743;Tannpleie;Bergen;HELSEFAG - ODONT;2026;49.8
Førstegangsvitnemålskvote;UIB;Suppleringsopptak;184 743;Tannpleie;Bergen;HELSEFAG - ODONT;2026;44.3
Ordinær kvote;UIB;Suppleringsopptak;184 743;Tannpleie;Bergen;HELSEFAG - ODONT;2026;48.7
Førstegangsvitnemålskvote;INN;Hovedopptak;209 743;Tannpleie;Elverum;HELSEFAG - ODONT;2026;38.8
Ordinær kvote;INN;Hovedopptak;209 743;Tannpleie;Elverum;HELSEFAG - ODONT;2026;46.8
Førstegangsvitnemålskvote;INN;Suppleringsopptak;209 743;Tannpleie;Elverum;HELSEFAG - ODONT;2026;38.8
Ordinær kvote;INN;Suppleringsopptak;209 743;Tannpleie;Elverum;HELSEFAG - ODONT;2026;46.8
Førstegangsvitnemålskvote;UIO;Hovedopptak;185 899;Tannpleie;Oslo;HELSEFAG - ODONT;2026;45.7
Ordinær kvote;UIO;Hovedopptak;185 899;Tannpleie;Oslo;HELSEFAG - ODONT;2026;55.4
Førstegangsvitnemålskvote;UIO;Suppleringsopptak;185 899;Tannpleie;Oslo;HELSEFAG - ODONT;2026;45.5
Ordinær kvote;UIO;Suppleringsopptak;185 899;Tannpleie;Oslo;HELSEFAG - ODONT;2026;55.3
Førstegangsvitnemålskvote;UIT;Hovedopptak;186 743;Tannpleie;Tromsø;HELSEFAG - ODONT;2026;43.2
Ordinær kvote;UIT;Hovedopptak;186 743;Tannpleie;Tromsø;HELSEFAG - ODONT;2026;44.2
Førstegangsvitnemålskvote;UIT;Suppleringsopptak;186 743;Tannpleie;Tromsø;HELSEFAG - ODONT;2026;37.4
Ordinær kvote;UIT;Suppleringsopptak;186 743;Tannpleie;Tromsø;HELSEFAG - ODONT;2026;43.8
Førstegangsvitnemålskvote;UIA;Hovedopptak;201 618;Teater, skuespill og regi, årsstudium;Kristiansand;ESTETISK;2026;0
Ordinær kvote;UIA;Hovedopptak;201 618;Teater, skuespill og regi, årsstudium;Kristiansand;ESTETISK;2026;0
Førstegangsvitnemålskvote;UIA;Suppleringsopptak;201 618;Teater, skuespill og regi, årsstudium;Kristiansand;ESTETISK;2026;0
Ordinær kvote;UIA;Suppleringsopptak;201 618;Teater, skuespill og regi, årsstudium;Kristiansand;ESTETISK;2026;0
Førstegangsvitnemålskvote;UIA;Hovedopptak;201 796;Teater, skuespill og regi, bachelor;Kristiansand;ESTETISK;2026;0
Ordinær kvote;UIA;Hovedopptak;201 796;Teater, skuespill og regi, bachelor;Kristiansand;ESTETISK;2026;0
Førstegangsvitnemålskvote;UIA;Suppleringsopptak;201 796;Teater, skuespill og regi, bachelor;Kristiansand;ESTETISK;2026;0
Ordinær kvote;UIA;Suppleringsopptak;201 796;Teater, skuespill og regi, bachelor;Kristiansand;ESTETISK;2026;0
Førstegangsvitnemålskvote;HVO;Hovedopptak;223 618;Teaterproduksjon;Volda;ESTETISK;2026;0
Ordinær kvote;HVO;Hovedopptak;223 618;Teaterproduksjon;Volda;ESTETISK;2026;0
Førstegangsvitnemålskvote;HVO;Suppleringsopptak;223 618;Teaterproduksjon;Volda;ESTETISK;2026;0
Ordinær kvote;HVO;Suppleringsopptak;223 618;Teaterproduksjon;Volda;ESTETISK;2026;0
Førstegangsvitnemålskvote;UIB;Hovedopptak;184 692;Teatervitenskap;Bergen;ESTETISK;2026;0
Ordinær kvote;UIB;Hovedopptak;184 692;Teatervitenskap;Bergen;ESTETISK;2026;0
Førstegangsvitnemålskvote;UIB;Suppleringsopptak;184 692;Teatervitenskap;Bergen;ESTETISK;2026;0
Ordinær kvote;UIB;Suppleringsopptak;184 692;Teatervitenskap;Bergen;ESTETISK;2026;0
Førstegangsvitnemålskvote;USN;Hovedopptak;222 637;Tegning - bilde og form;Notodden;ESTETISK;2026;0
Ordinær kvote;USN;Hovedopptak;222 637;Tegning - bilde og form;Notodden;ESTETISK;2026;0
Førstegangsvitnemålskvote;USN;Suppleringsopptak;222 637;Tegning - bilde og form;Notodden;ESTETISK;2026;0
Ordinær kvote;USN;Suppleringsopptak;222 637;Tegning - bilde og form;Notodden;ESTETISK;2026;0
Førstegangsvitnemålskvote;OSLOMET;Hovedopptak;215 221;Tegnspråk;Oslo;SPRÅK;2026;0
Ordinær kvote;OSLOMET;Hovedopptak;215 221;Tegnspråk;Oslo;SPRÅK;2026;47
Førstegangsvitnemålskvote;OSLOMET;Suppleringsopptak;215 221;Tegnspråk;Oslo;SPRÅK;2026;0
Ordinær kvote;OSLOMET;Suppleringsopptak;215 221;Tegnspråk;Oslo;SPRÅK;2026;0
Førstegangsvitnemålskvote;HVL;Hovedopptak;203 466;Tegnspråk og tolking;Bergen;SPRÅK;2026;0
Ordinær kvote;HVL;Hovedopptak;203 466;Tegnspråk og tolking;Bergen;SPRÅK;2026;0
Førstegangsvitnemålskvote;HVL;Suppleringsopptak;203 466;Tegnspråk og tolking;Bergen;SPRÅK;2026;0
Ordinær kvote;HVL;Suppleringsopptak;203 466;Tegnspråk og tolking;Bergen;SPRÅK;2026;0
Førstegangsvitnemålskvote;NMBU;Hovedopptak;192 766;Teknologi og produktutvikling;Ås;TEKNO - SIVING;2026;45.6
Ordinær kvote;NMBU;Hovedopptak;192 766;Teknologi og produktutvikling;Ås;TEKNO - SIVING;2026;47.8
Førstegangsvitnemålskvote;NMBU;Suppleringsopptak;192 766;Teknologi og produktutvikling;Ås;TEKNO - SIVING;2026;44.9
Ordinær kvote;NMBU;Suppleringsopptak;192 766;Teknologi og produktutvikling;Ås;TEKNO - SIVING;2026;43.8
Førstegangsvitnemålskvote;FIH;Hovedopptak;258 652;Teologi;Oslo;HISTORIE;2026;0
Ordinær kvote;FIH;Hovedopptak;258 652;Teologi;Oslo;HISTORIE;2026;0
Førstegangsvitnemålskvote;FIH;Suppleringsopptak;258 652;Teologi;Oslo;HISTORIE;2026;0
Ordinær kvote;FIH;Suppleringsopptak;258 652;Teologi;Oslo;HISTORIE;2026;0
Førstegangsvitnemålskvote;FIH;Hovedopptak;258 480;Teologi og misjon;Oslo;HISTORIE;2026;0
Ordinær kvote;FIH;Hovedopptak;258 480;Teologi og misjon;Oslo;HISTORIE;2026;0
Førstegangsvitnemålskvote;FIH;Suppleringsopptak;258 480;Teologi og misjon;Oslo;HISTORIE;2026;0
Ordinær kvote;FIH;Suppleringsopptak;258 480;Teologi og misjon;Oslo;HISTORIE;2026;0
Førstegangsvitnemålskvote;FIH;Hovedopptak;258 929;Teologi og misjon, samlingsbasert;Oslo;HISTORIE;2026;0
Ordinær kvote;FIH;Hovedopptak;258 929;Teologi og misjon, samlingsbasert;Oslo;HISTORIE;2026;0
Førstegangsvitnemålskvote;FIH;Suppleringsopptak;258 929;Teologi og misjon, samlingsbasert;Oslo;HISTORIE;2026;0
Ordinær kvote;FIH;Suppleringsopptak;258 929;Teologi og misjon, samlingsbasert;Oslo;HISTORIE;2026;0
Førstegangsvitnemålskvote;FIH;Hovedopptak;258 539;Teologi og sjelesorg;Oslo;HISTORIE;2026;0
Ordinær kvote;FIH;Hovedopptak;258 539;Teologi og sjelesorg;Oslo;HISTORIE;2026;0
Førstegangsvitnemålskvote;FIH;Suppleringsopptak;258 539;Teologi og sjelesorg;Oslo;HISTORIE;2026;0
Ordinær kvote;FIH;Suppleringsopptak;258 539;Teologi og sjelesorg;Oslo;HISTORIE;2026;0
Førstegangsvitnemålskvote;FIH;Hovedopptak;258 542;Teologi og tjeneste;Oslo;HISTORIE;2026;0
Ordinær kvote;FIH;Hovedopptak;258 542;Teologi og tjeneste;Oslo;HISTORIE;2026;0
Førstegangsvitnemålskvote;FIH;Suppleringsopptak;258 542;Teologi og tjeneste;Oslo;HISTORIE;2026;0
Ordinær kvote;FIH;Suppleringsopptak;258 542;Teologi og tjeneste;Oslo;HISTORIE;2026;0
Førstegangsvitnemålskvote;AHS;Hovedopptak;255 195;Teologi, årsstudium;Kristiansand;HISTORIE;2026;0
Ordinær kvote;AHS;Hovedopptak;255 195;Teologi, årsstudium;Kristiansand;HISTORIE;2026;0
Førstegangsvitnemålskvote;AHS;Suppleringsopptak;255 195;Teologi, årsstudium;Kristiansand;HISTORIE;2026;0
Ordinær kvote;AHS;Suppleringsopptak;255 195;Teologi, årsstudium;Kristiansand;HISTORIE;2026;0
Førstegangsvitnemålskvote;MF;Hovedopptak;190 196;Teologi, årsstudium;Oslo;HISTORIE;2026;0
Ordinær kvote;MF;Hovedopptak;190 196;Teologi, årsstudium;Oslo;HISTORIE;2026;0
Førstegangsvitnemålskvote;MF;Suppleringsopptak;190 196;Teologi, årsstudium;Oslo;HISTORIE;2026;0
Ordinær kvote;MF;Suppleringsopptak;190 196;Teologi, årsstudium;Oslo;HISTORIE;2026;0
Førstegangsvitnemålskvote;AHS;Hovedopptak;255 480;Teologi, bachelor;Kristiansand;HISTORIE;2026;0
Ordinær kvote;AHS;Hovedopptak;255 480;Teologi, bachelor;Kristiansand;HISTORIE;2026;0
Førstegangsvitnemålskvote;AHS;Suppleringsopptak;255 480;Teologi, bachelor;Kristiansand;HISTORIE;2026;0
Ordinær kvote;AHS;Suppleringsopptak;255 480;Teologi, bachelor;Kristiansand;HISTORIE;2026;0
Førstegangsvitnemålskvote;MF;Hovedopptak;190 936;Teologi, bachelor;Oslo;HISTORIE;2026;0
Førstegangsvitnemålskvote;UIO;Hovedopptak;185 480;Teologi, bachelor;Oslo;HISTORIE;2026;0
Ordinær kvote;MF;Hovedopptak;190 936;Teologi, bachelor;Oslo;HISTORIE;2026;0
Ordinær kvote;UIO;Hovedopptak;185 480;Teologi, bachelor;Oslo;HISTORIE;2026;0
Førstegangsvitnemålskvote;MF;Suppleringsopptak;190 936;Teologi, bachelor;Oslo;HISTORIE;2026;0
Førstegangsvitnemålskvote;UIO;Suppleringsopptak;185 480;Teologi, bachelor;Oslo;HISTORIE;2026;0
Ordinær kvote;MF;Suppleringsopptak;190 936;Teologi, bachelor;Oslo;HISTORIE;2026;0
Ordinær kvote;UIO;Suppleringsopptak;185 480;Teologi, bachelor;Oslo;HISTORIE;2026;0
Førstegangsvitnemålskvote;VID;Hovedopptak;251 480;Teologi, bachelor;Stavanger;HISTORIE;2026;0
Ordinær kvote;VID;Hovedopptak;251 480;Teologi, bachelor;Stavanger;HISTORIE;2026;0
Førstegangsvitnemålskvote;VID;Suppleringsopptak;251 480;Teologi, bachelor;Stavanger;HISTORIE;2026;0
Ordinær kvote;VID;Suppleringsopptak;251 480;Teologi, bachelor;Stavanger;HISTORIE;2026;0
Førstegangsvitnemålskvote;NLA;Hovedopptak;254 480;Teologi, Bergen, bachelor;Bergen;HISTORIE;2026;0
Ordinær kvote;NLA;Hovedopptak;254 480;Teologi, Bergen, bachelor;Bergen;HISTORIE;2026;0
Førstegangsvitnemålskvote;NLA;Suppleringsopptak;254 480;Teologi, Bergen, bachelor;Bergen;HISTORIE;2026;0
Ordinær kvote;NLA;Suppleringsopptak;254 480;Teologi, Bergen, bachelor;Bergen;HISTORIE;2026;0
Førstegangsvitnemålskvote;NLA;Hovedopptak;254 771;Teologi, Bergen, profesjonsstudium;Bergen;HISTORIE;2026;0
Ordinær kvote;NLA;Hovedopptak;254 771;Teologi, Bergen, profesjonsstudium;Bergen;HISTORIE;2026;0
Førstegangsvitnemålskvote;NLA;Suppleringsopptak;254 771;Teologi, Bergen, profesjonsstudium;Bergen;HISTORIE;2026;0
Ordinær kvote;NLA;Suppleringsopptak;254 771;Teologi, Bergen, profesjonsstudium;Bergen;HISTORIE;2026;0
Førstegangsvitnemålskvote;AHS;Hovedopptak;255 536;Teologi, deltid;Kristiansand;HISTORIE;2026;0
Ordinær kvote;AHS;Hovedopptak;255 536;Teologi, deltid;Kristiansand;HISTORIE;2026;0
Førstegangsvitnemålskvote;AHS;Suppleringsopptak;255 536;Teologi, deltid;Kristiansand;HISTORIE;2026;0
Ordinær kvote;AHS;Suppleringsopptak;255 536;Teologi, deltid;Kristiansand;HISTORIE;2026;0
Førstegangsvitnemålskvote;FIH;Hovedopptak;258 653;Teologi, deltid;Oslo;HISTORIE;2026;0
Ordinær kvote;FIH;Hovedopptak;258 653;Teologi, deltid;Oslo;HISTORIE;2026;0
Førstegangsvitnemålskvote;FIH;Suppleringsopptak;258 653;Teologi, deltid;Oslo;HISTORIE;2026;0
Ordinær kvote;FIH;Suppleringsopptak;258 653;Teologi, deltid;Oslo;HISTORIE;2026;0
Førstegangsvitnemålskvote;FIH;Hovedopptak;258 936;Teologi, formidling og ledelse;Oslo;HISTORIE;2026;0
Ordinær kvote;FIH;Hovedopptak;258 936;Teologi, formidling og ledelse;Oslo;HISTORIE;2026;0
Førstegangsvitnemålskvote;FIH;Suppleringsopptak;258 936;Teologi, formidling og ledelse;Oslo;HISTORIE;2026;0
Ordinær kvote;FIH;Suppleringsopptak;258 936;Teologi, formidling og ledelse;Oslo;HISTORIE;2026;0
Førstegangsvitnemålskvote;NLA;Hovedopptak;254 546;Teologi, Kristiansand, bachelor;Kristiansand;HISTORIE;2026;0
Ordinær kvote;NLA;Hovedopptak;254 546;Teologi, Kristiansand, bachelor;Kristiansand;HISTORIE;2026;0
Førstegangsvitnemålskvote;NLA;Suppleringsopptak;254 546;Teologi, Kristiansand, bachelor;Kristiansand;HISTORIE;2026;0
Ordinær kvote;NLA;Suppleringsopptak;254 546;Teologi, Kristiansand, bachelor;Kristiansand;HISTORIE;2026;0
Førstegangsvitnemålskvote;MF;Hovedopptak;190 480;Teologi, profesjonsstudium;Oslo;HISTORIE;2026;0
Førstegangsvitnemålskvote;UIO;Hovedopptak;185 771;Teologi, profesjonsstudium;Oslo;HISTORIE;2026;0
Ordinær kvote;MF;Hovedopptak;190 480;Teologi, profesjonsstudium;Oslo;HISTORIE;2026;0
Ordinær kvote;UIO;Hovedopptak;185 771;Teologi, profesjonsstudium;Oslo;HISTORIE;2026;0
Førstegangsvitnemålskvote;MF;Suppleringsopptak;190 480;Teologi, profesjonsstudium;Oslo;HISTORIE;2026;0
Førstegangsvitnemålskvote;UIO;Suppleringsopptak;185 771;Teologi, profesjonsstudium;Oslo;HISTORIE;2026;0
Ordinær kvote;MF;Suppleringsopptak;190 480;Teologi, profesjonsstudium;Oslo;HISTORIE;2026;0
Ordinær kvote;UIO;Suppleringsopptak;185 771;Teologi, profesjonsstudium;Oslo;HISTORIE;2026;0
Førstegangsvitnemålskvote;VID;Hovedopptak;251 771;Teologi, profesjonsstudium;Stavanger;HISTORIE;2026;0
Ordinær kvote;VID;Hovedopptak;251 771;Teologi, profesjonsstudium;Stavanger;HISTORIE;2026;0
Førstegangsvitnemålskvote;VID;Suppleringsopptak;251 771;Teologi, profesjonsstudium;Stavanger;HISTORIE;2026;0
Ordinær kvote;VID;Suppleringsopptak;251 771;Teologi, profesjonsstudium;Stavanger;HISTORIE;2026;0
Førstegangsvitnemålskvote;NLA;Hovedopptak;254 542;Teologi, Trondheim, årsstudium;Trondheim;HISTORIE;2026;0
Ordinær kvote;NLA;Hovedopptak;254 542;Teologi, Trondheim, årsstudium;Trondheim;HISTORIE;2026;0
Førstegangsvitnemålskvote;NLA;Suppleringsopptak;254 542;Teologi, Trondheim, årsstudium;Trondheim;HISTORIE;2026;0
Ordinær kvote;NLA;Suppleringsopptak;254 542;Teologi, Trondheim, årsstudium;Trondheim;HISTORIE;2026;0
Førstegangsvitnemålskvote;NLA;Hovedopptak;254 552;Teologi, Trondheim, bachelor;Trondheim;HISTORIE;2026;0
Ordinær kvote;NLA;Hovedopptak;254 552;Teologi, Trondheim, bachelor;Trondheim;HISTORIE;2026;0
Førstegangsvitnemålskvote;NLA;Suppleringsopptak;254 552;Teologi, Trondheim, bachelor;Trondheim;HISTORIE;2026;0
Ordinær kvote;NLA;Suppleringsopptak;254 552;Teologi, Trondheim, bachelor;Trondheim;HISTORIE;2026;0
Førstegangsvitnemålskvote;UIS;Hovedopptak;217 906;Toll, vareførsel og grensekontroll;Stavanger;JUS;2026;48.9
Ordinær kvote;UIS;Hovedopptak;217 906;Toll, vareførsel og grensekontroll;Stavanger;JUS;2026;55.7
Førstegangsvitnemålskvote;UIS;Suppleringsopptak;217 906;Toll, vareførsel og grensekontroll;Stavanger;JUS;2026;48.9
Ordinær kvote;UIS;Suppleringsopptak;217 906;Toll, vareførsel og grensekontroll;Stavanger;JUS;2026;55.7
Førstegangsvitnemålskvote;UIS;Hovedopptak;217 350;Toll, vareførsel og grensekontroll, praksis i nord;Stavanger;JUS;2026;51.1
Ordinær kvote;UIS;Hovedopptak;217 350;Toll, vareførsel og grensekontroll, praksis i nord;Stavanger;JUS;2026;55.7
Førstegangsvitnemålskvote;UIS;Suppleringsopptak;217 350;Toll, vareførsel og grensekontroll, praksis i nord;Stavanger;JUS;2026;48.8
Ordinær kvote;UIS;Suppleringsopptak;217 350;Toll, vareførsel og grensekontroll, praksis i nord;Stavanger;JUS;2026;55.7
Ordinær kvote;NTNU;Hovedopptak;194 033;Tradisjonelt bygghandverk, deltid;Trondheim;TEKNO - ANNET;2026;0
Ordinær kvote;NTNU;Suppleringsopptak;194 033;Tradisjonelt bygghandverk, deltid;Trondheim;TEKNO - ANNET;2026;0
Førstegangsvitnemålskvote;USN;Hovedopptak;222 628;Tradisjonskunst: tre, metall eller tekstilhåndverk, årsstudium;Vinje;ESTETISK;2026;0
Ordinær kvote;USN;Hovedopptak;222 628;Tradisjonskunst: tre, metall eller tekstilhåndverk, årsstudium;Vinje;ESTETISK;2026;0
Førstegangsvitnemålskvote;USN;Suppleringsopptak;222 628;Tradisjonskunst: tre, metall eller tekstilhåndverk, årsstudium;Vinje;ESTETISK;2026;0
Ordinær kvote;USN;Suppleringsopptak;222 628;Tradisjonskunst: tre, metall eller tekstilhåndverk, årsstudium;Vinje;ESTETISK;2026;0
Førstegangsvitnemålskvote;USN;Hovedopptak;222 442;Tradisjonskunst: tre, metall eller tekstilhåndverk, bachelor;Vinje;ESTETISK;2026;0
Ordinær kvote;USN;Hovedopptak;222 442;Tradisjonskunst: tre, metall eller tekstilhåndverk, bachelor;Vinje;ESTETISK;2026;0
Førstegangsvitnemålskvote;USN;Suppleringsopptak;222 442;Tradisjonskunst: tre, metall eller tekstilhåndverk, bachelor;Vinje;ESTETISK;2026;0
Ordinær kvote;USN;Suppleringsopptak;222 442;Tradisjonskunst: tre, metall eller tekstilhåndverk, bachelor;Vinje;ESTETISK;2026;0
Ordinær kvote;NORD;Hovedopptak;204 696;Trafikklærer;Stjørdal;LÆRER - ANNET;2026;43
Ordinær kvote;NORD;Suppleringsopptak;204 696;Trafikklærer;Stjørdal;LÆRER - ANNET;2026;41.6
Førstegangsvitnemålskvote;NIH;Hovedopptak;150 489;Trenerrollen og idrettspsykologi;Oslo;IDRETT;2026;47
Ordinær kvote;NIH;Hovedopptak;150 489;Trenerrollen og idrettspsykologi;Oslo;IDRETT;2026;51.7
Førstegangsvitnemålskvote;NIH;Suppleringsopptak;150 489;Trenerrollen og idrettspsykologi;Oslo;IDRETT;2026;47
Ordinær kvote;NIH;Suppleringsopptak;150 489;Trenerrollen og idrettspsykologi;Oslo;IDRETT;2026;51.7
Førstegangsvitnemålskvote;USN;Hovedopptak;222 465;Trening, ernæring og helse, Bø;Midt-Telemark;IDRETT;2026;0
Ordinær kvote;USN;Hovedopptak;222 465;Trening, ernæring og helse, Bø;Midt-Telemark;IDRETT;2026;0
Førstegangsvitnemålskvote;USN;Suppleringsopptak;222 465;Trening, ernæring og helse, Bø;Midt-Telemark;IDRETT;2026;0
Ordinær kvote;USN;Suppleringsopptak;222 465;Trening, ernæring og helse, Bø;Midt-Telemark;IDRETT;2026;0
Førstegangsvitnemålskvote;USN;Hovedopptak;222 203;Trening, ernæring og helse, Vestfold;Horten;IDRETT;2026;0
Ordinær kvote;USN;Hovedopptak;222 203;Trening, ernæring og helse, Vestfold;Horten;IDRETT;2026;0
Førstegangsvitnemålskvote;USN;Suppleringsopptak;222 203;Trening, ernæring og helse, Vestfold;Horten;IDRETT;2026;0
Ordinær kvote;USN;Suppleringsopptak;222 203;Trening, ernæring og helse, Vestfold;Horten;IDRETT;2026;0
Førstegangsvitnemålskvote;NORD;Hovedopptak;204 952;Trening, helse og prestasjon;Bodø;IDRETT;2026;0
Ordinær kvote;NORD;Hovedopptak;204 952;Trening, helse og prestasjon;Bodø;IDRETT;2026;0
Førstegangsvitnemålskvote;NORD;Suppleringsopptak;204 952;Trening, helse og prestasjon;Bodø;IDRETT;2026;0
Ordinær kvote;NORD;Suppleringsopptak;204 952;Trening, helse og prestasjon;Bodø;IDRETT;2026;0
Førstegangsvitnemålskvote;NIH;Hovedopptak;150 485;Trening, helse og prestasjon;Oslo;IDRETT;2026;44.5
Ordinær kvote;NIH;Hovedopptak;150 485;Trening, helse og prestasjon;Oslo;IDRETT;2026;48.2
Førstegangsvitnemålskvote;NIH;Suppleringsopptak;150 485;Trening, helse og prestasjon;Oslo;IDRETT;2026;43.1
Ordinær kvote;NIH;Suppleringsopptak;150 485;Trening, helse og prestasjon;Oslo;IDRETT;2026;46.7
Førstegangsvitnemålskvote;UIT;Hovedopptak;186 486;Trening, prestasjon og helse;Tromsø;IDRETT;2026;0
Ordinær kvote;UIT;Hovedopptak;186 486;Trening, prestasjon og helse;Tromsø;IDRETT;2026;0
Førstegangsvitnemålskvote;UIT;Suppleringsopptak;186 486;Trening, prestasjon og helse;Tromsø;IDRETT;2026;0
Ordinær kvote;UIT;Suppleringsopptak;186 486;Trening, prestasjon og helse;Tromsø;IDRETT;2026;0
Førstegangsvitnemålskvote;UIT;Hovedopptak;186 185;Trening, prestasjon og helse, personlig trener;Tromsø;IDRETT;2026;0
Ordinær kvote;UIT;Hovedopptak;186 185;Trening, prestasjon og helse, personlig trener;Tromsø;IDRETT;2026;0
Førstegangsvitnemålskvote;UIT;Suppleringsopptak;186 185;Trening, prestasjon og helse, personlig trener;Tromsø;IDRETT;2026;0
Ordinær kvote;UIT;Suppleringsopptak;186 185;Trening, prestasjon og helse, personlig trener;Tromsø;IDRETT;2026;0
Førstegangsvitnemålskvote;UIO;Hovedopptak;185 222;Tverrfaglige kjønnsstudier, årsstudium;Oslo;SAMFUNN;2026;49.1
Ordinær kvote;UIO;Hovedopptak;185 222;Tverrfaglige kjønnsstudier, årsstudium;Oslo;SAMFUNN;2026;64.9
Førstegangsvitnemålskvote;UIO;Suppleringsopptak;185 222;Tverrfaglige kjønnsstudier, årsstudium;Oslo;SAMFUNN;2026;0
Ordinær kvote;UIO;Suppleringsopptak;185 222;Tverrfaglige kjønnsstudier, årsstudium;Oslo;SAMFUNN;2026;61.3
Førstegangsvitnemålskvote;UIO;Hovedopptak;185 873;Tverrfaglige kjønnsstudier, bachelor;Oslo;SAMFUNN;2026;0
Ordinær kvote;UIO;Hovedopptak;185 873;Tverrfaglige kjønnsstudier, bachelor;Oslo;SAMFUNN;2026;0
Førstegangsvitnemålskvote;UIO;Suppleringsopptak;185 873;Tverrfaglige kjønnsstudier, bachelor;Oslo;SAMFUNN;2026;0
Ordinær kvote;UIO;Suppleringsopptak;185 873;Tverrfaglige kjønnsstudier, bachelor;Oslo;SAMFUNN;2026;0
Førstegangsvitnemålskvote;HIØ;Hovedopptak;224 244;Tysk;Halden;SPRÅK;2026;0
Ordinær kvote;HIØ;Hovedopptak;224 244;Tysk;Halden;SPRÅK;2026;0
Førstegangsvitnemålskvote;HIØ;Suppleringsopptak;224 244;Tysk;Halden;SPRÅK;2026;0
Ordinær kvote;HIØ;Suppleringsopptak;224 244;Tysk;Halden;SPRÅK;2026;0
Førstegangsvitnemålskvote;UIO;Hovedopptak;185 892;Tysk og økonomi;Oslo;SPRÅK;2026;0
Ordinær kvote;UIO;Hovedopptak;185 892;Tysk og økonomi;Oslo;SPRÅK;2026;0
Førstegangsvitnemålskvote;UIO;Suppleringsopptak;185 892;Tysk og økonomi;Oslo;SPRÅK;2026;0
Ordinær kvote;UIO;Suppleringsopptak;185 892;Tysk og økonomi;Oslo;SPRÅK;2026;0
Førstegangsvitnemålskvote;UIO;Hovedopptak;185 890;Tysk og samfunnsvitenskap;Oslo;SPRÅK;2026;0
Ordinær kvote;UIO;Hovedopptak;185 890;Tysk og samfunnsvitenskap;Oslo;SPRÅK;2026;0
Førstegangsvitnemålskvote;UIO;Suppleringsopptak;185 890;Tysk og samfunnsvitenskap;Oslo;SPRÅK;2026;0
Ordinær kvote;UIO;Suppleringsopptak;185 890;Tysk og samfunnsvitenskap;Oslo;SPRÅK;2026;0
Førstegangsvitnemålskvote;UIB;Hovedopptak;184 244;Tysk, årsstudium;Bergen;SPRÅK;2026;0
Ordinær kvote;UIB;Hovedopptak;184 244;Tysk, årsstudium;Bergen;SPRÅK;2026;0
Førstegangsvitnemålskvote;UIB;Suppleringsopptak;184 244;Tysk, årsstudium;Bergen;SPRÅK;2026;0
Ordinær kvote;UIB;Suppleringsopptak;184 244;Tysk, årsstudium;Bergen;SPRÅK;2026;0
Førstegangsvitnemålskvote;UIO;Hovedopptak;185 690;Tysk, årsstudium;Oslo;SPRÅK;2026;0
Ordinær kvote;UIO;Hovedopptak;185 690;Tysk, årsstudium;Oslo;SPRÅK;2026;0
Førstegangsvitnemålskvote;UIO;Suppleringsopptak;185 690;Tysk, årsstudium;Oslo;SPRÅK;2026;0
Ordinær kvote;UIO;Suppleringsopptak;185 690;Tysk, årsstudium;Oslo;SPRÅK;2026;0
Førstegangsvitnemålskvote;NTNU;Hovedopptak;194 244;Tysk, årsstudium;Trondheim;SPRÅK;2026;0
Ordinær kvote;NTNU;Hovedopptak;194 244;Tysk, årsstudium;Trondheim;SPRÅK;2026;0
Førstegangsvitnemålskvote;NTNU;Suppleringsopptak;194 244;Tysk, årsstudium;Trondheim;SPRÅK;2026;0
Ordinær kvote;NTNU;Suppleringsopptak;194 244;Tysk, årsstudium;Trondheim;SPRÅK;2026;0
Førstegangsvitnemålskvote;UIB;Hovedopptak;184 890;Tysk, bachelor;Bergen;SPRÅK;2026;0
Ordinær kvote;UIB;Hovedopptak;184 890;Tysk, bachelor;Bergen;SPRÅK;2026;0
Førstegangsvitnemålskvote;UIB;Suppleringsopptak;184 890;Tysk, bachelor;Bergen;SPRÅK;2026;0
Ordinær kvote;UIB;Suppleringsopptak;184 890;Tysk, bachelor;Bergen;SPRÅK;2026;0
Førstegangsvitnemålskvote;UIO;Hovedopptak;185 795;Tysk, bachelor;Oslo;SPRÅK;2026;0
Ordinær kvote;UIO;Hovedopptak;185 795;Tysk, bachelor;Oslo;SPRÅK;2026;0
Førstegangsvitnemålskvote;UIO;Suppleringsopptak;185 795;Tysk, bachelor;Oslo;SPRÅK;2026;0
Ordinær kvote;UIO;Suppleringsopptak;185 795;Tysk, bachelor;Oslo;SPRÅK;2026;0
Førstegangsvitnemålskvote;NTNU;Hovedopptak;194 890;Tysk, bachelor;Trondheim;SPRÅK;2026;0
Ordinær kvote;NTNU;Hovedopptak;194 890;Tysk, bachelor;Trondheim;SPRÅK;2026;0
Førstegangsvitnemålskvote;NTNU;Suppleringsopptak;194 890;Tysk, bachelor;Trondheim;SPRÅK;2026;0
Ordinær kvote;NTNU;Suppleringsopptak;194 890;Tysk, bachelor;Trondheim;SPRÅK;2026;0
Førstegangsvitnemålskvote;HIØ;Hovedopptak;224 690;Tysk, deltid;Halden;SPRÅK;2026;0
Ordinær kvote;HIØ;Hovedopptak;224 690;Tysk, deltid;Halden;SPRÅK;2026;0
Førstegangsvitnemålskvote;HIØ;Suppleringsopptak;224 690;Tysk, deltid;Halden;SPRÅK;2026;0
Ordinær kvote;HIØ;Suppleringsopptak;224 690;Tysk, deltid;Halden;SPRÅK;2026;0
Førstegangsvitnemålskvote;USN;Hovedopptak;222 568;Ungdomsarbeid og fritidspedagogikk;Horten;PEDFAG;2026;0
Ordinær kvote;USN;Hovedopptak;222 568;Ungdomsarbeid og fritidspedagogikk;Horten;PEDFAG;2026;0
Førstegangsvitnemålskvote;USN;Suppleringsopptak;222 568;Ungdomsarbeid og fritidspedagogikk;Horten;PEDFAG;2026;0
Ordinær kvote;USN;Suppleringsopptak;222 568;Ungdomsarbeid og fritidspedagogikk;Horten;PEDFAG;2026;0
Førstegangsvitnemålskvote;INN;Hovedopptak;209 323;Utmarksforvaltning;Stor-Elvdal;LANDOGHAVBRUK;2026;0
Ordinær kvote;INN;Hovedopptak;209 323;Utmarksforvaltning;Stor-Elvdal;LANDOGHAVBRUK;2026;0
Førstegangsvitnemålskvote;INN;Suppleringsopptak;209 323;Utmarksforvaltning;Stor-Elvdal;LANDOGHAVBRUK;2026;0
Ordinær kvote;INN;Suppleringsopptak;209 323;Utmarksforvaltning;Stor-Elvdal;LANDOGHAVBRUK;2026;0
Førstegangsvitnemålskvote;NLA;Hovedopptak;254 777;Utøvende musikk, fordypning i låtskriving;Oslo;ESTETISK;2026;-1
Ordinær kvote;NLA;Hovedopptak;254 777;Utøvende musikk, fordypning i låtskriving;Oslo;ESTETISK;2026;-1
Førstegangsvitnemålskvote;NLA;Suppleringsopptak;254 777;Utøvende musikk, fordypning i låtskriving;Oslo;ESTETISK;2026;-1
Ordinær kvote;NLA;Suppleringsopptak;254 777;Utøvende musikk, fordypning i låtskriving;Oslo;ESTETISK;2026;-1
Førstegangsvitnemålskvote;NLA;Hovedopptak;254 648;Utøvende musikk,  musikkformidling og produksjon;Oslo;ESTETISK;2026;-1
Ordinær kvote;NLA;Hovedopptak;254 648;Utøvende musikk,  musikkformidling og produksjon;Oslo;ESTETISK;2026;-1
Førstegangsvitnemålskvote;NLA;Suppleringsopptak;254 648;Utøvende musikk,  musikkformidling og produksjon;Oslo;ESTETISK;2026;-1
Ordinær kvote;NLA;Suppleringsopptak;254 648;Utøvende musikk,  musikkformidling og produksjon;Oslo;ESTETISK;2026;-1
Førstegangsvitnemålskvote;UIO;Hovedopptak;185 883;Utviklingsstudier og bærekraft;Oslo;SAMFUNN;2026;42.2
Ordinær kvote;UIO;Hovedopptak;185 883;Utviklingsstudier og bærekraft;Oslo;SAMFUNN;2026;51.4
Førstegangsvitnemålskvote;UIO;Suppleringsopptak;185 883;Utviklingsstudier og bærekraft;Oslo;SAMFUNN;2026;42.2
Ordinær kvote;UIO;Suppleringsopptak;185 883;Utviklingsstudier og bærekraft;Oslo;SAMFUNN;2026;51.4
Førstegangsvitnemålskvote;OSLOMET;Hovedopptak;215 691;Utviklingsstudier, årsstudium;Oslo;SAMFUNN;2026;0
Ordinær kvote;OSLOMET;Hovedopptak;215 691;Utviklingsstudier, årsstudium;Oslo;SAMFUNN;2026;0
Førstegangsvitnemålskvote;OSLOMET;Suppleringsopptak;215 691;Utviklingsstudier, årsstudium;Oslo;SAMFUNN;2026;0
Ordinær kvote;OSLOMET;Suppleringsopptak;215 691;Utviklingsstudier, årsstudium;Oslo;SAMFUNN;2026;0
Førstegangsvitnemålskvote;OSLOMET;Hovedopptak;215 484;Utviklingsstudier, bachelor;Oslo;SAMFUNN;2026;0
Ordinær kvote;OSLOMET;Hovedopptak;215 484;Utviklingsstudier, bachelor;Oslo;SAMFUNN;2026;0
Førstegangsvitnemålskvote;OSLOMET;Suppleringsopptak;215 484;Utviklingsstudier, bachelor;Oslo;SAMFUNN;2026;0
Ordinær kvote;OSLOMET;Suppleringsopptak;215 484;Utviklingsstudier, bachelor;Oslo;SAMFUNN;2026;0
Førstegangsvitnemålskvote;NMBU;Hovedopptak;192 809;Vann- og miljøteknikk;Ås;TEKNO - SIVING;2026;0
Ordinær kvote;NMBU;Hovedopptak;192 809;Vann- og miljøteknikk;Ås;TEKNO - SIVING;2026;0
Førstegangsvitnemålskvote;NMBU;Suppleringsopptak;192 809;Vann- og miljøteknikk;Ås;TEKNO - SIVING;2026;0
Ordinær kvote;NMBU;Suppleringsopptak;192 809;Vann- og miljøteknikk;Ås;TEKNO - SIVING;2026;0
Førstegangsvitnemålskvote;VID;Hovedopptak;251 162;Verdibasert ledelse og administrasjon ;Stavanger;HISTORIE;2026;0
Ordinær kvote;VID;Hovedopptak;251 162;Verdibasert ledelse og administrasjon ;Stavanger;HISTORIE;2026;46.5
Førstegangsvitnemålskvote;VID;Suppleringsopptak;251 162;Verdibasert ledelse og administrasjon ;Stavanger;HISTORIE;2026;0
Ordinær kvote;VID;Suppleringsopptak;251 162;Verdibasert ledelse og administrasjon ;Stavanger;HISTORIE;2026;46.4
Førstegangsvitnemålskvote;HIØ;Hovedopptak;224 060;Vernepleie;Fredrikstad;HELSEFAG - VERNEPL;2026;0
Ordinær kvote;HIØ;Hovedopptak;224 060;Vernepleie;Fredrikstad;HELSEFAG - VERNEPL;2026;42.6
Førstegangsvitnemålskvote;HIØ;Suppleringsopptak;224 060;Vernepleie;Fredrikstad;HELSEFAG - VERNEPL;2026;0
Ordinær kvote;HIØ;Suppleringsopptak;224 060;Vernepleie;Fredrikstad;HELSEFAG - VERNEPL;2026;42.6
Førstegangsvitnemålskvote;UIA;Hovedopptak;201 060;Vernepleie;Grimstad;HELSEFAG - VERNEPL;2026;43
Ordinær kvote;UIA;Hovedopptak;201 060;Vernepleie;Grimstad;HELSEFAG - VERNEPL;2026;49.4
Førstegangsvitnemålskvote;UIA;Suppleringsopptak;201 060;Vernepleie;Grimstad;HELSEFAG - VERNEPL;2026;43
Ordinær kvote;UIA;Suppleringsopptak;201 060;Vernepleie;Grimstad;HELSEFAG - VERNEPL;2026;49.4
Førstegangsvitnemålskvote;UIT;Hovedopptak;186 060;Vernepleie;Harstad;HELSEFAG - VERNEPL;2026;0
Ordinær kvote;UIT;Hovedopptak;186 060;Vernepleie;Harstad;HELSEFAG - VERNEPL;2026;0
Førstegangsvitnemålskvote;UIT;Suppleringsopptak;186 060;Vernepleie;Harstad;HELSEFAG - VERNEPL;2026;0
Ordinær kvote;UIT;Suppleringsopptak;186 060;Vernepleie;Harstad;HELSEFAG - VERNEPL;2026;0
Førstegangsvitnemålskvote;INN;Hovedopptak;209 060;Vernepleie;Lillehammer;HELSEFAG - VERNEPL;2026;32.3
Ordinær kvote;INN;Hovedopptak;209 060;Vernepleie;Lillehammer;HELSEFAG - VERNEPL;2026;42.1
Førstegangsvitnemålskvote;INN;Suppleringsopptak;209 060;Vernepleie;Lillehammer;HELSEFAG - VERNEPL;2026;31.3
Ordinær kvote;INN;Suppleringsopptak;209 060;Vernepleie;Lillehammer;HELSEFAG - VERNEPL;2026;42.1
Førstegangsvitnemålskvote;OSLOMET;Hovedopptak;215 060;Vernepleie;Lillestrøm;HELSEFAG - VERNEPL;2026;33.3
Ordinær kvote;OSLOMET;Hovedopptak;215 060;Vernepleie;Lillestrøm;HELSEFAG - VERNEPL;2026;46.4
Førstegangsvitnemålskvote;OSLOMET;Suppleringsopptak;215 060;Vernepleie;Lillestrøm;HELSEFAG - VERNEPL;2026;32.6
Ordinær kvote;OSLOMET;Suppleringsopptak;215 060;Vernepleie;Lillestrøm;HELSEFAG - VERNEPL;2026;45.8
Førstegangsvitnemålskvote;HIM;Hovedopptak;211 060;Vernepleie;Molde;HELSEFAG - VERNEPL;2026;0
Ordinær kvote;HIM;Hovedopptak;211 060;Vernepleie;Molde;HELSEFAG - VERNEPL;2026;0
Førstegangsvitnemålskvote;HIM;Suppleringsopptak;211 060;Vernepleie;Molde;HELSEFAG - VERNEPL;2026;0
Ordinær kvote;HIM;Suppleringsopptak;211 060;Vernepleie;Molde;HELSEFAG - VERNEPL;2026;0
Førstegangsvitnemålskvote;USN;Hovedopptak;222 060;Vernepleie;Porsgrunn;HELSEFAG - VERNEPL;2026;0
Ordinær kvote;USN;Hovedopptak;222 060;Vernepleie;Porsgrunn;HELSEFAG - VERNEPL;2026;43.3
Førstegangsvitnemålskvote;USN;Suppleringsopptak;222 060;Vernepleie;Porsgrunn;HELSEFAG - VERNEPL;2026;0
Ordinær kvote;USN;Suppleringsopptak;222 060;Vernepleie;Porsgrunn;HELSEFAG - VERNEPL;2026;43.2
Førstegangsvitnemålskvote;VID;Hovedopptak;251 060;Vernepleie;Stavanger;HELSEFAG - VERNEPL;2026;37
Ordinær kvote;VID;Hovedopptak;251 060;Vernepleie;Stavanger;HELSEFAG - VERNEPL;2026;39.3
Førstegangsvitnemålskvote;VID;Suppleringsopptak;251 060;Vernepleie;Stavanger;HELSEFAG - VERNEPL;2026;37
Ordinær kvote;VID;Suppleringsopptak;251 060;Vernepleie;Stavanger;HELSEFAG - VERNEPL;2026;39.3
Førstegangsvitnemålskvote;NTNU;Hovedopptak;194 060;Vernepleie;Trondheim;HELSEFAG - VERNEPL;2026;43.8
Ordinær kvote;NTNU;Hovedopptak;194 060;Vernepleie;Trondheim;HELSEFAG - VERNEPL;2026;48
Førstegangsvitnemålskvote;NTNU;Suppleringsopptak;194 060;Vernepleie;Trondheim;HELSEFAG - VERNEPL;2026;43.2
Ordinær kvote;NTNU;Suppleringsopptak;194 060;Vernepleie;Trondheim;HELSEFAG - VERNEPL;2026;47.8
Førstegangsvitnemålskvote;HVL;Hovedopptak;203 060;Vernepleie, Bergen;Bergen;HELSEFAG - VERNEPL;2026;45
Ordinær kvote;HVL;Hovedopptak;203 060;Vernepleie, Bergen;Bergen;HELSEFAG - VERNEPL;2026;50.4
Førstegangsvitnemålskvote;HVL;Suppleringsopptak;203 060;Vernepleie, Bergen;Bergen;HELSEFAG - VERNEPL;2026;44.8
Ordinær kvote;HVL;Suppleringsopptak;203 060;Vernepleie, Bergen;Bergen;HELSEFAG - VERNEPL;2026;50.3
Førstegangsvitnemålskvote;NORD;Hovedopptak;204 062;Vernepleie, Bodø;Bodø;HELSEFAG - VERNEPL;2026;0
Ordinær kvote;NORD;Hovedopptak;204 062;Vernepleie, Bodø;Bodø;HELSEFAG - VERNEPL;2026;40.7
Førstegangsvitnemålskvote;NORD;Suppleringsopptak;204 062;Vernepleie, Bodø;Bodø;HELSEFAG - VERNEPL;2026;0
Ordinær kvote;NORD;Suppleringsopptak;204 062;Vernepleie, Bodø;Bodø;HELSEFAG - VERNEPL;2026;40.7
Førstegangsvitnemålskvote;HVL;Hovedopptak;203 061;Vernepleie, deltid;Sogndal;HELSEFAG - VERNEPL;2026;0
Ordinær kvote;HVL;Hovedopptak;203 061;Vernepleie, deltid;Sogndal;HELSEFAG - VERNEPL;2026;45.4
Førstegangsvitnemålskvote;HVL;Suppleringsopptak;203 061;Vernepleie, deltid;Sogndal;HELSEFAG - VERNEPL;2026;0
Ordinær kvote;HVL;Suppleringsopptak;203 061;Vernepleie, deltid;Sogndal;HELSEFAG - VERNEPL;2026;44.8
Førstegangsvitnemålskvote;INN;Hovedopptak;209 062;Vernepleie, deltid, Kongsvinger;Kongsvinger;HELSEFAG - VERNEPL;2026;0
Ordinær kvote;INN;Hovedopptak;209 062;Vernepleie, deltid, Kongsvinger;Kongsvinger;HELSEFAG - VERNEPL;2026;45.1
Førstegangsvitnemålskvote;INN;Suppleringsopptak;209 062;Vernepleie, deltid, Kongsvinger;Kongsvinger;HELSEFAG - VERNEPL;2026;0
Ordinær kvote;INN;Suppleringsopptak;209 062;Vernepleie, deltid, Kongsvinger;Kongsvinger;HELSEFAG - VERNEPL;2026;45
Førstegangsvitnemålskvote;INN;Hovedopptak;209 061;Vernepleie, deltid, Lillehammer;Lillehammer;HELSEFAG - VERNEPL;2026;0
Ordinær kvote;INN;Hovedopptak;209 061;Vernepleie, deltid, Lillehammer;Lillehammer;HELSEFAG - VERNEPL;2026;47.1
Førstegangsvitnemålskvote;INN;Suppleringsopptak;209 061;Vernepleie, deltid, Lillehammer;Lillehammer;HELSEFAG - VERNEPL;2026;0
Ordinær kvote;INN;Suppleringsopptak;209 061;Vernepleie, deltid, Lillehammer;Lillehammer;HELSEFAG - VERNEPL;2026;45.8
Førstegangsvitnemålskvote;VID;Hovedopptak;251 063;Vernepleie, deltid, Sandvika;Bærum;HELSEFAG - VERNEPL;2026;0
Ordinær kvote;VID;Hovedopptak;251 063;Vernepleie, deltid, Sandvika;Bærum;HELSEFAG - VERNEPL;2026;51.7
Førstegangsvitnemålskvote;VID;Suppleringsopptak;251 063;Vernepleie, deltid, Sandvika;Bærum;HELSEFAG - VERNEPL;2026;0
Ordinær kvote;VID;Suppleringsopptak;251 063;Vernepleie, deltid, Sandvika;Bærum;HELSEFAG - VERNEPL;2026;49.2
Førstegangsvitnemålskvote;VID;Hovedopptak;251 061;Vernepleie, deltid, Stavanger;Stavanger;HELSEFAG - VERNEPL;2026;0
Ordinær kvote;VID;Hovedopptak;251 061;Vernepleie, deltid, Stavanger;Stavanger;HELSEFAG - VERNEPL;2026;43.8
Førstegangsvitnemålskvote;VID;Suppleringsopptak;251 061;Vernepleie, deltid, Stavanger;Stavanger;HELSEFAG - VERNEPL;2026;0
Ordinær kvote;VID;Suppleringsopptak;251 061;Vernepleie, deltid, Stavanger;Stavanger;HELSEFAG - VERNEPL;2026;43.6
Førstegangsvitnemålskvote;NORD;Hovedopptak;204 060;Vernepleie, Namsos;Namsos;HELSEFAG - VERNEPL;2026;0
Ordinær kvote;NORD;Hovedopptak;204 060;Vernepleie, Namsos;Namsos;HELSEFAG - VERNEPL;2026;35.5
Førstegangsvitnemålskvote;NORD;Suppleringsopptak;204 060;Vernepleie, Namsos;Namsos;HELSEFAG - VERNEPL;2026;0
Ordinær kvote;NORD;Suppleringsopptak;204 060;Vernepleie, Namsos;Namsos;HELSEFAG - VERNEPL;2026;35.5
Førstegangsvitnemålskvote;HVL;Hovedopptak;203 062;Vernepleie, Sogndal;Sogndal;HELSEFAG - VERNEPL;2026;35
Ordinær kvote;HVL;Hovedopptak;203 062;Vernepleie, Sogndal;Sogndal;HELSEFAG - VERNEPL;2026;39.3
Førstegangsvitnemålskvote;HVL;Suppleringsopptak;203 062;Vernepleie, Sogndal;Sogndal;HELSEFAG - VERNEPL;2026;35
Ordinær kvote;HVL;Suppleringsopptak;203 062;Vernepleie, Sogndal;Sogndal;HELSEFAG - VERNEPL;2026;39.3
Førstegangsvitnemålskvote;NMBU;Hovedopptak;192 772;Veterinærmedisin;Ås;HELSEFAG - VETERIN;2026;54
Ordinær kvote;NMBU;Hovedopptak;192 772;Veterinærmedisin;Ås;HELSEFAG - VETERIN;2026;63
Førstegangsvitnemålskvote;NMBU;Suppleringsopptak;192 772;Veterinærmedisin;Ås;HELSEFAG - VETERIN;2026;53.5
Ordinær kvote;NMBU;Suppleringsopptak;192 772;Veterinærmedisin;Ås;HELSEFAG - VETERIN;2026;62.9
Førstegangsvitnemålskvote;USN;Hovedopptak;222 251;Visuell kommunikasjon;Drammen;MEDIEFAG;2026;0
Ordinær kvote;USN;Hovedopptak;222 251;Visuell kommunikasjon;Drammen;MEDIEFAG;2026;42.1
Førstegangsvitnemålskvote;USN;Suppleringsopptak;222 251;Visuell kommunikasjon;Drammen;MEDIEFAG;2026;0
Ordinær kvote;USN;Suppleringsopptak;222 251;Visuell kommunikasjon;Drammen;MEDIEFAG;2026;42.1
Førstegangsvitnemålskvote;UIA;Hovedopptak;201 642;Visuell kunst og formidling, årsstudium;Kristiansand;ESTETISK;2026;0
Ordinær kvote;UIA;Hovedopptak;201 642;Visuell kunst og formidling, årsstudium;Kristiansand;ESTETISK;2026;0
Førstegangsvitnemålskvote;UIA;Suppleringsopptak;201 642;Visuell kunst og formidling, årsstudium;Kristiansand;ESTETISK;2026;0
Ordinær kvote;UIA;Suppleringsopptak;201 642;Visuell kunst og formidling, årsstudium;Kristiansand;ESTETISK;2026;0
Førstegangsvitnemålskvote;UIA;Hovedopptak;201 200;Visuell kunst og formidling, bachelor;Kristiansand;ESTETISK;2026;0
Ordinær kvote;UIA;Hovedopptak;201 200;Visuell kunst og formidling, bachelor;Kristiansand;ESTETISK;2026;0
Førstegangsvitnemålskvote;UIA;Suppleringsopptak;201 200;Visuell kunst og formidling, bachelor;Kristiansand;ESTETISK;2026;0
Ordinær kvote;UIA;Suppleringsopptak;201 200;Visuell kunst og formidling, bachelor;Kristiansand;ESTETISK;2026;0
Ordinær kvote;OSLOMET;Hovedopptak;215 109;Yrkesfaglærer i bygg og anleggsteknikk;Lillestrøm;LÆRER - YFAGLÆRER;2026;0
Ordinær kvote;OSLOMET;Suppleringsopptak;215 109;Yrkesfaglærer i bygg og anleggsteknikk;Lillestrøm;LÆRER - YFAGLÆRER;2026;0
Ordinær kvote;OSLOMET;Hovedopptak;215 953;Yrkesfaglærer i bygg og anleggsteknikk, nettbasert;Lillestrøm;LÆRER - YFAGLÆRER;2026;0
Ordinær kvote;OSLOMET;Suppleringsopptak;215 953;Yrkesfaglærer i bygg og anleggsteknikk, nettbasert;Lillestrøm;LÆRER - YFAGLÆRER;2026;0
Ordinær kvote;OSLOMET;Hovedopptak;215 127;Yrkesfaglærer i elektro og datateknologi;Lillestrøm;LÆRER - YFAGLÆRER;2026;0
Ordinær kvote;OSLOMET;Suppleringsopptak;215 127;Yrkesfaglærer i elektro og datateknologi;Lillestrøm;LÆRER - YFAGLÆRER;2026;0
Ordinær kvote;OSLOMET;Hovedopptak;215 954;Yrkesfaglærer i elektro og datateknologi, nettbasert;Lillestrøm;LÆRER - YFAGLÆRER;2026;0
Ordinær kvote;OSLOMET;Suppleringsopptak;215 954;Yrkesfaglærer i elektro og datateknologi, nettbasert;Lillestrøm;LÆRER - YFAGLÆRER;2026;0
Ordinær kvote;NORD;Hovedopptak;204 127;Yrkesfaglærer i elektro- og datateknologi;Bodø;LÆRER - YFAGLÆRER;2026;0
Ordinær kvote;NORD;Suppleringsopptak;204 127;Yrkesfaglærer i elektro- og datateknologi;Bodø;LÆRER - YFAGLÆRER;2026;0
Ordinær kvote;OSLOMET;Hovedopptak;215 535;Yrkesfaglærer i frisør, blomster, interiør, ekspd.;Lillestrøm;LÆRER - YFAGLÆRER;2026;0
Ordinær kvote;OSLOMET;Suppleringsopptak;215 535;Yrkesfaglærer i frisør, blomster, interiør, ekspd.;Lillestrøm;LÆRER - YFAGLÆRER;2026;0
Ordinær kvote;OSLOMET;Hovedopptak;215 126;Yrkesfaglærer i håndverk, design og prod.utvikling;Lillestrøm;LÆRER - YFAGLÆRER;2026;0
Ordinær kvote;OSLOMET;Suppleringsopptak;215 126;Yrkesfaglærer i håndverk, design og prod.utvikling;Lillestrøm;LÆRER - YFAGLÆRER;2026;0
Ordinær kvote;OSLOMET;Hovedopptak;215 123;Yrkesfaglærer i helse- og oppvekstfag;Lillestrøm;LÆRER - YFAGLÆRER;2026;39.3
Ordinær kvote;OSLOMET;Suppleringsopptak;215 123;Yrkesfaglærer i helse- og oppvekstfag;Lillestrøm;LÆRER - YFAGLÆRER;2026;36
Ordinær kvote;OSLOMET;Hovedopptak;215 533;Yrkesfaglærer i informasjonstekn. og medieprod.;Lillestrøm;LÆRER - YFAGLÆRER;2026;0
Ordinær kvote;OSLOMET;Suppleringsopptak;215 533;Yrkesfaglærer i informasjonstekn. og medieprod.;Lillestrøm;LÆRER - YFAGLÆRER;2026;-1
Ordinær kvote;OSLOMET;Hovedopptak;215 124;Yrkesfaglærer i restaurant- og matfag;Lillestrøm;LÆRER - YFAGLÆRER;2026;0
Ordinær kvote;OSLOMET;Suppleringsopptak;215 124;Yrkesfaglærer i restaurant- og matfag;Lillestrøm;LÆRER - YFAGLÆRER;2026;0
Ordinær kvote;NORD;Hovedopptak;204 105;Yrkesfaglærer i salg, service og reiseliv;Bodø;LÆRER - YFAGLÆRER;2026;0
Ordinær kvote;NORD;Suppleringsopptak;204 105;Yrkesfaglærer i salg, service og reiseliv;Bodø;LÆRER - YFAGLÆRER;2026;0
Ordinær kvote;OSLOMET;Hovedopptak;215 105;Yrkesfaglærer i salg, service og reiseliv;Lillestrøm;LÆRER - YFAGLÆRER;2026;0
Ordinær kvote;OSLOMET;Suppleringsopptak;215 105;Yrkesfaglærer i salg, service og reiseliv;Lillestrøm;LÆRER - YFAGLÆRER;2026;0
Ordinær kvote;OSLOMET;Hovedopptak;215 129;Yrkesfaglærer i teknologi og industrifag;Lillestrøm;LÆRER - YFAGLÆRER;2026;0
Ordinær kvote;OSLOMET;Suppleringsopptak;215 129;Yrkesfaglærer i teknologi og industrifag;Lillestrøm;LÆRER - YFAGLÆRER;2026;0
Ordinær kvote;OSLOMET;Hovedopptak;215 958;Yrkesfaglærer i teknologi og industrifag, nettbasert;Lillestrøm;LÆRER - YFAGLÆRER;2026;0
Ordinær kvote;OSLOMET;Suppleringsopptak;215 958;Yrkesfaglærer i teknologi og industrifag, nettbasert;Lillestrøm;LÆRER - YFAGLÆRER;2026;0
Ordinær kvote;NORD;Hovedopptak;204 129;Yrkesfaglærer i teknologi- og industrifag;Bodø;LÆRER - YFAGLÆRER;2026;0
Ordinær kvote;NORD;Suppleringsopptak;204 129;Yrkesfaglærer i teknologi- og industrifag;Bodø;LÆRER - YFAGLÆRER;2026;0
Ordinær kvote;NORD;Hovedopptak;204 109;Yrkesfaglærer, bygg- og anleggsteknikk;Bodø;LÆRER - YFAGLÆRER;2026;0
Ordinær kvote;NORD;Suppleringsopptak;204 109;Yrkesfaglærer, bygg- og anleggsteknikk;Bodø;LÆRER - YFAGLÆRER;2026;0
Ordinær kvote;NTNU;Hovedopptak;194 109;Yrkesfaglærer, bygg- og anleggsteknikk;Trondheim;LÆRER - YFAGLÆRER;2026;-1
Ordinær kvote;NTNU;Suppleringsopptak;194 109;Yrkesfaglærer, bygg- og anleggsteknikk;Trondheim;LÆRER - YFAGLÆRER;2026;0
Ordinær kvote;NTNU;Hovedopptak;194 127;Yrkesfaglærer, elektro og datateknologi;Trondheim;LÆRER - YFAGLÆRER;2026;-1
Ordinær kvote;NTNU;Suppleringsopptak;194 127;Yrkesfaglærer, elektro og datateknologi;Trondheim;LÆRER - YFAGLÆRER;2026;0
Ordinær kvote;NORD;Hovedopptak;204 123;Yrkesfaglærer, helse- og oppvekstfag;Bodø;LÆRER - YFAGLÆRER;2026;0
Ordinær kvote;NORD;Suppleringsopptak;204 123;Yrkesfaglærer, helse- og oppvekstfag;Bodø;LÆRER - YFAGLÆRER;2026;0
Ordinær kvote;NTNU;Hovedopptak;194 123;Yrkesfaglærer, helse- og oppvekstfag;Trondheim;LÆRER - YFAGLÆRER;2026;0
Ordinær kvote;NTNU;Suppleringsopptak;194 123;Yrkesfaglærer, helse- og oppvekstfag;Trondheim;LÆRER - YFAGLÆRER;2026;0
Ordinær kvote;NORD;Hovedopptak;204 231;Yrkesfaglærer, informasjonsteknologi og medieprod.;Bodø;LÆRER - YFAGLÆRER;2026;0
Ordinær kvote;NORD;Suppleringsopptak;204 231;Yrkesfaglærer, informasjonsteknologi og medieprod.;Bodø;LÆRER - YFAGLÆRER;2026;0
Ordinær kvote;NORD;Hovedopptak;204 581;Yrkesfaglærer, naturbruk;Bodø;LÆRER - YFAGLÆRER;2026;0
Ordinær kvote;NORD;Suppleringsopptak;204 581;Yrkesfaglærer, naturbruk;Bodø;LÆRER - YFAGLÆRER;2026;0
Ordinær kvote;NORD;Hovedopptak;204 124;Yrkesfaglærer, restaurant- og matfag;Bodø;LÆRER - YFAGLÆRER;2026;0
Ordinær kvote;NORD;Suppleringsopptak;204 124;Yrkesfaglærer, restaurant- og matfag;Bodø;LÆRER - YFAGLÆRER;2026;0
Ordinær kvote;NTNU;Hovedopptak;194 124;Yrkesfaglærer, restaurant- og matfag;Trondheim;LÆRER - YFAGLÆRER;2026;0
Ordinær kvote;NTNU;Suppleringsopptak;194 124;Yrkesfaglærer, restaurant- og matfag;Trondheim;LÆRER - YFAGLÆRER;2026;0
Ordinær kvote;NTNU;Hovedopptak;194 129;Yrkesfaglærer, teknologi og industrifag;Trondheim;LÆRER - YFAGLÆRER;2026;0
Ordinær kvote;NTNU;Suppleringsopptak;194 129;Yrkesfaglærer, teknologi og industrifag;Trondheim;LÆRER - YFAGLÆRER;2026;0
